candidate_id	incident_id	document_id	chunk_id	relevance_grade	evidence_role	rationale	annotator_id	annotation_state
2bc10b69744b6e68	inc_440b5aa2334e385c	KBH-D057-a23e26c1b47c	KBH-D057-a23e26c1b47c-C0002					unjudged
96fe14ddd2e316ba	inc_28de536b28e1a888	KBH-D057-cb3046b350d8	KBH-D057-cb3046b350d8-C0001					unjudged
068aa951e6954be1	inc_0f782051d78bc07a	KBH-D057-c118fc413f7c	KBH-D057-c118fc413f7c-C0002					unjudged
7a975ee94f6af76d	inc_25067c4b053b5763	KBH-D057-b33563055168	KBH-D057-b33563055168-C0014					unjudged
baae1f00983cda6f	inc_57f6ede7e94d009b	KBH-D057-cb3046b350d8	KBH-D057-cb3046b350d8-C0004					unjudged
5aab2da3d6ab087c	inc_a5147fba2d0d1f50	KBH-D057-ccf307e9aff7	KBH-D057-ccf307e9aff7-C0002					unjudged
ba0c6979998fa4d1	inc_a5147fba2d0d1f50	KBH-D058-714196198a9c	KBH-D058-714196198a9c-C0006					unjudged
698a7cfcbb8142dd	inc_28c54291b6ec0364	KBH-D057-b33563055168	KBH-D057-b33563055168-C0006					unjudged
59ceec48a099a7f5	inc_08457c0fbff4700e	KBH-D057-ccf307e9aff7	KBH-D057-ccf307e9aff7-C0002					unjudged
c64d4123ff2781eb	inc_a5147fba2d0d1f50	KBH-D057-b33563055168	KBH-D057-b33563055168-C0002					unjudged
91ac1925f3a3308a	inc_15361b2d5df6a488	KBH-D057-ccf307e9aff7	KBH-D057-ccf307e9aff7-C0002					unjudged
4a7a64004d472165	inc_28c54291b6ec0364	KBH-D057-cb3046b350d8	KBH-D057-cb3046b350d8-C0002					unjudged
602be7631c75ec9c	inc_28c54291b6ec0364	KBH-D057-ccf307e9aff7	KBH-D057-ccf307e9aff7-C0002					unjudged
39d49322d7630fbe	inc_1fa5a9117fca9344	KBH-D057-cb3046b350d8	KBH-D057-cb3046b350d8-C0001					unjudged
baef6c1504c7d855	inc_57f6ede7e94d009b	KBH-D057-b33563055168	KBH-D057-b33563055168-C0005					unjudged
ad46c8fb810d393e	inc_447fc19738a290b6	KBH-D057-3265685291bc	KBH-D057-3265685291bc-C0002					unjudged
face79dbeeb54170	inc_08457c0fbff4700e	KBH-D057-b33563055168	KBH-D057-b33563055168-C0005					unjudged
e1297006435b7c4f	inc_2adbb3fd7fbcb7b3	KBH-D057-b33563055168	KBH-D057-b33563055168-C0008					unjudged
ca9a1da4cc22e471	inc_a5147fba2d0d1f50	KBH-D057-b33563055168	KBH-D057-b33563055168-C0005					unjudged
88d63b4c76b0cd1e	inc_28de536b28e1a888	KBH-D057-b33563055168	KBH-D057-b33563055168-C0005					unjudged
3442824750f45070	inc_0f782051d78bc07a	KBH-D057-10119f6772e5	KBH-D057-10119f6772e5-C0002					unjudged
1e247f5ade8f36e8	inc_5aec36653e1ae8e1	KBH-D057-cb3046b350d8	KBH-D057-cb3046b350d8-C0001					unjudged
69d61caaa603f64a	inc_15361b2d5df6a488	KBH-D058-22bb04d72ccf	KBH-D058-22bb04d72ccf-C0009					unjudged
20c7da99abacac97	inc_ddb222a8702276b2	KBH-D057-ccf307e9aff7	KBH-D057-ccf307e9aff7-C0002					unjudged
16a3cdb1b0a08a43	inc_1fa5a9117fca9344	KBH-D057-b33563055168	KBH-D057-b33563055168-C0006					unjudged
5a6640694c208600	inc_28de536b28e1a888	KBH-D059-c0ae2fc5e6c0	KBH-D059-c0ae2fc5e6c0-C0005					unjudged
10377d48666269ad	inc_440b5aa2334e385c	KBH-D057-da18896de895	KBH-D057-da18896de895-C0001					unjudged
c1c88f9c2c49552d	inc_2adbb3fd7fbcb7b3	KBH-D057-c118fc413f7c	KBH-D057-c118fc413f7c-C0002					unjudged
ae3cf3edbfa1c2df	inc_42d05a5a96453d5d	KBH-D057-c118fc413f7c	KBH-D057-c118fc413f7c-C0002					unjudged
f17f0337372dbf64	inc_a9c5f4078ddde5fb	KBH-D058-22bb04d72ccf	KBH-D058-22bb04d72ccf-C0009					unjudged
2bf84798a4e8970c	inc_57f6ede7e94d009b	KBH-D057-b33563055168	KBH-D057-b33563055168-C0004					unjudged
ff3261703ce2fb68	inc_440b5aa2334e385c	KBH-D058-714196198a9c	KBH-D058-714196198a9c-C0006					unjudged
e533680d874483b9	inc_42d05a5a96453d5d	KBH-D058-22bb04d72ccf	KBH-D058-22bb04d72ccf-C0009					unjudged
16f760102040be54	inc_2adbb3fd7fbcb7b3	KBH-D057-b33563055168	KBH-D057-b33563055168-C0005					unjudged
2835ba3a96af1ff7	inc_a5147fba2d0d1f50	KBH-D057-3265685291bc	KBH-D057-3265685291bc-C0002					unjudged
68c6b5476e7eaf55	inc_5aec36653e1ae8e1	KBH-D057-cb3046b350d8	KBH-D057-cb3046b350d8-C0002					unjudged
d4b9820f63c06e70	inc_28c54291b6ec0364	KBH-D057-cb3046b350d8	KBH-D057-cb3046b350d8-C0001					unjudged
ba9ab4949a696256	inc_ddb222a8702276b2	KBH-D057-b33563055168	KBH-D057-b33563055168-C0004					unjudged
f06176e3caa55720	inc_a9c5f4078ddde5fb	KBH-D058-714196198a9c	KBH-D058-714196198a9c-C0006					unjudged
060ab14be9d6662f	inc_0f782051d78bc07a	KBH-D057-b33563055168	KBH-D057-b33563055168-C0002					unjudged
549300bfde5292f9	inc_41b29f4527655ffa	KBH-D057-b33563055168	KBH-D057-b33563055168-C0009					unjudged
1d053682ef743f2a	inc_447fc19738a290b6	KBH-D057-b33563055168	KBH-D057-b33563055168-C0002					unjudged
80b92ad8b871cfc5	inc_1bd0f85d1967890c	KBH-D057-b33563055168	KBH-D057-b33563055168-C0013					unjudged
722c693fe970d639	inc_440b5aa2334e385c	KBH-D057-10119f6772e5	KBH-D057-10119f6772e5-C0002					unjudged
e1321766edfaa9f6	inc_2adbb3fd7fbcb7b3	KBH-D057-cb3046b350d8	KBH-D057-cb3046b350d8-C0002					unjudged
fa9f906b41493fa4	inc_440b5aa2334e385c	KBH-D057-cb3046b350d8	KBH-D057-cb3046b350d8-C0003					unjudged
ae4067fa6f4d5ecd	inc_2adbb3fd7fbcb7b3	KBH-D058-714196198a9c	KBH-D058-714196198a9c-C0006					unjudged
d85151a7486ded1a	inc_42d05a5a96453d5d	KBH-D057-b33563055168	KBH-D057-b33563055168-C0009					unjudged
929cc9c45599ea97	inc_08457c0fbff4700e	KBH-D057-b33563055168	KBH-D057-b33563055168-C0004					unjudged
b3c65a490cfd4abb	inc_28de536b28e1a888	KBH-D057-10119f6772e5	KBH-D057-10119f6772e5-C0002					unjudged
2f43fefc4a30a54c	inc_5aec36653e1ae8e1	KBH-D058-14d8b6f74be5	KBH-D058-14d8b6f74be5-C0003					unjudged
d5713abb184f4ae2	inc_ddb222a8702276b2	KBH-D057-3265685291bc	KBH-D057-3265685291bc-C0002					unjudged
e8fbb2f0dff5e25a	inc_08457c0fbff4700e	KBH-D057-cb3046b350d8	KBH-D057-cb3046b350d8-C0001					unjudged
ff2ad15032342085	inc_1c35829e1a5668b7	KBH-D057-10119f6772e5	KBH-D057-10119f6772e5-C0002					unjudged
960a6d8f7ca97e39	inc_25067c4b053b5763	KBH-D057-b33563055168	KBH-D057-b33563055168-C0004					unjudged
da44a56c426beda2	inc_2adbb3fd7fbcb7b3	KBH-D057-3265685291bc	KBH-D057-3265685291bc-C0002					unjudged
56ee63e11cfe8fa3	inc_1c35829e1a5668b7	KBH-D057-cb3046b350d8	KBH-D057-cb3046b350d8-C0004					unjudged
97b4193b156daa14	inc_42d05a5a96453d5d	KBH-D057-b33563055168	KBH-D057-b33563055168-C0005					unjudged
bd24dd1f39da3518	inc_a5147fba2d0d1f50	KBH-D057-cb3046b350d8	KBH-D057-cb3046b350d8-C0003					unjudged
c342e23ccbdcb6c3	inc_447fc19738a290b6	KBH-D057-b33563055168	KBH-D057-b33563055168-C0006					unjudged
3a0478751d8feb69	inc_a9c5f4078ddde5fb	KBH-D057-b33563055168	KBH-D057-b33563055168-C0005					unjudged
6d4507fa57d75c2d	inc_57f6ede7e94d009b	KBH-D057-ccf307e9aff7	KBH-D057-ccf307e9aff7-C0002					unjudged
493966549f61fece	inc_15361b2d5df6a488	KBH-D057-b33563055168	KBH-D057-b33563055168-C0008					unjudged
d72cea5d656b91fe	inc_2adbb3fd7fbcb7b3	KBH-D057-b33563055168	KBH-D057-b33563055168-C0013					unjudged
acbf96af33d3597d	inc_15361b2d5df6a488	KBH-D058-c2749095504f	KBH-D058-c2749095504f-C0004					unjudged
7cc5990d660945aa	inc_0f782051d78bc07a	KBH-D057-b33563055168	KBH-D057-b33563055168-C0004					unjudged
130806b7b627b7db	inc_440b5aa2334e385c	KBH-D058-714196198a9c	KBH-D058-714196198a9c-C0011					unjudged
1d8b79a5d5196dbb	inc_25067c4b053b5763	KBH-D057-ccf307e9aff7	KBH-D057-ccf307e9aff7-C0002					unjudged
62e02264fbafded0	inc_41b29f4527655ffa	KBH-D057-b33563055168	KBH-D057-b33563055168-C0004					unjudged
9d3070ae1074e272	inc_25067c4b053b5763	KBH-D057-b33563055168	KBH-D057-b33563055168-C0006					unjudged
7395bd6bcd0df0a3	inc_0991de462f9a6c05	KBH-D058-c2749095504f	KBH-D058-c2749095504f-C0004					unjudged
983147ad37ff2325	inc_1c35829e1a5668b7	KBH-D057-cb3046b350d8	KBH-D057-cb3046b350d8-C0002					unjudged
83386def3ac672a0	inc_08457c0fbff4700e	KBH-D058-714196198a9c	KBH-D058-714196198a9c-C0006					unjudged
a8ed455df64377d6	inc_5aec36653e1ae8e1	KBH-D057-b33563055168	KBH-D057-b33563055168-C0004					unjudged
1ec884309e39afa0	inc_08457c0fbff4700e	KBH-D057-10119f6772e5	KBH-D057-10119f6772e5-C0002					unjudged
5ce3e0f84e26a934	inc_2adbb3fd7fbcb7b3	KBH-D057-f4bcce2e6d7e	KBH-D057-f4bcce2e6d7e-C0003					unjudged
1ca1840448e1a3b6	inc_28de536b28e1a888	KBH-D057-b33563055168	KBH-D057-b33563055168-C0006					unjudged
70bc5ec776b9644a	inc_1fa5a9117fca9344	KBH-D057-a23e26c1b47c	KBH-D057-a23e26c1b47c-C0002					unjudged
5366ecef8f015d41	inc_57f6ede7e94d009b	KBH-D057-b33563055168	KBH-D057-b33563055168-C0013					unjudged
a833b1640f16e105	inc_08457c0fbff4700e	KBH-D057-cb3046b350d8	KBH-D057-cb3046b350d8-C0002					unjudged
fc04d601692b96b4	inc_08457c0fbff4700e	KBH-D057-3265685291bc	KBH-D057-3265685291bc-C0002					unjudged
3c922ad377df8f84	inc_15361b2d5df6a488	KBH-D057-b33563055168	KBH-D057-b33563055168-C0004					unjudged
f99cc201bb28e9bd	inc_15361b2d5df6a488	KBH-D057-3265685291bc	KBH-D057-3265685291bc-C0002					unjudged
32f7a2b4d3f394d0	inc_447fc19738a290b6	KBH-D057-b33563055168	KBH-D057-b33563055168-C0005					unjudged
cb1174db3b79356b	inc_1bd0f85d1967890c	KBH-D057-cb3046b350d8	KBH-D057-cb3046b350d8-C0002					unjudged
8e53865ba6d59bd7	inc_28c54291b6ec0364	KBH-D057-c118fc413f7c	KBH-D057-c118fc413f7c-C0002					unjudged
37df1c5cad23a953	inc_25067c4b053b5763	KBH-D057-3265685291bc	KBH-D057-3265685291bc-C0001					unjudged
dbc0b6018c29394f	inc_5aec36653e1ae8e1	KBH-D057-c118fc413f7c	KBH-D057-c118fc413f7c-C0002					unjudged
17efe0bc5d43ee9c	inc_08457c0fbff4700e	KBH-D057-b33563055168	KBH-D057-b33563055168-C0002					unjudged
88790884bba4ae06	inc_0991de462f9a6c05	KBH-D057-c118fc413f7c	KBH-D057-c118fc413f7c-C0002					unjudged
e2f6dfa7f741ca0c	inc_ddb222a8702276b2	KBH-D057-b33563055168	KBH-D057-b33563055168-C0002					unjudged
c3904e199d6fccd2	inc_42d05a5a96453d5d	KBH-D057-ccf307e9aff7	KBH-D057-ccf307e9aff7-C0002					unjudged
35853db83c6f5a58	inc_42d05a5a96453d5d	KBH-D057-cb3046b350d8	KBH-D057-cb3046b350d8-C0004					unjudged
e4ceb994584e200c	inc_28c54291b6ec0364	KBH-D057-3265685291bc	KBH-D057-3265685291bc-C0002					unjudged
b9e9b47a9663844b	inc_ddb222a8702276b2	KBH-D057-cb3046b350d8	KBH-D057-cb3046b350d8-C0004					unjudged
a2b6881e42aa5a90	inc_ddb222a8702276b2	KBH-D057-cb3046b350d8	KBH-D057-cb3046b350d8-C0001					unjudged
4de04c9db1efb5f2	inc_28c54291b6ec0364	KBH-D057-b33563055168	KBH-D057-b33563055168-C0008					unjudged
8226b20bdf1f5f40	inc_57f6ede7e94d009b	KBH-D057-b33563055168	KBH-D057-b33563055168-C0008					unjudged
58eb9091790834ad	inc_a9c5f4078ddde5fb	KBH-D057-b33563055168	KBH-D057-b33563055168-C0004					unjudged
1528e13db6f2e8df	inc_1fa5a9117fca9344	KBH-D057-b33563055168	KBH-D057-b33563055168-C0002					unjudged
a05d68bb27b733bc	inc_1bd0f85d1967890c	KBH-D057-cb3046b350d8	KBH-D057-cb3046b350d8-C0004					unjudged
2111ea50f1491a2d	inc_0f782051d78bc07a	KBH-D057-cb3046b350d8	KBH-D057-cb3046b350d8-C0001					unjudged
29823fa2f59391bf	inc_440b5aa2334e385c	KBH-D057-b33563055168	KBH-D057-b33563055168-C0006					unjudged
6172672186c53cde	inc_28de536b28e1a888	KBH-D057-b33563055168	KBH-D057-b33563055168-C0002					unjudged
8fa55f276c3bcba5	inc_a5147fba2d0d1f50	KBH-D058-22bb04d72ccf	KBH-D058-22bb04d72ccf-C0009					unjudged
b1de200058256385	inc_1bd0f85d1967890c	KBH-D057-3265685291bc	KBH-D057-3265685291bc-C0002					unjudged
a387b09bbd018462	inc_28de536b28e1a888	KBH-D057-cb3046b350d8	KBH-D057-cb3046b350d8-C0004					unjudged
83a7e949d633f1a2	inc_440b5aa2334e385c	KBH-D057-b33563055168	KBH-D057-b33563055168-C0005					unjudged
67556885c8709468	inc_28c54291b6ec0364	KBH-D057-b33563055168	KBH-D057-b33563055168-C0009					unjudged
0abed6e8c9471ec8	inc_15361b2d5df6a488	KBH-D057-cb3046b350d8	KBH-D057-cb3046b350d8-C0001					unjudged
40aad63598e8362e	inc_5aec36653e1ae8e1	KBH-D057-b33563055168	KBH-D057-b33563055168-C0002					unjudged
49cf7c654249617c	inc_25067c4b053b5763	KBH-D057-cb3046b350d8	KBH-D057-cb3046b350d8-C0004					unjudged
fc612abf6c4a4780	inc_a9c5f4078ddde5fb	KBH-D057-f4bcce2e6d7e	KBH-D057-f4bcce2e6d7e-C0001					unjudged
f935afda8fe85804	inc_1c35829e1a5668b7	KBH-D057-ccf307e9aff7	KBH-D057-ccf307e9aff7-C0002					unjudged
c8c1b432fdf2e489	inc_28c54291b6ec0364	KBH-D057-b33563055168	KBH-D057-b33563055168-C0013					unjudged
5d18839e84e1c2bc	inc_08457c0fbff4700e	KBH-D057-b33563055168	KBH-D057-b33563055168-C0008					unjudged
30128e63c87f9ac0	inc_28c54291b6ec0364	KBH-D057-f4bcce2e6d7e	KBH-D057-f4bcce2e6d7e-C0003					unjudged
51423cd46a1139d0	inc_0991de462f9a6c05	KBH-D057-b33563055168	KBH-D057-b33563055168-C0008					unjudged
bafeb230e90eef63	inc_1bd0f85d1967890c	KBH-D057-3265685291bc	KBH-D057-3265685291bc-C0001					unjudged
606f160bff4b8901	inc_1bd0f85d1967890c	KBH-D057-b33563055168	KBH-D057-b33563055168-C0004					unjudged
fd91544ff6657acf	inc_25067c4b053b5763	KBH-D057-c118fc413f7c	KBH-D057-c118fc413f7c-C0002					unjudged
3751154cb458a0fc	inc_08457c0fbff4700e	KBH-D057-cb3046b350d8	KBH-D057-cb3046b350d8-C0004					unjudged
74d60ad2a00eb8a8	inc_5aec36653e1ae8e1	KBH-D057-10119f6772e5	KBH-D057-10119f6772e5-C0005					unjudged
010ec689be2d5b79	inc_1c35829e1a5668b7	KBH-D058-714196198a9c	KBH-D058-714196198a9c-C0011					unjudged
d6c60c09b5acde94	inc_41b29f4527655ffa	KBH-D057-10119f6772e5	KBH-D057-10119f6772e5-C0002					unjudged
2c2d2b22786e7a7a	inc_1c35829e1a5668b7	KBH-D058-714196198a9c	KBH-D058-714196198a9c-C0006					unjudged
8d45b620facb5dce	inc_41b29f4527655ffa	KBH-D057-ccf307e9aff7	KBH-D057-ccf307e9aff7-C0002					unjudged
1325a276b5d2429d	inc_a9c5f4078ddde5fb	KBH-D057-c118fc413f7c	KBH-D057-c118fc413f7c-C0002					unjudged
f78608255a0fc9dc	inc_15361b2d5df6a488	KBH-D057-cb3046b350d8	KBH-D057-cb3046b350d8-C0003					unjudged
5c43c89156e036ad	inc_447fc19738a290b6	KBH-D057-c118fc413f7c	KBH-D057-c118fc413f7c-C0002					unjudged
ad2779627891e7a0	inc_5aec36653e1ae8e1	KBH-D057-f4bcce2e6d7e	KBH-D057-f4bcce2e6d7e-C0002					unjudged
bf8b202b9864322e	inc_0991de462f9a6c05	KBH-D057-f4bcce2e6d7e	KBH-D057-f4bcce2e6d7e-C0003					unjudged
cef5080fb2857909	inc_a9c5f4078ddde5fb	KBH-D057-cb3046b350d8	KBH-D057-cb3046b350d8-C0003					unjudged
f352dd54d7e06600	inc_28de536b28e1a888	KBH-D057-a23e26c1b47c	KBH-D057-a23e26c1b47c-C0002					unjudged
ab7a92650aaa3d0a	inc_15361b2d5df6a488	KBH-D057-cb3046b350d8	KBH-D057-cb3046b350d8-C0004					unjudged
71867565c7c2d457	inc_440b5aa2334e385c	KBH-D057-cb3046b350d8	KBH-D057-cb3046b350d8-C0001					unjudged
11521537ad5c902d	inc_0f782051d78bc07a	KBH-D057-86278876e6bf	KBH-D057-86278876e6bf-C0010					unjudged
fc52d2f743c4301f	inc_1fa5a9117fca9344	KBH-D058-94f18a70ecb0	KBH-D058-94f18a70ecb0-C0008					unjudged
6799b9f0793a51ab	inc_a5147fba2d0d1f50	KBH-D057-c118fc413f7c	KBH-D057-c118fc413f7c-C0002					unjudged
401fe865f9fb687e	inc_28de536b28e1a888	KBH-D057-da18896de895	KBH-D057-da18896de895-C0001					unjudged
1c3f4b3171993eba	inc_57f6ede7e94d009b	KBH-D057-3265685291bc	KBH-D057-3265685291bc-C0002					unjudged
55af1ecf3dffb1b2	inc_ddb222a8702276b2	KBH-D057-f4bcce2e6d7e	KBH-D057-f4bcce2e6d7e-C0003					unjudged
1c032825166daa71	inc_2adbb3fd7fbcb7b3	KBH-D057-cb3046b350d8	KBH-D057-cb3046b350d8-C0003					unjudged
080e41d5ca3582fb	inc_440b5aa2334e385c	KBH-D057-b33563055168	KBH-D057-b33563055168-C0008					unjudged
aa119e320b5429c0	inc_57f6ede7e94d009b	KBH-D057-b33563055168	KBH-D057-b33563055168-C0006					unjudged
94df6711e7a50402	inc_2adbb3fd7fbcb7b3	KBH-D057-3265685291bc	KBH-D057-3265685291bc-C0001					unjudged
01c8e6cdfb5943c2	inc_0f782051d78bc07a	KBH-D057-b33563055168	KBH-D057-b33563055168-C0005					unjudged
8816cedc17a09199	inc_08457c0fbff4700e	KBH-D057-c118fc413f7c	KBH-D057-c118fc413f7c-C0002					unjudged
d9b4afc5ab39b256	inc_1c35829e1a5668b7	KBH-D057-cb3046b350d8	KBH-D057-cb3046b350d8-C0001					unjudged
34f4ba96c2f02a0b	inc_0f782051d78bc07a	KBH-D058-6346769f861a	KBH-D058-6346769f861a-C0012					unjudged
4fb67d54b1897e4c	inc_08457c0fbff4700e	KBH-D057-b33563055168	KBH-D057-b33563055168-C0013					unjudged
d0b72bb523a30ed9	inc_25067c4b053b5763	KBH-D057-3265685291bc	KBH-D057-3265685291bc-C0002					unjudged
1fe5b82236254b3d	inc_440b5aa2334e385c	KBH-D057-cb3046b350d8	KBH-D057-cb3046b350d8-C0002					unjudged
84f97d8b9a8a1ffa	inc_28de536b28e1a888	KBH-D057-b33563055168	KBH-D057-b33563055168-C0013					unjudged
e1d492eaea78b998	inc_440b5aa2334e385c	KBH-D057-b33563055168	KBH-D057-b33563055168-C0002					unjudged
161ef1bda889a5b6	inc_447fc19738a290b6	KBH-D057-b33563055168	KBH-D057-b33563055168-C0004					unjudged
28b37a0592b05908	inc_28c54291b6ec0364	KBH-D058-22bb04d72ccf	KBH-D058-22bb04d72ccf-C0009					unjudged
0f9d93892024df63	inc_5aec36653e1ae8e1	KBH-D057-b33563055168	KBH-D057-b33563055168-C0005					unjudged
723bb627e2c22190	inc_1bd0f85d1967890c	KBH-D057-b33563055168	KBH-D057-b33563055168-C0008					unjudged
422236b306172b63	inc_57f6ede7e94d009b	KBH-D058-c2749095504f	KBH-D058-c2749095504f-C0004					unjudged
b989b8a96c710b40	inc_57f6ede7e94d009b	KBH-D058-22bb04d72ccf	KBH-D058-22bb04d72ccf-C0009					unjudged
e098dd55f052fbb5	inc_0f782051d78bc07a	KBH-D057-ccf307e9aff7	KBH-D057-ccf307e9aff7-C0002					unjudged
1fcc7d9a5bc74412	inc_42d05a5a96453d5d	KBH-D057-3265685291bc	KBH-D057-3265685291bc-C0001					unjudged
0f705fc1c18dadd8	inc_5aec36653e1ae8e1	KBH-D057-da18896de895	KBH-D057-da18896de895-C0001					unjudged
02cb44f71bab8f77	inc_28de536b28e1a888	KBH-D058-94f18a70ecb0	KBH-D058-94f18a70ecb0-C0008					unjudged
92f264af4e81fd26	inc_28de536b28e1a888	KBH-D057-b33563055168	KBH-D057-b33563055168-C0001					unjudged
f3084cce36717040	inc_1bd0f85d1967890c	KBH-D057-b33563055168	KBH-D057-b33563055168-C0005					unjudged
6fde84fcbdbed3ec	inc_2adbb3fd7fbcb7b3	KBH-D057-b33563055168	KBH-D057-b33563055168-C0002					unjudged
65583e6e9087c4bd	inc_28c54291b6ec0364	KBH-D057-cb3046b350d8	KBH-D057-cb3046b350d8-C0003					unjudged
a0abaa208ebb9817	inc_28c54291b6ec0364	KBH-D057-cb3046b350d8	KBH-D057-cb3046b350d8-C0004					unjudged
d2cc684cb1bc04c4	inc_447fc19738a290b6	KBH-D057-b33563055168	KBH-D057-b33563055168-C0013					unjudged
53d0e02c83571b00	inc_42d05a5a96453d5d	KBH-D057-b33563055168	KBH-D057-b33563055168-C0013					unjudged
6f95b8def97485f4	inc_447fc19738a290b6	KBH-D057-10119f6772e5	KBH-D057-10119f6772e5-C0002					unjudged
afe35c7fc4c87bca	inc_a5147fba2d0d1f50	KBH-D057-3265685291bc	KBH-D057-3265685291bc-C0001					unjudged
cd14a0a6eb66b469	inc_447fc19738a290b6	KBH-D058-714196198a9c	KBH-D058-714196198a9c-C0006					unjudged
ae4864ec0af0d13f	inc_25067c4b053b5763	KBH-D057-b33563055168	KBH-D057-b33563055168-C0008					unjudged
9962aa391ca5a651	inc_57f6ede7e94d009b	KBH-D057-cb3046b350d8	KBH-D057-cb3046b350d8-C0002					unjudged
cd90a55835d7b86e	inc_0f782051d78bc07a	KBH-D057-cb3046b350d8	KBH-D057-cb3046b350d8-C0004					unjudged
0397309a08aa7548	inc_0991de462f9a6c05	KBH-D057-b33563055168	KBH-D057-b33563055168-C0004					unjudged
747c29e1fa78752e	inc_1bd0f85d1967890c	KBH-D057-b33563055168	KBH-D057-b33563055168-C0006					unjudged
b6b10a5497f8eed5	inc_28de536b28e1a888	KBH-D057-ccf307e9aff7	KBH-D057-ccf307e9aff7-C0002					unjudged
9578c76af76da87b	inc_ddb222a8702276b2	KBH-D057-cb3046b350d8	KBH-D057-cb3046b350d8-C0002					unjudged
321a26ca1d3e1cb2	inc_41b29f4527655ffa	KBH-D057-b33563055168	KBH-D057-b33563055168-C0005					unjudged
eeb606b63ad66d95	inc_28de536b28e1a888	KBH-D057-cb3046b350d8	KBH-D057-cb3046b350d8-C0003					unjudged
a3c45526b36ec41c	inc_447fc19738a290b6	KBH-D057-f4bcce2e6d7e	KBH-D057-f4bcce2e6d7e-C0001					unjudged
23ab6ad9d07e3473	inc_42d05a5a96453d5d	KBH-D057-cb3046b350d8	KBH-D057-cb3046b350d8-C0002					unjudged
2099204044f9d9d5	inc_2adbb3fd7fbcb7b3	KBH-D057-b33563055168	KBH-D057-b33563055168-C0004					unjudged
79157816c4a771c1	inc_a5147fba2d0d1f50	KBH-D058-c2749095504f	KBH-D058-c2749095504f-C0004					unjudged
efd9120e7d4b7b98	inc_1c35829e1a5668b7	KBH-D057-b33563055168	KBH-D057-b33563055168-C0010					unjudged
0839212ca537f6f9	inc_28c54291b6ec0364	KBH-D058-c2749095504f	KBH-D058-c2749095504f-C0004					unjudged
93fc0e49148727de	inc_15361b2d5df6a488	KBH-D057-c118fc413f7c	KBH-D057-c118fc413f7c-C0002					unjudged
96bcc2bdcef3c0ac	inc_ddb222a8702276b2	KBH-D058-714196198a9c	KBH-D058-714196198a9c-C0006					unjudged
c07890188c65aeef	inc_25067c4b053b5763	KBH-D057-f4bcce2e6d7e	KBH-D057-f4bcce2e6d7e-C0003					unjudged
2b1ad3187118f29a	inc_440b5aa2334e385c	KBH-D057-b33563055168	KBH-D057-b33563055168-C0013					unjudged
e0aa9b744e42c148	inc_a5147fba2d0d1f50	KBH-D057-b33563055168	KBH-D057-b33563055168-C0004					unjudged
1a09ff4bac236b12	inc_0f782051d78bc07a	KBH-D057-cb3046b350d8	KBH-D057-cb3046b350d8-C0002					unjudged
9c42dd24dead6f19	inc_0991de462f9a6c05	KBH-D057-3265685291bc	KBH-D057-3265685291bc-C0001					unjudged
161f0dd9172222bb	inc_1fa5a9117fca9344	KBH-D057-b33563055168	KBH-D057-b33563055168-C0013					unjudged
ff94094c17e4cc04	inc_42d05a5a96453d5d	KBH-D057-cb3046b350d8	KBH-D057-cb3046b350d8-C0001					unjudged
03d0d72300f5c71b	inc_57f6ede7e94d009b	KBH-D057-10119f6772e5	KBH-D057-10119f6772e5-C0002					unjudged
c28bdb5e22c2cf9a	inc_15361b2d5df6a488	KBH-D058-714196198a9c	KBH-D058-714196198a9c-C0006					unjudged
bedb9f1bbe6f7c09	inc_ddb222a8702276b2	KBH-D057-cb3046b350d8	KBH-D057-cb3046b350d8-C0003					unjudged
2677323672b394f4	inc_a9c5f4078ddde5fb	KBH-D057-cb3046b350d8	KBH-D057-cb3046b350d8-C0002					unjudged
eb7b030a7d51d2a4	inc_25067c4b053b5763	KBH-D057-cb3046b350d8	KBH-D057-cb3046b350d8-C0002					unjudged
55b3a34069a27efb	inc_25067c4b053b5763	KBH-D058-22bb04d72ccf	KBH-D058-22bb04d72ccf-C0009					unjudged
606f8063941561cc	inc_41b29f4527655ffa	KBH-D057-cb3046b350d8	KBH-D057-cb3046b350d8-C0003					unjudged
7678990595e6b35c	inc_1fa5a9117fca9344	KBH-D057-b33563055168	KBH-D057-b33563055168-C0001					unjudged
c7377efda3bf9152	inc_57f6ede7e94d009b	KBH-D057-c118fc413f7c	KBH-D057-c118fc413f7c-C0002					unjudged
859b611967519c50	inc_28c54291b6ec0364	KBH-D057-b33563055168	KBH-D057-b33563055168-C0005					unjudged
5c3341726df84e7f	inc_5aec36653e1ae8e1	KBH-D057-b33563055168	KBH-D057-b33563055168-C0010					unjudged
49fba9bbae8624ec	inc_41b29f4527655ffa	KBH-D057-b33563055168	KBH-D057-b33563055168-C0002					unjudged
084f1251ffc6ea1d	inc_15361b2d5df6a488	KBH-D057-b33563055168	KBH-D057-b33563055168-C0013					unjudged
2fa0f8fb964fc204	inc_41b29f4527655ffa	KBH-D057-b33563055168	KBH-D057-b33563055168-C0013					unjudged
a924919ffeb65235	inc_25067c4b053b5763	KBH-D057-b33563055168	KBH-D057-b33563055168-C0002					unjudged
55be3774df776c14	inc_440b5aa2334e385c	KBH-D057-cb3046b350d8	KBH-D057-cb3046b350d8-C0004					unjudged
06c87a7e6c09a4da	inc_42d05a5a96453d5d	KBH-D057-b33563055168	KBH-D057-b33563055168-C0006					unjudged
a9d17e7c798e1421	inc_0f782051d78bc07a	KBH-D057-cb3046b350d8	KBH-D057-cb3046b350d8-C0003					unjudged
0d55eeecc48c30a8	inc_2adbb3fd7fbcb7b3	KBH-D058-22bb04d72ccf	KBH-D058-22bb04d72ccf-C0009					unjudged
e0203b758ecb2c5d	inc_25067c4b053b5763	KBH-D058-c2749095504f	KBH-D058-c2749095504f-C0004					unjudged
d0fc3495c0af226c	inc_57f6ede7e94d009b	KBH-D057-f4bcce2e6d7e	KBH-D057-f4bcce2e6d7e-C0001					unjudged
8e32bd19847699c7	inc_ddb222a8702276b2	KBH-D057-10119f6772e5	KBH-D057-10119f6772e5-C0002					unjudged
b335e635ef3fe2de	inc_1fa5a9117fca9344	KBH-D057-cb3046b350d8	KBH-D057-cb3046b350d8-C0003					unjudged
57d9d5de21b3276d	inc_1fa5a9117fca9344	KBH-D057-b33563055168	KBH-D057-b33563055168-C0005					unjudged
645205930b1780d4	inc_0f782051d78bc07a	KBH-D057-f4bcce2e6d7e	KBH-D057-f4bcce2e6d7e-C0001					unjudged
abab7f097b295127	inc_28c54291b6ec0364	KBH-D058-714196198a9c	KBH-D058-714196198a9c-C0006					unjudged
ff4c2b498fa86847	inc_57f6ede7e94d009b	KBH-D057-cb3046b350d8	KBH-D057-cb3046b350d8-C0003					unjudged
f7d497c67297d14d	inc_0991de462f9a6c05	KBH-D058-714196198a9c	KBH-D058-714196198a9c-C0006					unjudged
d400aed8bde7896a	inc_5aec36653e1ae8e1	KBH-D058-714196198a9c	KBH-D058-714196198a9c-C0011					unjudged
60b16111cdacb458	inc_1fa5a9117fca9344	KBH-D057-cb3046b350d8	KBH-D057-cb3046b350d8-C0004					unjudged
de1374662c9a4475	inc_57f6ede7e94d009b	KBH-D057-cb3046b350d8	KBH-D057-cb3046b350d8-C0001					unjudged
cb396e1022a1e4df	inc_0991de462f9a6c05	KBH-D057-cb3046b350d8	KBH-D057-cb3046b350d8-C0001					unjudged
d82c5d386114d48a	inc_28c54291b6ec0364	KBH-D057-b33563055168	KBH-D057-b33563055168-C0002					unjudged
cebb763d0dec5bd7	inc_28de536b28e1a888	KBH-D057-cb3046b350d8	KBH-D057-cb3046b350d8-C0002					unjudged
0cb2bb31afc6bfbf	inc_447fc19738a290b6	KBH-D057-cb3046b350d8	KBH-D057-cb3046b350d8-C0002					unjudged
c24b4e9038a4abd0	inc_28de536b28e1a888	KBH-D057-b33563055168	KBH-D057-b33563055168-C0008					unjudged
41807fc37cb40d4c	inc_08457c0fbff4700e	KBH-D057-b33563055168	KBH-D057-b33563055168-C0006					unjudged
c7b8cef6cb4e52a8	inc_0991de462f9a6c05	KBH-D057-cb3046b350d8	KBH-D057-cb3046b350d8-C0002					unjudged
614ad948dec48a73	inc_a5147fba2d0d1f50	KBH-D057-b33563055168	KBH-D057-b33563055168-C0008					unjudged
12071cb0f6876e26	inc_41b29f4527655ffa	KBH-D057-3265685291bc	KBH-D057-3265685291bc-C0001					unjudged
611a827ff800e9bf	inc_15361b2d5df6a488	KBH-D057-b33563055168	KBH-D057-b33563055168-C0009					unjudged
c2c9bfe9a0917870	inc_5aec36653e1ae8e1	KBH-D057-10119f6772e5	KBH-D057-10119f6772e5-C0001					unjudged
7cd23df9911d7e24	inc_1fa5a9117fca9344	KBH-D057-b33563055168	KBH-D057-b33563055168-C0008					unjudged
5889869145758a6a	inc_5aec36653e1ae8e1	KBH-D057-f4bcce2e6d7e	KBH-D057-f4bcce2e6d7e-C0003					unjudged
37120b11d13367e6	inc_440b5aa2334e385c	KBH-D057-c118fc413f7c	KBH-D057-c118fc413f7c-C0002					unjudged
39e7051328d1bcaf	inc_5aec36653e1ae8e1	KBH-D057-cb3046b350d8	KBH-D057-cb3046b350d8-C0004					unjudged
c7c2cf8a6b8013a1	inc_440b5aa2334e385c	KBH-D059-c0ae2fc5e6c0	KBH-D059-c0ae2fc5e6c0-C0005					unjudged
b174af6d76815c11	inc_15361b2d5df6a488	KBH-D057-b33563055168	KBH-D057-b33563055168-C0005					unjudged
508d5d13ab60379e	inc_1bd0f85d1967890c	KBH-D058-714196198a9c	KBH-D058-714196198a9c-C0006					unjudged
46a36bcc9f449917	inc_447fc19738a290b6	KBH-D057-ccf307e9aff7	KBH-D057-ccf307e9aff7-C0002					unjudged
fd90a83dd412b990	inc_5aec36653e1ae8e1	KBH-D057-10119f6772e5	KBH-D057-10119f6772e5-C0004					unjudged
278af580899929e9	inc_15361b2d5df6a488	KBH-D057-10119f6772e5	KBH-D057-10119f6772e5-C0002					unjudged
da12b2256f8f61b5	inc_25067c4b053b5763	KBH-D057-b33563055168	KBH-D057-b33563055168-C0013					unjudged
da66158a2d6ff028	inc_1bd0f85d1967890c	KBH-D057-f4bcce2e6d7e	KBH-D057-f4bcce2e6d7e-C0001					unjudged
d0571adb03d1059b	inc_15361b2d5df6a488	KBH-D057-3265685291bc	KBH-D057-3265685291bc-C0001					unjudged
4a6f063760596e57	inc_41b29f4527655ffa	KBH-D057-b33563055168	KBH-D057-b33563055168-C0006					unjudged
363f01853924929e	inc_0f782051d78bc07a	KBH-D057-ccf307e9aff7	KBH-D057-ccf307e9aff7-C0001					unjudged
61c64e7864668b45	inc_25067c4b053b5763	KBH-D057-cb3046b350d8	KBH-D057-cb3046b350d8-C0003					unjudged
818337ff5ea105a6	inc_a5147fba2d0d1f50	KBH-D057-cb3046b350d8	KBH-D057-cb3046b350d8-C0004					unjudged
9fb225fa6dbc883a	inc_2adbb3fd7fbcb7b3	KBH-D057-1abc0a247aed	KBH-D057-1abc0a247aed-C0010					unjudged
a99ca531000c40ff	inc_1fa5a9117fca9344	KBH-D058-714196198a9c	KBH-D058-714196198a9c-C0006					unjudged
943e44ffb0fc8a9d	inc_5aec36653e1ae8e1	KBH-D057-b33563055168	KBH-D057-b33563055168-C0013					unjudged
7464513c3f5dadfb	inc_1c35829e1a5668b7	KBH-D057-da18896de895	KBH-D057-da18896de895-C0001					unjudged
0de8e314b1947c69	inc_2adbb3fd7fbcb7b3	KBH-D057-cb3046b350d8	KBH-D057-cb3046b350d8-C0001					unjudged
b9865e0c64ba2f68	inc_a5147fba2d0d1f50	KBH-D057-cb3046b350d8	KBH-D057-cb3046b350d8-C0002					unjudged
4588209b11d6dc18	inc_28de536b28e1a888	KBH-D058-c2749095504f	KBH-D058-c2749095504f-C0004					unjudged
6b83bb2f8bd87ffa	inc_25067c4b053b5763	KBH-D057-f4bcce2e6d7e	KBH-D057-f4bcce2e6d7e-C0001					unjudged
a14c19237e7d0d27	inc_41b29f4527655ffa	KBH-D057-cb3046b350d8	KBH-D057-cb3046b350d8-C0002					unjudged
f9cba0d984116736	inc_1c35829e1a5668b7	KBH-D057-cb3046b350d8	KBH-D057-cb3046b350d8-C0003					unjudged
95a24d3876b09e8f	inc_447fc19738a290b6	KBH-D057-cb3046b350d8	KBH-D057-cb3046b350d8-C0004					unjudged
c2da2bea95e961a8	inc_15361b2d5df6a488	KBH-D057-f4bcce2e6d7e	KBH-D057-f4bcce2e6d7e-C0003					unjudged
8638fadfd12f41d0	inc_a9c5f4078ddde5fb	KBH-D057-cb3046b350d8	KBH-D057-cb3046b350d8-C0001					unjudged
f44118d3760cb25f	inc_0991de462f9a6c05	KBH-D057-b33563055168	KBH-D057-b33563055168-C0002					unjudged
34cef66ea2bc9a84	inc_447fc19738a290b6	KBH-D057-3265685291bc	KBH-D057-3265685291bc-C0001					unjudged
10724d2c6c6e9699	inc_15361b2d5df6a488	KBH-D057-cb3046b350d8	KBH-D057-cb3046b350d8-C0002					unjudged
df6ebdbb36ca87b7	inc_1bd0f85d1967890c	KBH-D057-b33563055168	KBH-D057-b33563055168-C0002					unjudged
6bda27b142026627	inc_0991de462f9a6c05	KBH-D057-b33563055168	KBH-D057-b33563055168-C0009					unjudged
e6cf3b2cbd8d97bd	inc_447fc19738a290b6	KBH-D057-cb3046b350d8	KBH-D057-cb3046b350d8-C0001					unjudged
e8cc8233662c20a6	inc_42d05a5a96453d5d	KBH-D057-b33563055168	KBH-D057-b33563055168-C0004					unjudged
1b2c932a74fff690	inc_41b29f4527655ffa	KBH-D057-c118fc413f7c	KBH-D057-c118fc413f7c-C0002					unjudged
732151531a783436	inc_ddb222a8702276b2	KBH-D057-b33563055168	KBH-D057-b33563055168-C0006					unjudged
f3b42002f1ab367d	inc_41b29f4527655ffa	KBH-D057-cb3046b350d8	KBH-D057-cb3046b350d8-C0001					unjudged
d0f1b7f1410dd87e	inc_0991de462f9a6c05	KBH-D058-22bb04d72ccf	KBH-D058-22bb04d72ccf-C0009					unjudged
fa4432cf280b1172	inc_ddb222a8702276b2	KBH-D057-b33563055168	KBH-D057-b33563055168-C0005					unjudged
eab55fbe03cad911	inc_447fc19738a290b6	KBH-D058-c2749095504f	KBH-D058-c2749095504f-C0004					unjudged
8067739e2737f972	inc_440b5aa2334e385c	KBH-D057-ccf307e9aff7	KBH-D057-ccf307e9aff7-C0002					unjudged
54f6db3137b1f3e2	inc_0991de462f9a6c05	KBH-D057-10119f6772e5	KBH-D057-10119f6772e5-C0002					unjudged
0c1e75ffc3b7cb3b	inc_1bd0f85d1967890c	KBH-D057-cb3046b350d8	KBH-D057-cb3046b350d8-C0001					unjudged
63097d015bd16c7d	inc_a5147fba2d0d1f50	KBH-D057-b33563055168	KBH-D057-b33563055168-C0006					unjudged
da383a8fb5c30174	inc_28c54291b6ec0364	KBH-D057-3265685291bc	KBH-D057-3265685291bc-C0001					unjudged
8852ae784ae61ecf	inc_a9c5f4078ddde5fb	KBH-D058-c2749095504f	KBH-D058-c2749095504f-C0004					unjudged
f8feb4fb85e445e8	inc_1c35829e1a5668b7	KBH-D057-3265685291bc	KBH-D057-3265685291bc-C0001					unjudged
ad4c559685e90478	inc_41b29f4527655ffa	KBH-D058-22bb04d72ccf	KBH-D058-22bb04d72ccf-C0009					unjudged
eee44ee35e05e0bb	inc_41b29f4527655ffa	KBH-D058-714196198a9c	KBH-D058-714196198a9c-C0006					unjudged
4eefdda8ebf80da6	inc_15361b2d5df6a488	KBH-D057-b33563055168	KBH-D057-b33563055168-C0002					unjudged
0e222806327ea8c1	inc_42d05a5a96453d5d	KBH-D057-b33563055168	KBH-D057-b33563055168-C0002					unjudged
bb7b524a7a9ce083	inc_0991de462f9a6c05	KBH-D057-ccf307e9aff7	KBH-D057-ccf307e9aff7-C0002					unjudged
1a8aaabbb0258636	inc_447fc19738a290b6	KBH-D057-f4bcce2e6d7e	KBH-D057-f4bcce2e6d7e-C0003					unjudged
48b968c15f0247ef	inc_28c54291b6ec0364	KBH-D057-10119f6772e5	KBH-D057-10119f6772e5-C0002					unjudged
709b872d86b3739f	inc_1c35829e1a5668b7	KBH-D057-a23e26c1b47c	KBH-D057-a23e26c1b47c-C0002					unjudged
683d048d4a73d59e	inc_57f6ede7e94d009b	KBH-D058-714196198a9c	KBH-D058-714196198a9c-C0006					unjudged
441b6071a230a4de	inc_1c35829e1a5668b7	KBH-D057-c118fc413f7c	KBH-D057-c118fc413f7c-C0002					unjudged
2a89b5a86349cd50	inc_2adbb3fd7fbcb7b3	KBH-D057-b33563055168	KBH-D057-b33563055168-C0006					unjudged
6abc6aecfe0d028d	inc_1fa5a9117fca9344	KBH-D058-714196198a9c	KBH-D058-714196198a9c-C0011					unjudged
50032653653e43f1	inc_440b5aa2334e385c	KBH-D057-b33563055168	KBH-D057-b33563055168-C0010					unjudged
48f85354c52ff184	inc_440b5aa2334e385c	KBH-D057-b33563055168	KBH-D057-b33563055168-C0001					unjudged
f215ccb01969a488	inc_447fc19738a290b6	KBH-D057-b33563055168	KBH-D057-b33563055168-C0008					unjudged
4195fecd8720b041	inc_41b29f4527655ffa	KBH-D057-f4bcce2e6d7e	KBH-D057-f4bcce2e6d7e-C0003					unjudged
c47aff706e2d3a4a	inc_1bd0f85d1967890c	KBH-D057-f4bcce2e6d7e	KBH-D057-f4bcce2e6d7e-C0003					unjudged
b3f50194b0f76a76	inc_a5147fba2d0d1f50	KBH-D057-10119f6772e5	KBH-D057-10119f6772e5-C0002					unjudged
43d47f706d0037ae	inc_42d05a5a96453d5d	KBH-D057-b33563055168	KBH-D057-b33563055168-C0008					unjudged
072244575bef496e	inc_a5147fba2d0d1f50	KBH-D057-f4bcce2e6d7e	KBH-D057-f4bcce2e6d7e-C0003					unjudged
9f897440bf2bfd6f	inc_08457c0fbff4700e	KBH-D057-f4bcce2e6d7e	KBH-D057-f4bcce2e6d7e-C0003					unjudged
16761794f9d34e8b	inc_1c35829e1a5668b7	KBH-D057-b33563055168	KBH-D057-b33563055168-C0002					unjudged
a762c9211f401e99	inc_08457c0fbff4700e	KBH-D058-22bb04d72ccf	KBH-D058-22bb04d72ccf-C0009					unjudged
46acd0dd64139a3d	inc_a9c5f4078ddde5fb	KBH-D057-b33563055168	KBH-D057-b33563055168-C0008					unjudged
b398cb815c489826	inc_25067c4b053b5763	KBH-D057-10119f6772e5	KBH-D057-10119f6772e5-C0002					unjudged
3499472d26ced357	inc_08457c0fbff4700e	KBH-D057-3265685291bc	KBH-D057-3265685291bc-C0001					unjudged
faf70ad1a474a8e0	inc_1bd0f85d1967890c	KBH-D057-10119f6772e5	KBH-D057-10119f6772e5-C0002					unjudged
e0de125538ec46a9	inc_a9c5f4078ddde5fb	KBH-D057-10119f6772e5	KBH-D057-10119f6772e5-C0002					unjudged
11f401488f86f69f	inc_ddb222a8702276b2	KBH-D058-22bb04d72ccf	KBH-D058-22bb04d72ccf-C0009					unjudged
0d0daf5586ed2c0d	inc_1c35829e1a5668b7	KBH-D057-b33563055168	KBH-D057-b33563055168-C0006					unjudged
8ec1b20b13e5bcf0	inc_28de536b28e1a888	KBH-D058-714196198a9c	KBH-D058-714196198a9c-C0006					unjudged
a41a93c77719c52e	inc_a9c5f4078ddde5fb	KBH-D057-f4bcce2e6d7e	KBH-D057-f4bcce2e6d7e-C0003					unjudged
77cc91c7e0b4862d	inc_1bd0f85d1967890c	KBH-D057-c118fc413f7c	KBH-D057-c118fc413f7c-C0002					unjudged
48e9ba36ac282bbf	inc_1c35829e1a5668b7	KBH-D057-b33563055168	KBH-D057-b33563055168-C0008					unjudged
c0facf762d707b65	inc_2adbb3fd7fbcb7b3	KBH-D057-ccf307e9aff7	KBH-D057-ccf307e9aff7-C0002					unjudged
9ace1e08c93407cf	inc_1fa5a9117fca9344	KBH-D057-ccf307e9aff7	KBH-D057-ccf307e9aff7-C0002					unjudged
ba958870aa0f0a19	inc_ddb222a8702276b2	KBH-D057-c118fc413f7c	KBH-D057-c118fc413f7c-C0002					unjudged
be7b82a25c8d58ab	inc_42d05a5a96453d5d	KBH-D057-f4bcce2e6d7e	KBH-D057-f4bcce2e6d7e-C0003					unjudged
c0a86e6eace6a0c8	inc_41b29f4527655ffa	KBH-D057-cb3046b350d8	KBH-D057-cb3046b350d8-C0004					unjudged
df830238a78d8e4e	inc_a9c5f4078ddde5fb	KBH-D057-3265685291bc	KBH-D057-3265685291bc-C0001					unjudged
a1db315c912097d4	inc_a9c5f4078ddde5fb	KBH-D057-b33563055168	KBH-D057-b33563055168-C0002					unjudged
bc8e48f7a134d6c8	inc_1bd0f85d1967890c	KBH-D058-c2749095504f	KBH-D058-c2749095504f-C0004					unjudged
52a7da0cfe490d77	inc_1c35829e1a5668b7	KBH-D057-b33563055168	KBH-D057-b33563055168-C0001					unjudged
b8aa6f2be211df93	inc_0991de462f9a6c05	KBH-D057-b33563055168	KBH-D057-b33563055168-C0005					unjudged
6c640c8318b35304	inc_41b29f4527655ffa	KBH-D058-c2749095504f	KBH-D058-c2749095504f-C0004					unjudged
8c813d9b68e1b34c	inc_08457c0fbff4700e	KBH-D057-cb3046b350d8	KBH-D057-cb3046b350d8-C0003					unjudged
aa2b80f05587fb85	inc_57f6ede7e94d009b	KBH-D057-b33563055168	KBH-D057-b33563055168-C0002					unjudged
2618bb138c373e83	inc_0991de462f9a6c05	KBH-D057-b33563055168	KBH-D057-b33563055168-C0006					unjudged
e1b173bd2dffe952	inc_28de536b28e1a888	KBH-D058-714196198a9c	KBH-D058-714196198a9c-C0011					unjudged
4aae9dfa9847d591	inc_1bd0f85d1967890c	KBH-D057-cb3046b350d8	KBH-D057-cb3046b350d8-C0003					unjudged
17431197114024a2	inc_ddb222a8702276b2	KBH-D058-c2749095504f	KBH-D058-c2749095504f-C0004					unjudged
99e0c315a42a973e	inc_41b29f4527655ffa	KBH-D057-b33563055168	KBH-D057-b33563055168-C0008					unjudged
1ca6e909c2f628c4	inc_0991de462f9a6c05	KBH-D057-b33563055168	KBH-D057-b33563055168-C0013					unjudged
510377e6f9714ed1	inc_a5147fba2d0d1f50	KBH-D057-cb3046b350d8	KBH-D057-cb3046b350d8-C0001					unjudged
7749e62af779360c	inc_28de536b28e1a888	KBH-D057-c118fc413f7c	KBH-D057-c118fc413f7c-C0002					unjudged
8c7e1ba3c36f404e	inc_0991de462f9a6c05	KBH-D057-3265685291bc	KBH-D057-3265685291bc-C0002					unjudged
57272446eef2ec99	inc_1c35829e1a5668b7	KBH-D057-b33563055168	KBH-D057-b33563055168-C0005					unjudged
ec59a9eb636b7f73	inc_1c35829e1a5668b7	KBH-D057-b33563055168	KBH-D057-b33563055168-C0013					unjudged
be38a945e969e973	inc_15361b2d5df6a488	KBH-D057-b33563055168	KBH-D057-b33563055168-C0006					unjudged
8f211ba4449e3e40	inc_1fa5a9117fca9344	KBH-D057-da18896de895	KBH-D057-da18896de895-C0001					unjudged
4c7948a580f48855	inc_08457c0fbff4700e	KBH-D058-c2749095504f	KBH-D058-c2749095504f-C0004					unjudged
70d32403f49648e7	inc_25067c4b053b5763	KBH-D057-b33563055168	KBH-D057-b33563055168-C0005					unjudged
5677511d3bf33dff	inc_0f782051d78bc07a	KBH-D057-10119f6772e5	KBH-D057-10119f6772e5-C0001					unjudged
0f27bf5b85f7d118	inc_42d05a5a96453d5d	KBH-D057-3265685291bc	KBH-D057-3265685291bc-C0002					unjudged
e57e8e0e6fba5b44	inc_57f6ede7e94d009b	KBH-D057-3265685291bc	KBH-D057-3265685291bc-C0001					unjudged
f7dd18fd05261da3	inc_1fa5a9117fca9344	KBH-D057-c118fc413f7c	KBH-D057-c118fc413f7c-C0002					unjudged
d4c243db7da77671	inc_a9c5f4078ddde5fb	KBH-D057-b33563055168	KBH-D057-b33563055168-C0013					unjudged
6b4015c9ad5add76	inc_ddb222a8702276b2	KBH-D057-b33563055168	KBH-D057-b33563055168-C0013					unjudged
97a61bcb5134ae6a	inc_42d05a5a96453d5d	KBH-D058-c2749095504f	KBH-D058-c2749095504f-C0004					unjudged
3520c5002f79d5e2	inc_0f782051d78bc07a	KBH-D057-b33563055168	KBH-D057-b33563055168-C0013					unjudged
906fa3e654b31eeb	inc_42d05a5a96453d5d	KBH-D057-10119f6772e5	KBH-D057-10119f6772e5-C0002					unjudged
ce65000fec6e9590	inc_a9c5f4078ddde5fb	KBH-D057-b33563055168	KBH-D057-b33563055168-C0006					unjudged
46bde0f938dc0ea2	inc_57f6ede7e94d009b	KBH-D057-f4bcce2e6d7e	KBH-D057-f4bcce2e6d7e-C0003					unjudged
fe4ffbea4b6a6f17	inc_ddb222a8702276b2	KBH-D057-b33563055168	KBH-D057-b33563055168-C0008					unjudged
15b28e867c6004fe	inc_1bd0f85d1967890c	KBH-D057-ccf307e9aff7	KBH-D057-ccf307e9aff7-C0002					unjudged
b37b3208fe0071e0	inc_a5147fba2d0d1f50	KBH-D057-b33563055168	KBH-D057-b33563055168-C0013					unjudged
b46f7ec9e71bfeb4	inc_0991de462f9a6c05	KBH-D057-cb3046b350d8	KBH-D057-cb3046b350d8-C0004					unjudged
7878bb6d2dfe1fa6	inc_5aec36653e1ae8e1	KBH-D058-ac5d7aedb7e6	KBH-D058-ac5d7aedb7e6-C0004					unjudged
74f6b60dab75d979	inc_2adbb3fd7fbcb7b3	KBH-D057-cb3046b350d8	KBH-D057-cb3046b350d8-C0004					unjudged
2d975fe0ab63a886	inc_0f782051d78bc07a	KBH-D057-10119f6772e5	KBH-D057-10119f6772e5-C0005					unjudged
a069979f79e3fb21	inc_28c54291b6ec0364	KBH-D057-b33563055168	KBH-D057-b33563055168-C0004					unjudged
126f36bb4b4fd24a	inc_0f782051d78bc07a	KBH-D057-10119f6772e5	KBH-D057-10119f6772e5-C0004					unjudged
104b62e98793c1c8	inc_1fa5a9117fca9344	KBH-D057-10119f6772e5	KBH-D057-10119f6772e5-C0002					unjudged
9851a4dd7f9cc139	inc_ddb222a8702276b2	KBH-D057-3265685291bc	KBH-D057-3265685291bc-C0001					unjudged
80a878daba5ff7af	inc_447fc19738a290b6	KBH-D057-cb3046b350d8	KBH-D057-cb3046b350d8-C0003					unjudged
e7cf8a4556dc7753	inc_42d05a5a96453d5d	KBH-D057-cb3046b350d8	KBH-D057-cb3046b350d8-C0003					unjudged
3c881389daec39da	inc_1bd0f85d1967890c	KBH-D058-22bb04d72ccf	KBH-D058-22bb04d72ccf-C0009					unjudged
962da7e3b52136bc	inc_a9c5f4078ddde5fb	KBH-D057-3265685291bc	KBH-D057-3265685291bc-C0002					unjudged
b56740e0a0b9ddf1	inc_1fa5a9117fca9344	KBH-D058-c2749095504f	KBH-D058-c2749095504f-C0004					unjudged
f3bb5232e6878c01	inc_0f782051d78bc07a	KBH-D057-10119f6772e5	KBH-D057-10119f6772e5-C0003					unjudged
369c433ad936edde	inc_a9c5f4078ddde5fb	KBH-D057-cb3046b350d8	KBH-D057-cb3046b350d8-C0004					unjudged
65711ccdb6056e93	inc_1fa5a9117fca9344	KBH-D059-c0ae2fc5e6c0	KBH-D059-c0ae2fc5e6c0-C0005					unjudged
530dbc1e2b1b2a32	inc_08457c0fbff4700e	KBH-D057-f4bcce2e6d7e	KBH-D057-f4bcce2e6d7e-C0001					unjudged
76131d71f915b1a4	inc_0991de462f9a6c05	KBH-D057-cb3046b350d8	KBH-D057-cb3046b350d8-C0003					unjudged
79e89f9ee1d6357d	inc_a5147fba2d0d1f50	KBH-D057-f4bcce2e6d7e	KBH-D057-f4bcce2e6d7e-C0001					unjudged
b913d103dad22af1	inc_ddb222a8702276b2	KBH-D057-b33563055168	KBH-D057-b33563055168-C0009					unjudged
4a9ab079e54234b5	inc_a9c5f4078ddde5fb	KBH-D057-ccf307e9aff7	KBH-D057-ccf307e9aff7-C0002					unjudged
62a5e988c421aff1	inc_440b5aa2334e385c	KBH-D057-3265685291bc	KBH-D057-3265685291bc-C0001					unjudged
0f33ab6a18b89a80	inc_5aec36653e1ae8e1	KBH-D059-880cd100599f	KBH-D059-880cd100599f-C0002					unjudged
074ba779cce20d5e	inc_41b29f4527655ffa	KBH-D057-3265685291bc	KBH-D057-3265685291bc-C0002					unjudged
6272c3d40edd3af7	inc_2adbb3fd7fbcb7b3	KBH-D058-c2749095504f	KBH-D058-c2749095504f-C0004					unjudged
69ce7954c6b3fa84	inc_1c35829e1a5668b7	KBH-D059-c0ae2fc5e6c0	KBH-D059-c0ae2fc5e6c0-C0005					unjudged
0c4fe422c4a41911	inc_2adbb3fd7fbcb7b3	KBH-D057-10119f6772e5	KBH-D057-10119f6772e5-C0002					unjudged
5cf3089a48b65d86	inc_5aec36653e1ae8e1	KBH-D057-10119f6772e5	KBH-D057-10119f6772e5-C0003					unjudged
98f35cb2a9e35b67	inc_25067c4b053b5763	KBH-D057-cb3046b350d8	KBH-D057-cb3046b350d8-C0001					unjudged
fa7e2fc425fcc3f7	inc_447fc19738a290b6	KBH-D058-22bb04d72ccf	KBH-D058-22bb04d72ccf-C0009					unjudged
0ccfcabb74bce1c9	inc_0f782051d78bc07a	KBH-D058-714196198a9c	KBH-D058-714196198a9c-C0011					unjudged
9b10b0cbaea8cb97	inc_42d05a5a96453d5d	KBH-D058-714196198a9c	KBH-D058-714196198a9c-C0006					unjudged
d78f978da48b56e4	inc_1fa5a9117fca9344	KBH-D057-cb3046b350d8	KBH-D057-cb3046b350d8-C0002					unjudged
