source_row	matches_row	rule	key
R0760	R0075	https	https://openreview.net/forum?id=m4qnizqypd
R0763	R0054	https	https://arxiv.org/abs/2501.06706
R0764	R0055	https	https://arxiv.org/abs/2502.05352
N0013	R0510	title	title:simpleiseffectivetherolesofgraphsandlargelanguagemodelsinknowledgegraphbasedretrievalaugmentedgeneration
N0026	R0513	title	title:reasoningongraphsfaithfulandinterpretablelargelanguagemodelreasoning
N0027	R0499	title	title:graphreaderbuildinggraphbasedagenttoenhancelongcontextabilitiesoflargelanguagemodels
N0028	R0482	title	title:knowledgegraphpromptingformultidocumentquestionanswering
N0056	R0474	https	https://arxiv.org/abs/2501.11551
N0125	R0102	title	title:owlalargelanguagemodelforitoperations
