document_id	source_id	title	source_url	version_scope	available_at	reviewed_compatibility	symptom_family	allowed_experiment_mode	reviewer_id	reviewed_at	reviewer_notes	review_state
KB-D057-0df08c03749a	D057	./kubernetes-manifests	https://github.com/GoogleCloudPlatform/microservices-demo/blob/b9a978db9e01f4ad3dca9494a22cb9edc17548fe/kubernetes-manifests/README.md	b9a978db9e01f4ad3dca9494a22cb9edc17548fe	2026-09-03T21:10:06Z			offline_assistance_only_pending_review				needs_human_review
KB-D057-10119f6772e5	D057	Integrate Online Boutique with Google Cloud Operations	https://github.com/GoogleCloudPlatform/microservices-demo/blob/b9a978db9e01f4ad3dca9494a22cb9edc17548fe/kustomize/components/google-cloud-operations/README.md	b9a978db9e01f4ad3dca9494a22cb9edc17548fe	2026-09-03T21:10:06Z			offline_assistance_only_pending_review				needs_human_review
KB-D057-1abc0a247aed	D057	Copyright 2018 Google LLC	https://github.com/GoogleCloudPlatform/microservices-demo/blob/b9a978db9e01f4ad3dca9494a22cb9edc17548fe/kubernetes-manifests/cartservice.yaml	b9a978db9e01f4ad3dca9494a22cb9edc17548fe	2026-09-03T21:10:06Z			offline_assistance_only_pending_review				needs_human_review
KB-D057-3265685291bc	D057	Ad Service	https://github.com/GoogleCloudPlatform/microservices-demo/blob/b9a978db9e01f4ad3dca9494a22cb9edc17548fe/src/adservice/README.md	b9a978db9e01f4ad3dca9494a22cb9edc17548fe	2026-09-03T21:10:06Z			offline_assistance_only_pending_review				needs_human_review
KB-D057-4849feed2498	D057	Copyright 2018 Google LLC	https://github.com/GoogleCloudPlatform/microservices-demo/blob/b9a978db9e01f4ad3dca9494a22cb9edc17548fe/kubernetes-manifests/productcatalogservice.yaml	b9a978db9e01f4ad3dca9494a22cb9edc17548fe	2026-09-03T21:10:06Z			offline_assistance_only_pending_review				needs_human_review
KB-D057-4fe9c69346cd	D057	frontend	https://github.com/GoogleCloudPlatform/microservices-demo/blob/b9a978db9e01f4ad3dca9494a22cb9edc17548fe/src/frontend/README.md	b9a978db9e01f4ad3dca9494a22cb9edc17548fe	2026-09-03T21:10:06Z			offline_assistance_only_pending_review				needs_human_review
KB-D057-562ed69e4788	D057	Copyright 2018 Google LLC	https://github.com/GoogleCloudPlatform/microservices-demo/blob/b9a978db9e01f4ad3dca9494a22cb9edc17548fe/kubernetes-manifests/frontend.yaml	b9a978db9e01f4ad3dca9494a22cb9edc17548fe	2026-09-03T21:10:06Z			offline_assistance_only_pending_review				needs_human_review
KB-D057-86278876e6bf	D057	Copyright 2018 Google LLC	https://github.com/GoogleCloudPlatform/microservices-demo/blob/b9a978db9e01f4ad3dca9494a22cb9edc17548fe/kubernetes-manifests/loadgenerator.yaml	b9a978db9e01f4ad3dca9494a22cb9edc17548fe	2026-09-03T21:10:06Z			offline_assistance_only_pending_review				needs_human_review
KB-D057-9151fc03d266	D057	Copyright 2018 Google LLC	https://github.com/GoogleCloudPlatform/microservices-demo/blob/b9a978db9e01f4ad3dca9494a22cb9edc17548fe/kubernetes-manifests/emailservice.yaml	b9a978db9e01f4ad3dca9494a22cb9edc17548fe	2026-09-03T21:10:06Z			offline_assistance_only_pending_review				needs_human_review
KB-D057-92b8eacf1ebb	D057	Shipping Service	https://github.com/GoogleCloudPlatform/microservices-demo/blob/b9a978db9e01f4ad3dca9494a22cb9edc17548fe/src/shippingservice/README.md	b9a978db9e01f4ad3dca9494a22cb9edc17548fe	2026-09-03T21:10:06Z			offline_assistance_only_pending_review				needs_human_review
KB-D057-938597fb30c8	D057	Copyright 2018 Google LLC	https://github.com/GoogleCloudPlatform/microservices-demo/blob/b9a978db9e01f4ad3dca9494a22cb9edc17548fe/kubernetes-manifests/recommendationservice.yaml	b9a978db9e01f4ad3dca9494a22cb9edc17548fe	2026-09-03T21:10:06Z			offline_assistance_only_pending_review				needs_human_review
KB-D057-9db557923ec4	D057	Copyright 2018 Google LLC	https://github.com/GoogleCloudPlatform/microservices-demo/blob/b9a978db9e01f4ad3dca9494a22cb9edc17548fe/kubernetes-manifests/adservice.yaml	b9a978db9e01f4ad3dca9494a22cb9edc17548fe	2026-09-03T21:10:06Z			offline_assistance_only_pending_review				needs_human_review
KB-D057-a0e4aadcfe2b	D057	Copyright 2018 Google LLC	https://github.com/GoogleCloudPlatform/microservices-demo/blob/b9a978db9e01f4ad3dca9494a22cb9edc17548fe/kubernetes-manifests/shippingservice.yaml	b9a978db9e01f4ad3dca9494a22cb9edc17548fe	2026-09-03T21:10:06Z			offline_assistance_only_pending_review				needs_human_review
KB-D057-a23e26c1b47c	D057	productcatalogservice	https://github.com/GoogleCloudPlatform/microservices-demo/blob/b9a978db9e01f4ad3dca9494a22cb9edc17548fe/src/productcatalogservice/README.md	b9a978db9e01f4ad3dca9494a22cb9edc17548fe	2026-09-03T21:10:06Z			offline_assistance_only_pending_review				needs_human_review
KB-D057-b33563055168	D057	README.md	https://github.com/GoogleCloudPlatform/microservices-demo/blob/b9a978db9e01f4ad3dca9494a22cb9edc17548fe/README.md	b9a978db9e01f4ad3dca9494a22cb9edc17548fe	2026-09-03T21:10:06Z			offline_assistance_only_pending_review				needs_human_review
KB-D057-c118fc413f7c	D057	Secure Online Boutique with Network Policies	https://github.com/GoogleCloudPlatform/microservices-demo/blob/b9a978db9e01f4ad3dca9494a22cb9edc17548fe/kustomize/components/network-policies/README.md	b9a978db9e01f4ad3dca9494a22cb9edc17548fe	2026-09-03T21:10:06Z			offline_assistance_only_pending_review				needs_human_review
KB-D057-c14488b4640d	D057	checkoutservice	https://github.com/GoogleCloudPlatform/microservices-demo/blob/b9a978db9e01f4ad3dca9494a22cb9edc17548fe/src/checkoutservice/README.md	b9a978db9e01f4ad3dca9494a22cb9edc17548fe	2026-09-03T21:10:06Z			offline_assistance_only_pending_review				needs_human_review
KB-D057-cb3046b350d8	D057	docs/product-requirements.md	https://github.com/GoogleCloudPlatform/microservices-demo/blob/b9a978db9e01f4ad3dca9494a22cb9edc17548fe/docs/product-requirements.md	b9a978db9e01f4ad3dca9494a22cb9edc17548fe	2026-09-03T21:10:06Z			offline_assistance_only_pending_review				needs_human_review
KB-D057-ccf307e9aff7	D057	docs/purpose.md	https://github.com/GoogleCloudPlatform/microservices-demo/blob/b9a978db9e01f4ad3dca9494a22cb9edc17548fe/docs/purpose.md	b9a978db9e01f4ad3dca9494a22cb9edc17548fe	2026-09-03T21:10:06Z			offline_assistance_only_pending_review				needs_human_review
KB-D057-da18896de895	D057	Development Guide	https://github.com/GoogleCloudPlatform/microservices-demo/blob/b9a978db9e01f4ad3dca9494a22cb9edc17548fe/docs/development-guide.md	b9a978db9e01f4ad3dca9494a22cb9edc17548fe	2026-09-03T21:10:06Z			offline_assistance_only_pending_review				needs_human_review
KB-D057-da53c9e679f7	D057	Copyright 2018 Google LLC	https://github.com/GoogleCloudPlatform/microservices-demo/blob/b9a978db9e01f4ad3dca9494a22cb9edc17548fe/kubernetes-manifests/checkoutservice.yaml	b9a978db9e01f4ad3dca9494a22cb9edc17548fe	2026-09-03T21:10:06Z			offline_assistance_only_pending_review				needs_human_review
KB-D057-e84a682ff5d9	D057	Copyright 2018 Google LLC	https://github.com/GoogleCloudPlatform/microservices-demo/blob/b9a978db9e01f4ad3dca9494a22cb9edc17548fe/kubernetes-manifests/paymentservice.yaml	b9a978db9e01f4ad3dca9494a22cb9edc17548fe	2026-09-03T21:10:06Z			offline_assistance_only_pending_review				needs_human_review
KB-D057-f4bcce2e6d7e	D057	protos/demo.proto	https://github.com/GoogleCloudPlatform/microservices-demo/blob/b9a978db9e01f4ad3dca9494a22cb9edc17548fe/protos/demo.proto	b9a978db9e01f4ad3dca9494a22cb9edc17548fe	2026-09-03T21:10:06Z			offline_assistance_only_pending_review				needs_human_review
KB-D057-fda19af7a97a	D057	Copyright 2018 Google LLC	https://github.com/GoogleCloudPlatform/microservices-demo/blob/b9a978db9e01f4ad3dca9494a22cb9edc17548fe/kubernetes-manifests/currencyservice.yaml	b9a978db9e01f4ad3dca9494a22cb9edc17548fe	2026-09-03T21:10:06Z			offline_assistance_only_pending_review				needs_human_review
KB-D058-1288140b93d4	D058	Tools for Monitoring Resources	https://github.com/kubernetes/website/blob/76a0e90f253e924a7b55f01f92a37555bd89be68/content/en/docs/tasks/debug/debug-cluster/resource-usage-monitoring.md	76a0e90f253e924a7b55f01f92a37555bd89be68	2026-09-12T03:59:12Z			offline_assistance_only_pending_review				needs_human_review
KB-D058-14d8b6f74be5	D058	Resource metrics pipeline	https://github.com/kubernetes/website/blob/76a0e90f253e924a7b55f01f92a37555bd89be68/content/en/docs/tasks/debug/debug-cluster/resource-metrics-pipeline.md	76a0e90f253e924a7b55f01f92a37555bd89be68	2026-09-12T03:59:12Z			offline_assistance_only_pending_review				needs_human_review
KB-D058-22bb04d72ccf	D058	Debugging DNS Resolution	https://github.com/kubernetes/website/blob/76a0e90f253e924a7b55f01f92a37555bd89be68/content/en/docs/tasks/administer-cluster/dns-debugging-resolution.md	76a0e90f253e924a7b55f01f92a37555bd89be68	2026-09-12T03:59:12Z			offline_assistance_only_pending_review				needs_human_review
KB-D058-4067ea9b384b	D058	Debug Running Pods	https://github.com/kubernetes/website/blob/76a0e90f253e924a7b55f01f92a37555bd89be68/content/en/docs/tasks/debug/debug-application/debug-running-pod.md	76a0e90f253e924a7b55f01f92a37555bd89be68	2026-09-12T03:59:12Z			offline_assistance_only_pending_review				needs_human_review
KB-D058-54c2092d43a5	D058	Debug Services	https://github.com/kubernetes/website/blob/76a0e90f253e924a7b55f01f92a37555bd89be68/content/en/docs/tasks/debug/debug-application/debug-service.md	76a0e90f253e924a7b55f01f92a37555bd89be68	2026-09-12T03:59:12Z			offline_assistance_only_pending_review				needs_human_review
KB-D058-57df42feca96	D058	Pod Lifecycle	https://github.com/kubernetes/website/blob/76a0e90f253e924a7b55f01f92a37555bd89be68/content/en/docs/concepts/workloads/pods/pod-lifecycle.md	76a0e90f253e924a7b55f01f92a37555bd89be68	2026-09-12T03:59:12Z			offline_assistance_only_pending_review				needs_human_review
KB-D058-6346769f861a	D058	Monitor Node Health	https://github.com/kubernetes/website/blob/76a0e90f253e924a7b55f01f92a37555bd89be68/content/en/docs/tasks/debug/debug-cluster/monitor-node-health.md	76a0e90f253e924a7b55f01f92a37555bd89be68	2026-09-12T03:59:12Z			offline_assistance_only_pending_review				needs_human_review
KB-D058-714196198a9c	D058	Debug Pods	https://github.com/kubernetes/website/blob/76a0e90f253e924a7b55f01f92a37555bd89be68/content/en/docs/tasks/debug/debug-application/debug-pods.md	76a0e90f253e924a7b55f01f92a37555bd89be68	2026-09-12T03:59:12Z			offline_assistance_only_pending_review				needs_human_review
KB-D058-7f4c1beb746e	D058	Troubleshooting Applications	https://github.com/kubernetes/website/blob/76a0e90f253e924a7b55f01f92a37555bd89be68/content/en/docs/tasks/debug/debug-application/_index.md	76a0e90f253e924a7b55f01f92a37555bd89be68	2026-09-12T03:59:12Z			offline_assistance_only_pending_review				needs_human_review
KB-D058-8f1d50e206b1	D058	Determine the Reason for Pod Failure	https://github.com/kubernetes/website/blob/76a0e90f253e924a7b55f01f92a37555bd89be68/content/en/docs/tasks/debug/debug-application/determine-reason-pod-failure.md	76a0e90f253e924a7b55f01f92a37555bd89be68	2026-09-12T03:59:12Z			offline_assistance_only_pending_review				needs_human_review
KB-D058-94f18a70ecb0	D058	Resource Management for Pods and Containers	https://github.com/kubernetes/website/blob/76a0e90f253e924a7b55f01f92a37555bd89be68/content/en/docs/concepts/configuration/manage-resources-containers.md	76a0e90f253e924a7b55f01f92a37555bd89be68	2026-09-12T03:59:12Z			offline_assistance_only_pending_review				needs_human_review
KB-D058-aaa3e891815f	D058	Troubleshooting Clusters	https://github.com/kubernetes/website/blob/76a0e90f253e924a7b55f01f92a37555bd89be68/content/en/docs/tasks/debug/debug-cluster/_index.md	76a0e90f253e924a7b55f01f92a37555bd89be68	2026-09-12T03:59:12Z			offline_assistance_only_pending_review				needs_human_review
KB-D058-ac5d7aedb7e6	D058	Debug Init Containers	https://github.com/kubernetes/website/blob/76a0e90f253e924a7b55f01f92a37555bd89be68/content/en/docs/tasks/debug/debug-application/debug-init-containers.md	76a0e90f253e924a7b55f01f92a37555bd89be68	2026-09-12T03:59:12Z			offline_assistance_only_pending_review				needs_human_review
KB-D058-c2749095504f	D058	Logging Architecture	https://github.com/kubernetes/website/blob/76a0e90f253e924a7b55f01f92a37555bd89be68/content/en/docs/concepts/cluster-administration/logging.md	76a0e90f253e924a7b55f01f92a37555bd89be68	2026-09-12T03:59:12Z			offline_assistance_only_pending_review				needs_human_review
KB-D059-0185ccfaeb29	D059	Kube Node Readiness Flapping	https://github.com/prometheus-operator/runbooks/blob/a685d14cf5128bb30e2bf935c3983decd772d885/content/runbooks/kubernetes/KubeNodeReadinessFlapping.md	a685d14cf5128bb30e2bf935c3983decd772d885	2024-10-03T13:27:07Z			offline_assistance_only_pending_review				needs_human_review
KB-D059-0980a5088584	D059	Kube Deployment Replicas Mismatch	https://github.com/prometheus-operator/runbooks/blob/a685d14cf5128bb30e2bf935c3983decd772d885/content/runbooks/kubernetes/KubeDeploymentReplicasMismatch.md	a685d14cf5128bb30e2bf935c3983decd772d885	2024-10-03T13:27:07Z			offline_assistance_only_pending_review				needs_human_review
KB-D059-0d787d431d0c	D059	Kube Pod Not Ready	https://github.com/prometheus-operator/runbooks/blob/a685d14cf5128bb30e2bf935c3983decd772d885/content/runbooks/kubernetes/KubePodNotReady.md	a685d14cf5128bb30e2bf935c3983decd772d885	2024-10-03T13:27:07Z			offline_assistance_only_pending_review				needs_human_review
KB-D059-100adba8ab53	D059	Kube Node Unreachable	https://github.com/prometheus-operator/runbooks/blob/a685d14cf5128bb30e2bf935c3983decd772d885/content/runbooks/kubernetes/KubeNodeUnreachable.md	a685d14cf5128bb30e2bf935c3983decd772d885	2024-10-03T13:27:07Z			offline_assistance_only_pending_review				needs_human_review
KB-D059-1e35988462b6	D059	Kube CPU Overcommit	https://github.com/prometheus-operator/runbooks/blob/a685d14cf5128bb30e2bf935c3983decd772d885/content/runbooks/kubernetes/KubeCPUOvercommit.md	a685d14cf5128bb30e2bf935c3983decd772d885	2024-10-03T13:27:07Z			offline_assistance_only_pending_review				needs_human_review
KB-D059-2f773ad62c4d	D059	Kube Persistent Volume Filling Up	https://github.com/prometheus-operator/runbooks/blob/a685d14cf5128bb30e2bf935c3983decd772d885/content/runbooks/kubernetes/KubePersistentVolumeFillingUp.md	a685d14cf5128bb30e2bf935c3983decd772d885	2024-10-03T13:27:07Z			offline_assistance_only_pending_review				needs_human_review
KB-D059-320e57f48715	D059	Node Network Receive Errors	https://github.com/prometheus-operator/runbooks/blob/a685d14cf5128bb30e2bf935c3983decd772d885/content/runbooks/node/NodeNetworkReceiveErrs.md	a685d14cf5128bb30e2bf935c3983decd772d885	2024-10-03T13:27:07Z			offline_assistance_only_pending_review				needs_human_review
KB-D059-40feb3b71482	D059	Prometheus Target Sync Failure	https://github.com/prometheus-operator/runbooks/blob/a685d14cf5128bb30e2bf935c3983decd772d885/content/runbooks/prometheus/PrometheusTargetSyncFailure.md	a685d14cf5128bb30e2bf935c3983decd772d885	2024-10-03T13:27:07Z			offline_assistance_only_pending_review				needs_human_review
KB-D059-44306ba7be54	D059	Node File Descriptor Limit	https://github.com/prometheus-operator/runbooks/blob/a685d14cf5128bb30e2bf935c3983decd772d885/content/runbooks/node/NodeFileDescriptorLimit.md	a685d14cf5128bb30e2bf935c3983decd772d885	2024-10-03T13:27:07Z			offline_assistance_only_pending_review				needs_human_review
KB-D059-4bb889d6dca3	D059	Prometheus Bad Config	https://github.com/prometheus-operator/runbooks/blob/a685d14cf5128bb30e2bf935c3983decd772d885/content/runbooks/prometheus/PrometheusBadConfig.md	a685d14cf5128bb30e2bf935c3983decd772d885	2024-10-03T13:27:07Z			offline_assistance_only_pending_review				needs_human_review
KB-D059-545ab1351883	D059	Kube Persistent Volume Errors	https://github.com/prometheus-operator/runbooks/blob/a685d14cf5128bb30e2bf935c3983decd772d885/content/runbooks/kubernetes/KubePersistentVolumeErrors.md	a685d14cf5128bb30e2bf935c3983decd772d885	2024-10-03T13:27:07Z			offline_assistance_only_pending_review				needs_human_review
KB-D059-55680d49eefb	D059	Prometheus Target Limit Hit	https://github.com/prometheus-operator/runbooks/blob/a685d14cf5128bb30e2bf935c3983decd772d885/content/runbooks/prometheus/PrometheusTargetLimitHit.md	a685d14cf5128bb30e2bf935c3983decd772d885	2024-10-03T13:27:07Z			offline_assistance_only_pending_review				needs_human_review
KB-D059-5b2f1ba3a5d0	D059	Node High Number Conntrack Entries Used	https://github.com/prometheus-operator/runbooks/blob/a685d14cf5128bb30e2bf935c3983decd772d885/content/runbooks/node/NodeHighNumberConntrackEntriesUsed.md	a685d14cf5128bb30e2bf935c3983decd772d885	2024-10-03T13:27:07Z			offline_assistance_only_pending_review				needs_human_review
KB-D059-6c2b859da0cb	D059	Kube HPA Maxed Out	https://github.com/prometheus-operator/runbooks/blob/a685d14cf5128bb30e2bf935c3983decd772d885/content/runbooks/kubernetes/KubeHpaMaxedOut.md	a685d14cf5128bb30e2bf935c3983decd772d885	2024-10-03T13:27:07Z			offline_assistance_only_pending_review				needs_human_review
KB-D059-7f69273da4ee	D059	Kube HPA  Replicas Mismatch	https://github.com/prometheus-operator/runbooks/blob/a685d14cf5128bb30e2bf935c3983decd772d885/content/runbooks/kubernetes/KubeHpaReplicasMismatch.md	a685d14cf5128bb30e2bf935c3983decd772d885	2024-10-03T13:27:07Z			offline_assistance_only_pending_review				needs_human_review
KB-D059-880cd100599f	D059	Prometheus Duplicate Timestamps	https://github.com/prometheus-operator/runbooks/blob/a685d14cf5128bb30e2bf935c3983decd772d885/content/runbooks/prometheus/PrometheusDuplicateTimestamps.md	a685d14cf5128bb30e2bf935c3983decd772d885	2024-10-03T13:27:07Z			offline_assistance_only_pending_review				needs_human_review
KB-D059-8d06231c2525	D059	TargetDown	https://github.com/prometheus-operator/runbooks/blob/a685d14cf5128bb30e2bf935c3983decd772d885/content/runbooks/general/TargetDown.md	a685d14cf5128bb30e2bf935c3983decd772d885	2024-10-03T13:27:07Z			offline_assistance_only_pending_review				needs_human_review
KB-D059-90ee8fc78d14	D059	Prometheus Rule Failures	https://github.com/prometheus-operator/runbooks/blob/a685d14cf5128bb30e2bf935c3983decd772d885/content/runbooks/prometheus/PrometheusRuleFailures.md	a685d14cf5128bb30e2bf935c3983decd772d885	2024-10-03T13:27:07Z			offline_assistance_only_pending_review				needs_human_review
KB-D059-91688933d572	D059	Node Network Interface Flapping	https://github.com/prometheus-operator/runbooks/blob/a685d14cf5128bb30e2bf935c3983decd772d885/content/runbooks/general/NodeNetworkInterfaceFlapping.md	a685d14cf5128bb30e2bf935c3983decd772d885	2024-10-03T13:27:07Z			offline_assistance_only_pending_review				needs_human_review
KB-D059-91bc8b32682b	D059	Kube Container Waiting	https://github.com/prometheus-operator/runbooks/blob/a685d14cf5128bb30e2bf935c3983decd772d885/content/runbooks/kubernetes/KubeContainerWaiting.md	a685d14cf5128bb30e2bf935c3983decd772d885	2024-10-03T13:27:07Z			offline_assistance_only_pending_review				needs_human_review
KB-D059-9bcf2fdf8ee8	D059	Kube Memory Overcommit	https://github.com/prometheus-operator/runbooks/blob/a685d14cf5128bb30e2bf935c3983decd772d885/content/runbooks/kubernetes/KubeMemoryOvercommit.md	a685d14cf5128bb30e2bf935c3983decd772d885	2024-10-03T13:27:07Z			offline_assistance_only_pending_review				needs_human_review
KB-D059-ab767794153c	D059	Kube Pod Crash Looping	https://github.com/prometheus-operator/runbooks/blob/a685d14cf5128bb30e2bf935c3983decd772d885/content/runbooks/kubernetes/KubePodCrashLooping.md	a685d14cf5128bb30e2bf935c3983decd772d885	2024-10-03T13:27:07Z			offline_assistance_only_pending_review				needs_human_review
KB-D059-b0277ce1f225	D059	Kube Deployment Generation Mismatch	https://github.com/prometheus-operator/runbooks/blob/a685d14cf5128bb30e2bf935c3983decd772d885/content/runbooks/kubernetes/KubeDeploymentGenerationMismatch.md	a685d14cf5128bb30e2bf935c3983decd772d885	2024-10-03T13:27:07Z			offline_assistance_only_pending_review				needs_human_review
KB-D059-b32d4a918814	D059	Node Network Transmit Errors	https://github.com/prometheus-operator/runbooks/blob/a685d14cf5128bb30e2bf935c3983decd772d885/content/runbooks/node/NodeNetworkTransmitErrs.md	a685d14cf5128bb30e2bf935c3983decd772d885	2024-10-03T13:27:07Z			offline_assistance_only_pending_review				needs_human_review
KB-D059-b8a720c3525a	D059	Kubelet Down	https://github.com/prometheus-operator/runbooks/blob/a685d14cf5128bb30e2bf935c3983decd772d885/content/runbooks/kubernetes/KubeletDown.md	a685d14cf5128bb30e2bf935c3983decd772d885	2024-10-03T13:27:07Z			offline_assistance_only_pending_review				needs_human_review
KB-D059-bcfb01413ab2	D059	Kube Quota Exceeded	https://github.com/prometheus-operator/runbooks/blob/a685d14cf5128bb30e2bf935c3983decd772d885/content/runbooks/kubernetes/KubeQuotaExceeded.md	a685d14cf5128bb30e2bf935c3983decd772d885	2024-10-03T13:27:07Z			offline_assistance_only_pending_review				needs_human_review
KB-D059-c0ae2fc5e6c0	D059	Node Filesystem Space Filling Up	https://github.com/prometheus-operator/runbooks/blob/a685d14cf5128bb30e2bf935c3983decd772d885/content/runbooks/node/NodeFilesystemSpaceFillingUp.md	a685d14cf5128bb30e2bf935c3983decd772d885	2024-10-03T13:27:07Z			offline_assistance_only_pending_review				needs_human_review
KB-D059-c21de076814a	D059	CPU Throttling High	https://github.com/prometheus-operator/runbooks/blob/a685d14cf5128bb30e2bf935c3983decd772d885/content/runbooks/kubernetes/CPUThrottlingHigh.md	a685d14cf5128bb30e2bf935c3983decd772d885	2024-10-03T13:27:07Z			offline_assistance_only_pending_review				needs_human_review
KB-D059-c5fd7b512fcf	D059	Prometheus Label LimitHit	https://github.com/prometheus-operator/runbooks/blob/a685d14cf5128bb30e2bf935c3983decd772d885/content/runbooks/prometheus/PrometheusLabelLimitHit.md	a685d14cf5128bb30e2bf935c3983decd772d885	2024-10-03T13:27:07Z			offline_assistance_only_pending_review				needs_human_review
KB-D059-ce4a883f97c6	D059	Prometheus Out Of Order Timestamps	https://github.com/prometheus-operator/runbooks/blob/a685d14cf5128bb30e2bf935c3983decd772d885/content/runbooks/prometheus/PrometheusOutOfOrderTimestamps.md	a685d14cf5128bb30e2bf935c3983decd772d885	2024-10-03T13:27:07Z			offline_assistance_only_pending_review				needs_human_review
KB-D059-db6bc0dfb97f	D059	Kube Node Not Ready	https://github.com/prometheus-operator/runbooks/blob/a685d14cf5128bb30e2bf935c3983decd772d885/content/runbooks/kubernetes/KubeNodeNotReady.md	a685d14cf5128bb30e2bf935c3983decd772d885	2024-10-03T13:27:07Z			offline_assistance_only_pending_review				needs_human_review
KB-D059-dc1287ef31f0	D059	Kube Memory Quota Overcommit	https://github.com/prometheus-operator/runbooks/blob/a685d14cf5128bb30e2bf935c3983decd772d885/content/runbooks/kubernetes/KubeMemoryQuotaOvercommit.md	a685d14cf5128bb30e2bf935c3983decd772d885	2024-10-03T13:27:07Z			offline_assistance_only_pending_review				needs_human_review
KB-D059-de70fffe8993	D059	Node Filesystem Almost Out Of Space	https://github.com/prometheus-operator/runbooks/blob/a685d14cf5128bb30e2bf935c3983decd772d885/content/runbooks/node/NodeFilesystemAlmostOutOfSpace.md	a685d14cf5128bb30e2bf935c3983decd772d885	2024-10-03T13:27:07Z			offline_assistance_only_pending_review				needs_human_review
KB-D059-e0f954f2a2b6	D059	Prometheus Not Ingesting Samples	https://github.com/prometheus-operator/runbooks/blob/a685d14cf5128bb30e2bf935c3983decd772d885/content/runbooks/prometheus/PrometheusNotIngestingSamples.md	a685d14cf5128bb30e2bf935c3983decd772d885	2024-10-03T13:27:07Z			offline_assistance_only_pending_review				needs_human_review
KB-D059-f471acd3d532	D059	Kubelet Pod Start Up Latency High	https://github.com/prometheus-operator/runbooks/blob/a685d14cf5128bb30e2bf935c3983decd772d885/content/runbooks/kubernetes/KubeletPodStartUpLatencyHigh.md	a685d14cf5128bb30e2bf935c3983decd772d885	2024-10-03T13:27:07Z			offline_assistance_only_pending_review				needs_human_review
