incident_id	rank	chunk_id	document_id	score
inc_08457c0fbff4700e	1	KBC-D057-4aa99ad9ca8a6ef110f7e03b	KBH-D057-f4bcce2e6d7e	0.03278688524590164
inc_08457c0fbff4700e	2	KBC-D057-728f4de0d3d02c2e44535e4d	KBH-D057-f4bcce2e6d7e	0.03128054740957967
inc_08457c0fbff4700e	3	KBC-D057-f43a5e910b133af7ef278865	KBH-D057-b33563055168	0.03057889822595705
inc_08457c0fbff4700e	4	KBC-D057-45b99fa125935926d356e9b6	KBH-D057-f4bcce2e6d7e	0.030330882352941176
inc_08457c0fbff4700e	5	KBC-D057-e9a382e7d4fd09cb360debfc	KBH-D057-da53c9e679f7	0.029877369007803793
inc_08457c0fbff4700e	6	KBC-D059-d30463249bc318fbf1d34bc5	KBH-D059-880cd100599f	0.029709507042253523
inc_08457c0fbff4700e	7	KBC-D057-0caeb6bf377ab228f9807bc3	KBH-D057-f4bcce2e6d7e	0.029273504273504274
inc_08457c0fbff4700e	8	KBC-D057-6eb155351cb0c12576824a54	KBH-D057-562ed69e4788	0.029211087420042643
inc_08457c0fbff4700e	9	KBC-D057-d2dec06bc5ad6334bea381b1	KBH-D057-c118fc413f7c	0.028693528693528692
inc_08457c0fbff4700e	10	KBC-D057-ebb2cf48c9eed9865917abc8	KBH-D057-b33563055168	0.028083267871170464
inc_0991de462f9a6c05	1	KBC-D057-6eb155351cb0c12576824a54	KBH-D057-562ed69e4788	0.02967032967032967
inc_0991de462f9a6c05	2	KBC-D057-0caeb6bf377ab228f9807bc3	KBH-D057-f4bcce2e6d7e	0.029571646010002173
inc_0991de462f9a6c05	3	KBC-D057-f43a5e910b133af7ef278865	KBH-D057-b33563055168	0.02900988017658188
inc_0991de462f9a6c05	4	KBC-D057-90841863f220313bffa0377b	KBH-D057-1abc0a247aed	0.028782894736842105
inc_0991de462f9a6c05	5	KBC-D058-b868a54e37319ab0c268877e	KBH-D058-54c2092d43a5	0.02817460317460317
inc_0991de462f9a6c05	6	KBC-D057-ebb2cf48c9eed9865917abc8	KBH-D057-b33563055168	0.02738970588235294
inc_0991de462f9a6c05	7	KBC-D057-d2dec06bc5ad6334bea381b1	KBH-D057-c118fc413f7c	0.027031740495291244
inc_0991de462f9a6c05	8	KBC-D057-728f4de0d3d02c2e44535e4d	KBH-D057-f4bcce2e6d7e	0.026779422128259338
inc_0991de462f9a6c05	9	KBC-D058-af53af35781acf2a26a8f0ba	KBH-D058-4067ea9b384b	0.02607709750566893
inc_0991de462f9a6c05	10	KBC-D058-2a6b22a3c5e42c4df64e3f65	KBH-D058-4067ea9b384b	0.02531645569620253
inc_0f782051d78bc07a	1	KBC-D059-d30463249bc318fbf1d34bc5	KBH-D059-880cd100599f	0.031754032258064516
inc_0f782051d78bc07a	2	KBC-D057-878a460540274ab64e37e0c2	KBH-D057-10119f6772e5	0.024643874643874644
inc_0f782051d78bc07a	3	KBC-D057-f43a5e910b133af7ef278865	KBH-D057-b33563055168	0.024614919963757174
inc_0f782051d78bc07a	4	KBC-D058-10388242a077cec6edbb2a9b	KBH-D058-22bb04d72ccf	0.024497309544038517
inc_0f782051d78bc07a	5	KBC-D057-0caeb6bf377ab228f9807bc3	KBH-D057-f4bcce2e6d7e	0.023597626752966557
inc_0f782051d78bc07a	6	KBC-D057-f6c48ce30e1e7270ef4116c4	KBH-D057-10119f6772e5	0.022424242424242423
inc_0f782051d78bc07a	7	KBC-D058-5388925824db7450fe28f4fd	KBH-D058-c2749095504f	0.021874252928520202
inc_0f782051d78bc07a	8	KBC-D058-edeb594af96dcba74c1bf8f1	KBH-D058-c2749095504f	0.021061966522558477
inc_0f782051d78bc07a	9	KBC-D058-9c00a77232e7edf2e0aa73a7	KBH-D058-aaa3e891815f	0.01639344262295082
inc_0f782051d78bc07a	10	KBC-D059-548a3bb384e53f43764daa60	KBH-D059-545ab1351883	0.01639344262295082
inc_15361b2d5df6a488	1	KBC-D057-0caeb6bf377ab228f9807bc3	KBH-D057-f4bcce2e6d7e	0.029030910609857977
inc_15361b2d5df6a488	2	KBC-D057-f43a5e910b133af7ef278865	KBH-D057-b33563055168	0.02900988017658188
inc_15361b2d5df6a488	3	KBC-D057-6eb155351cb0c12576824a54	KBH-D057-562ed69e4788	0.028371628371628373
inc_15361b2d5df6a488	4	KBC-D057-90841863f220313bffa0377b	KBH-D057-1abc0a247aed	0.028205128205128206
inc_15361b2d5df6a488	5	KBC-D057-ebb2cf48c9eed9865917abc8	KBH-D057-b33563055168	0.027820121951219513
inc_15361b2d5df6a488	6	KBC-D057-728f4de0d3d02c2e44535e4d	KBH-D057-f4bcce2e6d7e	0.02736726874657909
inc_15361b2d5df6a488	7	KBC-D057-d2dec06bc5ad6334bea381b1	KBH-D057-c118fc413f7c	0.026702720973466286
inc_15361b2d5df6a488	8	KBC-D058-65a7de2b1cd13f2d6190e03c	KBH-D058-aaa3e891815f	0.025568181818181816
inc_15361b2d5df6a488	9	KBC-D058-10388242a077cec6edbb2a9b	KBH-D058-22bb04d72ccf	0.025274725274725275
inc_15361b2d5df6a488	10	KBC-D058-d1a0ce29e16ba99082a96368	KBH-D058-54c2092d43a5	0.024809741248097414
inc_1bd0f85d1967890c	1	KBC-D057-4aa99ad9ca8a6ef110f7e03b	KBH-D057-f4bcce2e6d7e	0.03278688524590164
inc_1bd0f85d1967890c	2	KBC-D057-45b99fa125935926d356e9b6	KBH-D057-f4bcce2e6d7e	0.03125763125763126
inc_1bd0f85d1967890c	3	KBC-D057-728f4de0d3d02c2e44535e4d	KBH-D057-f4bcce2e6d7e	0.030798389007344232
inc_1bd0f85d1967890c	4	KBC-D057-f43a5e910b133af7ef278865	KBH-D057-b33563055168	0.030621785881252923
inc_1bd0f85d1967890c	5	KBC-D057-e9a382e7d4fd09cb360debfc	KBH-D057-da53c9e679f7	0.029857397504456328
inc_1bd0f85d1967890c	6	KBC-D057-6eb155351cb0c12576824a54	KBH-D057-562ed69e4788	0.02967032967032967
inc_1bd0f85d1967890c	7	KBC-D057-0caeb6bf377ab228f9807bc3	KBH-D057-f4bcce2e6d7e	0.02964426877470356
inc_1bd0f85d1967890c	8	KBC-D057-d2dec06bc5ad6334bea381b1	KBH-D057-c118fc413f7c	0.028612012987012988
inc_1bd0f85d1967890c	9	KBC-D059-d30463249bc318fbf1d34bc5	KBH-D059-880cd100599f	0.027673192771084338
inc_1bd0f85d1967890c	10	KBC-D057-ebb2cf48c9eed9865917abc8	KBH-D057-b33563055168	0.02690501986276634
inc_1c35829e1a5668b7	1	KBC-D058-edeb594af96dcba74c1bf8f1	KBH-D058-c2749095504f	0.027146130794993832
inc_1c35829e1a5668b7	2	KBC-D059-d30463249bc318fbf1d34bc5	KBH-D059-880cd100599f	0.027106227106227107
inc_1c35829e1a5668b7	3	KBC-D058-5b86503d419c093f8eded70a	KBH-D058-22bb04d72ccf	0.02325881896885903
inc_1c35829e1a5668b7	4	KBC-D058-fc886b19f0f37dd0282ca673	KBH-D058-c2749095504f	0.022762345679012343
inc_1c35829e1a5668b7	5	KBC-D057-f43a5e910b133af7ef278865	KBH-D057-b33563055168	0.021527777777777778
inc_1c35829e1a5668b7	6	KBC-D057-45b99fa125935926d356e9b6	KBH-D057-f4bcce2e6d7e	0.021073646850044363
inc_1c35829e1a5668b7	7	KBC-D058-70d23bde47d3316dd574e62b	KBH-D058-aaa3e891815f	0.020495214315439034
inc_1c35829e1a5668b7	8	KBC-D059-05ba5f615d51b4b34e72449e	KBH-D059-90ee8fc78d14	0.01639344262295082
inc_1c35829e1a5668b7	9	KBC-D058-0c6a32d6d84824353de6825d	KBH-D058-57df42feca96	0.016129032258064516
inc_1c35829e1a5668b7	10	KBC-D059-57a63cfd29ea8f8856acd93d	KBH-D059-c5fd7b512fcf	0.016129032258064516
inc_1ceb6e079b0f93ee	1	KBC-D057-f6c48ce30e1e7270ef4116c4	KBH-D057-10119f6772e5	0.03131881575727918
inc_1ceb6e079b0f93ee	2	KBC-D057-4aa99ad9ca8a6ef110f7e03b	KBH-D057-f4bcce2e6d7e	0.031099324975891997
inc_1ceb6e079b0f93ee	3	KBC-D059-d30463249bc318fbf1d34bc5	KBH-D059-880cd100599f	0.030621785881252923
inc_1ceb6e079b0f93ee	4	KBC-D057-45b99fa125935926d356e9b6	KBH-D057-f4bcce2e6d7e	0.029857397504456328
inc_1ceb6e079b0f93ee	5	KBC-D057-728f4de0d3d02c2e44535e4d	KBH-D057-f4bcce2e6d7e	0.027673192771084338
inc_1ceb6e079b0f93ee	6	KBC-D058-60bac8f23d1c5f9ab5809f5c	KBH-D058-94f18a70ecb0	0.02664576802507837
inc_1ceb6e079b0f93ee	7	KBC-D058-10388242a077cec6edbb2a9b	KBH-D058-22bb04d72ccf	0.02649122807017544
inc_1ceb6e079b0f93ee	8	KBC-D057-878a460540274ab64e37e0c2	KBH-D057-10119f6772e5	0.026190476190476188
inc_1ceb6e079b0f93ee	9	KBC-D058-d1a0ce29e16ba99082a96368	KBH-D058-54c2092d43a5	0.025047327799621377
inc_1ceb6e079b0f93ee	10	KBC-D058-b868a54e37319ab0c268877e	KBH-D058-54c2092d43a5	0.024614919963757174
inc_1fa5a9117fca9344	1	KBC-D059-d30463249bc318fbf1d34bc5	KBH-D059-880cd100599f	0.028083267871170464
inc_1fa5a9117fca9344	2	KBC-D057-5cdb2d2b76a4a2a11b2c32fa	KBH-D057-86278876e6bf	0.02658450704225352
inc_1fa5a9117fca9344	3	KBC-D058-08c26d83a4bdb300a4368e59	KBH-D058-94f18a70ecb0	0.026500526500526502
inc_1fa5a9117fca9344	4	KBC-D058-2a6b22a3c5e42c4df64e3f65	KBH-D058-4067ea9b384b	0.026190476190476188
inc_1fa5a9117fca9344	5	KBC-D058-af53af35781acf2a26a8f0ba	KBH-D058-4067ea9b384b	0.025937081659973226
inc_1fa5a9117fca9344	6	KBC-D058-d231c3289e6fb5e62215bb71	KBH-D058-aaa3e891815f	0.025728708679368183
inc_1fa5a9117fca9344	7	KBC-D058-edeb594af96dcba74c1bf8f1	KBH-D058-c2749095504f	0.021405677655677656
inc_1fa5a9117fca9344	8	KBC-D057-f43a5e910b133af7ef278865	KBH-D057-b33563055168	0.02133696515718988
inc_1fa5a9117fca9344	9	KBC-D059-02fe0f70f9054ea8fda61e45	KBH-D059-40feb3b71482	0.019327731092436976
inc_1fa5a9117fca9344	10	KBC-D058-514d90b5cddd66fc4cd2057a	KBH-D058-94f18a70ecb0	0.01639344262295082
inc_25067c4b053b5763	1	KBC-D057-4aa99ad9ca8a6ef110f7e03b	KBH-D057-f4bcce2e6d7e	0.03278688524590164
inc_25067c4b053b5763	2	KBC-D057-728f4de0d3d02c2e44535e4d	KBH-D057-f4bcce2e6d7e	0.03149801587301587
inc_25067c4b053b5763	3	KBC-D057-e9a382e7d4fd09cb360debfc	KBH-D057-da53c9e679f7	0.030536130536130537
inc_25067c4b053b5763	4	KBC-D057-45b99fa125935926d356e9b6	KBH-D057-f4bcce2e6d7e	0.0304147465437788
inc_25067c4b053b5763	5	KBC-D057-6eb155351cb0c12576824a54	KBH-D057-562ed69e4788	0.030330882352941176
inc_25067c4b053b5763	6	KBC-D057-f43a5e910b133af7ef278865	KBH-D057-b33563055168	0.029236022193768675
inc_25067c4b053b5763	7	KBC-D057-d2dec06bc5ad6334bea381b1	KBH-D057-c118fc413f7c	0.028371628371628373
inc_25067c4b053b5763	8	KBC-D058-edeb594af96dcba74c1bf8f1	KBH-D058-c2749095504f	0.028006267136701922
inc_25067c4b053b5763	9	KBC-D058-b868a54e37319ab0c268877e	KBH-D058-54c2092d43a5	0.02758751902587519
inc_25067c4b053b5763	10	KBC-D057-0caeb6bf377ab228f9807bc3	KBH-D057-f4bcce2e6d7e	0.02712049508554787
inc_27b7f4b5f15eddcc	1	KBC-D057-0caeb6bf377ab228f9807bc3	KBH-D057-f4bcce2e6d7e	0.03225806451612903
inc_27b7f4b5f15eddcc	2	KBC-D057-728f4de0d3d02c2e44535e4d	KBH-D057-f4bcce2e6d7e	0.03047794966520434
inc_27b7f4b5f15eddcc	3	KBC-D057-e9a382e7d4fd09cb360debfc	KBH-D057-da53c9e679f7	0.029857397504456328
inc_27b7f4b5f15eddcc	4	KBC-D057-f43a5e910b133af7ef278865	KBH-D057-b33563055168	0.029850746268656716
inc_27b7f4b5f15eddcc	5	KBC-D057-6eb155351cb0c12576824a54	KBH-D057-562ed69e4788	0.02967032967032967
inc_27b7f4b5f15eddcc	6	KBC-D057-45b99fa125935926d356e9b6	KBH-D057-f4bcce2e6d7e	0.02938045560996381
inc_27b7f4b5f15eddcc	7	KBC-D057-ebb2cf48c9eed9865917abc8	KBH-D057-b33563055168	0.028381642512077296
inc_27b7f4b5f15eddcc	8	KBC-D059-d30463249bc318fbf1d34bc5	KBH-D059-880cd100599f	0.027730294396961064
inc_27b7f4b5f15eddcc	9	KBC-D058-edeb594af96dcba74c1bf8f1	KBH-D058-c2749095504f	0.026182294223531334
inc_27b7f4b5f15eddcc	10	KBC-D057-7c5704e3d5d36cf73e47a68e	KBH-D057-9db557923ec4	0.025
inc_28c54291b6ec0364	1	KBC-D057-0caeb6bf377ab228f9807bc3	KBH-D057-f4bcce2e6d7e	0.03125763125763126
inc_28c54291b6ec0364	2	KBC-D057-6eb155351cb0c12576824a54	KBH-D057-562ed69e4788	0.030886196246139225
inc_28c54291b6ec0364	3	KBC-D057-f43a5e910b133af7ef278865	KBH-D057-b33563055168	0.03021353930031804
inc_28c54291b6ec0364	4	KBC-D057-ebb2cf48c9eed9865917abc8	KBH-D057-b33563055168	0.029211087420042643
inc_28c54291b6ec0364	5	KBC-D057-728f4de0d3d02c2e44535e4d	KBH-D057-f4bcce2e6d7e	0.028588564574170333
inc_28c54291b6ec0364	6	KBC-D057-d2dec06bc5ad6334bea381b1	KBH-D057-c118fc413f7c	0.02736498731424429
inc_28c54291b6ec0364	7	KBC-D059-d30463249bc318fbf1d34bc5	KBH-D059-880cd100599f	0.02719970792259949
inc_28c54291b6ec0364	8	KBC-D057-e9a382e7d4fd09cb360debfc	KBH-D057-da53c9e679f7	0.02604430914933198
inc_28c54291b6ec0364	9	KBC-D057-90841863f220313bffa0377b	KBH-D057-1abc0a247aed	0.02490996398559424
inc_28c54291b6ec0364	10	KBC-D058-d1a0ce29e16ba99082a96368	KBH-D058-54c2092d43a5	0.02388888888888889
inc_28de536b28e1a888	1	KBC-D058-fe3ddeec3705e776748f2b37	KBH-D058-aaa3e891815f	0.029957522915269395
inc_28de536b28e1a888	2	KBC-D059-d30463249bc318fbf1d34bc5	KBH-D059-880cd100599f	0.02928692699490662
inc_28de536b28e1a888	3	KBC-D057-5cdb2d2b76a4a2a11b2c32fa	KBH-D057-86278876e6bf	0.02694394213381555
inc_28de536b28e1a888	4	KBC-D058-08c26d83a4bdb300a4368e59	KBH-D058-94f18a70ecb0	0.025978407557354925
inc_28de536b28e1a888	5	KBC-D057-6d507cb66b72d0a39ed73739	KBH-D057-b33563055168	0.025904203323558164
inc_28de536b28e1a888	6	KBC-D058-2a6b22a3c5e42c4df64e3f65	KBH-D058-4067ea9b384b	0.025793650793650792
inc_28de536b28e1a888	7	KBC-D058-af53af35781acf2a26a8f0ba	KBH-D058-4067ea9b384b	0.025561706284597852
inc_28de536b28e1a888	8	KBC-D058-edeb594af96dcba74c1bf8f1	KBH-D058-c2749095504f	0.024909420289855072
inc_28de536b28e1a888	9	KBC-D058-5b86503d419c093f8eded70a	KBH-D058-22bb04d72ccf	0.022399203583872575
inc_28de536b28e1a888	10	KBC-D057-f43a5e910b133af7ef278865	KBH-D057-b33563055168	0.020368072787427628
inc_2adbb3fd7fbcb7b3	1	KBC-D057-f43a5e910b133af7ef278865	KBH-D057-b33563055168	0.030536130536130537
inc_2adbb3fd7fbcb7b3	2	KBC-D057-0caeb6bf377ab228f9807bc3	KBH-D057-f4bcce2e6d7e	0.030090497737556562
inc_2adbb3fd7fbcb7b3	3	KBC-D057-6eb155351cb0c12576824a54	KBH-D057-562ed69e4788	0.029910714285714284
inc_2adbb3fd7fbcb7b3	4	KBC-D059-d30463249bc318fbf1d34bc5	KBH-D059-880cd100599f	0.029709507042253523
inc_2adbb3fd7fbcb7b3	5	KBC-D057-4aa99ad9ca8a6ef110f7e03b	KBH-D057-f4bcce2e6d7e	0.02889344262295082
inc_2adbb3fd7fbcb7b3	6	KBC-D057-728f4de0d3d02c2e44535e4d	KBH-D057-f4bcce2e6d7e	0.02886002886002886
inc_2adbb3fd7fbcb7b3	7	KBC-D057-45b99fa125935926d356e9b6	KBH-D057-f4bcce2e6d7e	0.028373015873015873
inc_2adbb3fd7fbcb7b3	8	KBC-D058-edeb594af96dcba74c1bf8f1	KBH-D058-c2749095504f	0.028309409888357256
inc_2adbb3fd7fbcb7b3	9	KBC-D057-d2dec06bc5ad6334bea381b1	KBH-D057-c118fc413f7c	0.028177225029148854
inc_2adbb3fd7fbcb7b3	10	KBC-D057-90841863f220313bffa0377b	KBH-D057-1abc0a247aed	0.02803379416282642
inc_41b29f4527655ffa	1	KBC-D057-0caeb6bf377ab228f9807bc3	KBH-D057-f4bcce2e6d7e	0.029850746268656716
inc_41b29f4527655ffa	2	KBC-D057-f43a5e910b133af7ef278865	KBH-D057-b33563055168	0.029709507042253523
inc_41b29f4527655ffa	3	KBC-D057-6eb155351cb0c12576824a54	KBH-D057-562ed69e4788	0.029551337359792925
inc_41b29f4527655ffa	4	KBC-D057-728f4de0d3d02c2e44535e4d	KBH-D057-f4bcce2e6d7e	0.028629032258064516
inc_41b29f4527655ffa	5	KBC-D059-d30463249bc318fbf1d34bc5	KBH-D059-880cd100599f	0.028371628371628373
inc_41b29f4527655ffa	6	KBC-D057-ebb2cf48c9eed9865917abc8	KBH-D057-b33563055168	0.028006267136701922
inc_41b29f4527655ffa	7	KBC-D057-d2dec06bc5ad6334bea381b1	KBH-D057-c118fc413f7c	0.02724014336917563
inc_41b29f4527655ffa	8	KBC-D058-10388242a077cec6edbb2a9b	KBH-D058-22bb04d72ccf	0.025974025974025976
inc_41b29f4527655ffa	9	KBC-D057-90841863f220313bffa0377b	KBH-D057-1abc0a247aed	0.025904203323558164
inc_41b29f4527655ffa	10	KBC-D057-e9a382e7d4fd09cb360debfc	KBH-D057-da53c9e679f7	0.02531645569620253
inc_42d05a5a96453d5d	1	KBC-D057-0caeb6bf377ab228f9807bc3	KBH-D057-f4bcce2e6d7e	0.03225806451612903
inc_42d05a5a96453d5d	2	KBC-D057-728f4de0d3d02c2e44535e4d	KBH-D057-f4bcce2e6d7e	0.029051670471052088
inc_42d05a5a96453d5d	3	KBC-D058-edeb594af96dcba74c1bf8f1	KBH-D058-c2749095504f	0.029030910609857977
inc_42d05a5a96453d5d	4	KBC-D057-6eb155351cb0c12576824a54	KBH-D057-562ed69e4788	0.0287391216352965
inc_42d05a5a96453d5d	5	KBC-D058-47c79baf332b61ba8c888fca	KBH-D058-14d8b6f74be5	0.02803921568627451
inc_42d05a5a96453d5d	6	KBC-D058-fc886b19f0f37dd0282ca673	KBH-D058-c2749095504f	0.027650648360030512
inc_42d05a5a96453d5d	7	KBC-D057-f43a5e910b133af7ef278865	KBH-D057-b33563055168	0.027526395173453996
inc_42d05a5a96453d5d	8	KBC-D057-ebb2cf48c9eed9865917abc8	KBH-D057-b33563055168	0.02690501986276634
inc_42d05a5a96453d5d	9	KBC-D058-65a7de2b1cd13f2d6190e03c	KBH-D058-aaa3e891815f	0.0261986301369863
inc_42d05a5a96453d5d	10	KBC-D057-d2dec06bc5ad6334bea381b1	KBH-D057-c118fc413f7c	0.02607709750566893
inc_430574ac0b58cf27	1	KBC-D059-d30463249bc318fbf1d34bc5	KBH-D059-880cd100599f	0.029827662395050816
inc_430574ac0b58cf27	2	KBC-D057-878a460540274ab64e37e0c2	KBH-D057-10119f6772e5	0.025974025974025976
inc_430574ac0b58cf27	3	KBC-D057-f43a5e910b133af7ef278865	KBH-D057-b33563055168	0.02506265664160401
inc_430574ac0b58cf27	4	KBC-D057-0caeb6bf377ab228f9807bc3	KBH-D057-f4bcce2e6d7e	0.024201491487266073
inc_430574ac0b58cf27	5	KBC-D058-10388242a077cec6edbb2a9b	KBH-D058-22bb04d72ccf	0.02319109461966605
inc_430574ac0b58cf27	6	KBC-D057-f6c48ce30e1e7270ef4116c4	KBH-D057-10119f6772e5	0.023148148148148147
inc_430574ac0b58cf27	7	KBC-D058-70d23bde47d3316dd574e62b	KBH-D058-aaa3e891815f	0.022574508560558024
inc_430574ac0b58cf27	8	KBC-D057-728f4de0d3d02c2e44535e4d	KBH-D057-f4bcce2e6d7e	0.02250764525993884
inc_430574ac0b58cf27	9	KBC-D058-5388925824db7450fe28f4fd	KBH-D058-c2749095504f	0.021988643228222787
inc_430574ac0b58cf27	10	KBC-D058-edeb594af96dcba74c1bf8f1	KBH-D058-c2749095504f	0.021637426900584796
inc_440b5aa2334e385c	1	KBC-D059-d30463249bc318fbf1d34bc5	KBH-D059-880cd100599f	0.027443609022556388
inc_440b5aa2334e385c	2	KBC-D058-10388242a077cec6edbb2a9b	KBH-D058-22bb04d72ccf	0.02530334418467002
inc_440b5aa2334e385c	3	KBC-D058-edeb594af96dcba74c1bf8f1	KBH-D058-c2749095504f	0.024224945926459983
inc_440b5aa2334e385c	4	KBC-D057-6d507cb66b72d0a39ed73739	KBH-D057-b33563055168	0.02250764525993884
inc_440b5aa2334e385c	5	KBC-D057-f43a5e910b133af7ef278865	KBH-D057-b33563055168	0.02248326386257421
inc_440b5aa2334e385c	6	KBC-D057-45b99fa125935926d356e9b6	KBH-D057-f4bcce2e6d7e	0.021505376344086023
inc_440b5aa2334e385c	7	KBC-D058-60bac8f23d1c5f9ab5809f5c	KBH-D058-94f18a70ecb0	0.021110500274876307
inc_440b5aa2334e385c	8	KBC-D059-aab6f70d0cfb018c37641a2e	KBH-D059-40feb3b71482	0.020753512132822477
inc_440b5aa2334e385c	9	KBC-D058-0c6a32d6d84824353de6825d	KBH-D058-57df42feca96	0.01639344262295082
inc_440b5aa2334e385c	10	KBC-D059-05ba5f615d51b4b34e72449e	KBH-D059-90ee8fc78d14	0.01639344262295082
inc_447fc19738a290b6	1	KBC-D057-0caeb6bf377ab228f9807bc3	KBH-D057-f4bcce2e6d7e	0.031544957774465976
inc_447fc19738a290b6	2	KBC-D057-6eb155351cb0c12576824a54	KBH-D057-562ed69e4788	0.03149801587301587
inc_447fc19738a290b6	3	KBC-D058-d231c3289e6fb5e62215bb71	KBH-D058-aaa3e891815f	0.03055037313432836
inc_447fc19738a290b6	4	KBC-D058-af53af35781acf2a26a8f0ba	KBH-D058-4067ea9b384b	0.029273504273504274
inc_447fc19738a290b6	5	KBC-D057-728f4de0d3d02c2e44535e4d	KBH-D057-f4bcce2e6d7e	0.029211087420042643
inc_447fc19738a290b6	6	KBC-D057-f43a5e910b133af7ef278865	KBH-D057-b33563055168	0.028790389395194696
inc_447fc19738a290b6	7	KBC-D057-d2dec06bc5ad6334bea381b1	KBH-D057-c118fc413f7c	0.02803379416282642
inc_447fc19738a290b6	8	KBC-D057-ebb2cf48c9eed9865917abc8	KBH-D057-b33563055168	0.02761904761904762
inc_447fc19738a290b6	9	KBC-D057-90841863f220313bffa0377b	KBH-D057-1abc0a247aed	0.026625704045058884
inc_447fc19738a290b6	10	KBC-D058-2a6b22a3c5e42c4df64e3f65	KBH-D058-4067ea9b384b	0.026470588235294117
inc_44cd59b13484c8ff	1	KBC-D057-4aa99ad9ca8a6ef110f7e03b	KBH-D057-f4bcce2e6d7e	0.03278688524590164
inc_44cd59b13484c8ff	2	KBC-D057-728f4de0d3d02c2e44535e4d	KBH-D057-f4bcce2e6d7e	0.031754032258064516
inc_44cd59b13484c8ff	3	KBC-D057-6eb155351cb0c12576824a54	KBH-D057-562ed69e4788	0.030330882352941176
inc_44cd59b13484c8ff	4	KBC-D057-45b99fa125935926d356e9b6	KBH-D057-f4bcce2e6d7e	0.030017921146953404
inc_44cd59b13484c8ff	5	KBC-D057-e9a382e7d4fd09cb360debfc	KBH-D057-da53c9e679f7	0.029418126757516764
inc_44cd59b13484c8ff	6	KBC-D059-d30463249bc318fbf1d34bc5	KBH-D059-880cd100599f	0.029273504273504274
inc_44cd59b13484c8ff	7	KBC-D057-f43a5e910b133af7ef278865	KBH-D057-b33563055168	0.029211087420042643
inc_44cd59b13484c8ff	8	KBC-D057-0caeb6bf377ab228f9807bc3	KBH-D057-f4bcce2e6d7e	0.028665028665028666
inc_44cd59b13484c8ff	9	KBC-D057-d2dec06bc5ad6334bea381b1	KBH-D057-c118fc413f7c	0.02728937728937729
inc_44cd59b13484c8ff	10	KBC-D057-ebb2cf48c9eed9865917abc8	KBH-D057-b33563055168	0.027071520029266508
inc_4a55280ad595ec8d	1	KBC-D057-0caeb6bf377ab228f9807bc3	KBH-D057-f4bcce2e6d7e	0.031054405392392875
inc_4a55280ad595ec8d	2	KBC-D057-728f4de0d3d02c2e44535e4d	KBH-D057-f4bcce2e6d7e	0.029877369007803793
inc_4a55280ad595ec8d	3	KBC-D057-6eb155351cb0c12576824a54	KBH-D057-562ed69e4788	0.029513888888888888
inc_4a55280ad595ec8d	4	KBC-D058-edeb594af96dcba74c1bf8f1	KBH-D058-c2749095504f	0.02886002886002886
inc_4a55280ad595ec8d	5	KBC-D057-f43a5e910b133af7ef278865	KBH-D057-b33563055168	0.028790389395194696
inc_4a55280ad595ec8d	6	KBC-D057-ebb2cf48c9eed9865917abc8	KBH-D057-b33563055168	0.02854251012145749
inc_4a55280ad595ec8d	7	KBC-D057-d2dec06bc5ad6334bea381b1	KBH-D057-c118fc413f7c	0.028021349599695006
inc_4a55280ad595ec8d	8	KBC-D057-90841863f220313bffa0377b	KBH-D057-1abc0a247aed	0.027893738140417457
inc_4a55280ad595ec8d	9	KBC-D059-d30463249bc318fbf1d34bc5	KBH-D059-880cd100599f	0.02681010928961749
inc_4a55280ad595ec8d	10	KBC-D058-10388242a077cec6edbb2a9b	KBH-D058-22bb04d72ccf	0.025677830940988834
inc_4b5a7b23f4b63679	1	KBC-D057-4aa99ad9ca8a6ef110f7e03b	KBH-D057-f4bcce2e6d7e	0.03278688524590164
inc_4b5a7b23f4b63679	2	KBC-D057-45b99fa125935926d356e9b6	KBH-D057-f4bcce2e6d7e	0.03200204813108039
inc_4b5a7b23f4b63679	3	KBC-D057-728f4de0d3d02c2e44535e4d	KBH-D057-f4bcce2e6d7e	0.031754032258064516
inc_4b5a7b23f4b63679	4	KBC-D057-0caeb6bf377ab228f9807bc3	KBH-D057-f4bcce2e6d7e	0.03007688828584351
inc_4b5a7b23f4b63679	5	KBC-D057-f43a5e910b133af7ef278865	KBH-D057-b33563055168	0.029709507042253523
inc_4b5a7b23f4b63679	6	KBC-D057-e9a382e7d4fd09cb360debfc	KBH-D057-da53c9e679f7	0.02964426877470356
inc_4b5a7b23f4b63679	7	KBC-D057-6eb155351cb0c12576824a54	KBH-D057-562ed69e4788	0.028991596638655463
inc_4b5a7b23f4b63679	8	KBC-D057-ebb2cf48c9eed9865917abc8	KBH-D057-b33563055168	0.027777777777777776
inc_4b5a7b23f4b63679	9	KBC-D058-10388242a077cec6edbb2a9b	KBH-D058-22bb04d72ccf	0.026687875574407917
inc_4b5a7b23f4b63679	10	KBC-D059-d30463249bc318fbf1d34bc5	KBH-D059-880cd100599f	0.02591362126245847
inc_4c41c0fdada72699	1	KBC-D057-6eb155351cb0c12576824a54	KBH-D057-562ed69e4788	0.031099324975891997
inc_4c41c0fdada72699	2	KBC-D057-0caeb6bf377ab228f9807bc3	KBH-D057-f4bcce2e6d7e	0.02976190476190476
inc_4c41c0fdada72699	3	KBC-D057-f43a5e910b133af7ef278865	KBH-D057-b33563055168	0.02946236559139785
inc_4c41c0fdada72699	4	KBC-D057-90841863f220313bffa0377b	KBH-D057-1abc0a247aed	0.028370221327967807
inc_4c41c0fdada72699	5	KBC-D057-728f4de0d3d02c2e44535e4d	KBH-D057-f4bcce2e6d7e	0.02821869488536155
inc_4c41c0fdada72699	6	KBC-D057-e9a382e7d4fd09cb360debfc	KBH-D057-da53c9e679f7	0.028205128205128206
inc_4c41c0fdada72699	7	KBC-D057-d2dec06bc5ad6334bea381b1	KBH-D057-c118fc413f7c	0.02803379416282642
inc_4c41c0fdada72699	8	KBC-D057-ebb2cf48c9eed9865917abc8	KBH-D057-b33563055168	0.027479766610201392
inc_4c41c0fdada72699	9	KBC-D057-4ad07558cdb6c225ea655d65	KBH-D057-fda19af7a97a	0.026161328190508135
inc_4c41c0fdada72699	10	KBC-D058-47c79baf332b61ba8c888fca	KBH-D058-14d8b6f74be5	0.025893752088205813
inc_50a3a0186cfb926a	1	KBC-D058-edeb594af96dcba74c1bf8f1	KBH-D058-c2749095504f	0.02736726874657909
inc_50a3a0186cfb926a	2	KBC-D059-d30463249bc318fbf1d34bc5	KBH-D059-880cd100599f	0.027106227106227107
inc_50a3a0186cfb926a	3	KBC-D058-2a6b22a3c5e42c4df64e3f65	KBH-D058-4067ea9b384b	0.024806892453951276
inc_50a3a0186cfb926a	4	KBC-D058-fc886b19f0f37dd0282ca673	KBH-D058-c2749095504f	0.023138297872340424
inc_50a3a0186cfb926a	5	KBC-D057-f43a5e910b133af7ef278865	KBH-D057-b33563055168	0.021637426900584796
inc_50a3a0186cfb926a	6	KBC-D058-b868a54e37319ab0c268877e	KBH-D058-54c2092d43a5	0.01639344262295082
inc_50a3a0186cfb926a	7	KBC-D059-05ba5f615d51b4b34e72449e	KBH-D059-90ee8fc78d14	0.01639344262295082
inc_50a3a0186cfb926a	8	KBC-D058-0c6a32d6d84824353de6825d	KBH-D058-57df42feca96	0.016129032258064516
inc_50a3a0186cfb926a	9	KBC-D059-57a63cfd29ea8f8856acd93d	KBH-D059-c5fd7b512fcf	0.016129032258064516
inc_50a3a0186cfb926a	10	KBC-D059-dd014a0c8a3a501f033195f9	KBH-D059-40feb3b71482	0.015873015873015872
inc_575674712ab891b4	1	KBC-D058-60bac8f23d1c5f9ab5809f5c	KBH-D058-94f18a70ecb0	0.02804284323271665
inc_575674712ab891b4	2	KBC-D059-d30463249bc318fbf1d34bc5	KBH-D059-880cd100599f	0.026875901875901876
inc_575674712ab891b4	3	KBC-D058-08c26d83a4bdb300a4368e59	KBH-D058-94f18a70ecb0	0.02581612258494337
inc_575674712ab891b4	4	KBC-D058-5b86503d419c093f8eded70a	KBH-D058-22bb04d72ccf	0.025676937441643323
inc_575674712ab891b4	5	KBC-D058-edeb594af96dcba74c1bf8f1	KBH-D058-c2749095504f	0.025052505250525055
inc_575674712ab891b4	6	KBC-D057-5cdb2d2b76a4a2a11b2c32fa	KBH-D057-86278876e6bf	0.02475171886936593
inc_575674712ab891b4	7	KBC-D058-d231c3289e6fb5e62215bb71	KBH-D058-aaa3e891815f	0.023399014778325122
inc_575674712ab891b4	8	KBC-D058-fc886b19f0f37dd0282ca673	KBH-D058-c2749095504f	0.021567717996289426
inc_575674712ab891b4	9	KBC-D057-f43a5e910b133af7ef278865	KBH-D057-b33563055168	0.019483590277120967
inc_575674712ab891b4	10	KBC-D058-514d90b5cddd66fc4cd2057a	KBH-D058-94f18a70ecb0	0.01639344262295082
inc_57f6ede7e94d009b	1	KBC-D057-0caeb6bf377ab228f9807bc3	KBH-D057-f4bcce2e6d7e	0.03125763125763126
inc_57f6ede7e94d009b	2	KBC-D057-f43a5e910b133af7ef278865	KBH-D057-b33563055168	0.029211087420042643
inc_57f6ede7e94d009b	3	KBC-D057-ebb2cf48c9eed9865917abc8	KBH-D057-b33563055168	0.028782894736842105
inc_57f6ede7e94d009b	4	KBC-D057-728f4de0d3d02c2e44535e4d	KBH-D057-f4bcce2e6d7e	0.02844163539403516
inc_57f6ede7e94d009b	5	KBC-D057-6eb155351cb0c12576824a54	KBH-D057-562ed69e4788	0.028371628371628373
inc_57f6ede7e94d009b	6	KBC-D057-90841863f220313bffa0377b	KBH-D057-1abc0a247aed	0.027212143650499815
inc_57f6ede7e94d009b	7	KBC-D057-d2dec06bc5ad6334bea381b1	KBH-D057-c118fc413f7c	0.027146130794993832
inc_57f6ede7e94d009b	8	KBC-D058-10388242a077cec6edbb2a9b	KBH-D058-22bb04d72ccf	0.026262626262626265
inc_57f6ede7e94d009b	9	KBC-D057-45b99fa125935926d356e9b6	KBH-D057-f4bcce2e6d7e	0.02487789987789988
inc_57f6ede7e94d009b	10	KBC-D057-e9a382e7d4fd09cb360debfc	KBH-D057-da53c9e679f7	0.02424331472230385
inc_5aec36653e1ae8e1	1	KBC-D057-f6c48ce30e1e7270ef4116c4	KBH-D057-10119f6772e5	0.03252247488101534
inc_5aec36653e1ae8e1	2	KBC-D059-d30463249bc318fbf1d34bc5	KBH-D059-880cd100599f	0.03128054740957967
inc_5aec36653e1ae8e1	3	KBC-D058-edeb594af96dcba74c1bf8f1	KBH-D058-c2749095504f	0.029273504273504274
inc_5aec36653e1ae8e1	4	KBC-D057-45b99fa125935926d356e9b6	KBH-D057-f4bcce2e6d7e	0.02797067901234568
inc_5aec36653e1ae8e1	5	KBC-D058-fc886b19f0f37dd0282ca673	KBH-D058-c2749095504f	0.027912386121341344
inc_5aec36653e1ae8e1	6	KBC-D057-e9a382e7d4fd09cb360debfc	KBH-D057-da53c9e679f7	0.027757078986587184
inc_5aec36653e1ae8e1	7	KBC-D057-4aa99ad9ca8a6ef110f7e03b	KBH-D057-f4bcce2e6d7e	0.02684684684684685
inc_5aec36653e1ae8e1	8	KBC-D057-728f4de0d3d02c2e44535e4d	KBH-D057-f4bcce2e6d7e	0.02668564312399929
inc_5aec36653e1ae8e1	9	KBC-D058-47c79baf332b61ba8c888fca	KBH-D058-14d8b6f74be5	0.02557544757033248
inc_5aec36653e1ae8e1	10	KBC-D058-b868a54e37319ab0c268877e	KBH-D058-54c2092d43a5	0.02474946856969329
inc_608c758f0e4c3f7c	1	KBC-D057-4aa99ad9ca8a6ef110f7e03b	KBH-D057-f4bcce2e6d7e	0.03278688524590164
inc_608c758f0e4c3f7c	2	KBC-D057-45b99fa125935926d356e9b6	KBH-D057-f4bcce2e6d7e	0.03200204813108039
inc_608c758f0e4c3f7c	3	KBC-D057-728f4de0d3d02c2e44535e4d	KBH-D057-f4bcce2e6d7e	0.03128054740957967
inc_608c758f0e4c3f7c	4	KBC-D057-f43a5e910b133af7ef278865	KBH-D057-b33563055168	0.030117753623188408
inc_608c758f0e4c3f7c	5	KBC-D057-e9a382e7d4fd09cb360debfc	KBH-D057-da53c9e679f7	0.029850746268656716
inc_608c758f0e4c3f7c	6	KBC-D057-0caeb6bf377ab228f9807bc3	KBH-D057-f4bcce2e6d7e	0.02967032967032967
inc_608c758f0e4c3f7c	7	KBC-D057-6eb155351cb0c12576824a54	KBH-D057-562ed69e4788	0.029411764705882353
inc_608c758f0e4c3f7c	8	KBC-D057-d2dec06bc5ad6334bea381b1	KBH-D057-c118fc413f7c	0.028612012987012988
inc_608c758f0e4c3f7c	9	KBC-D058-edeb594af96dcba74c1bf8f1	KBH-D058-c2749095504f	0.028169014084507043
inc_608c758f0e4c3f7c	10	KBC-D057-ebb2cf48c9eed9865917abc8	KBH-D057-b33563055168	0.02761904761904762
inc_618f73faa4a01c2c	1	KBC-D057-0caeb6bf377ab228f9807bc3	KBH-D057-f4bcce2e6d7e	0.031746031746031744
inc_618f73faa4a01c2c	2	KBC-D057-f43a5e910b133af7ef278865	KBH-D057-b33563055168	0.030776515151515152
inc_618f73faa4a01c2c	3	KBC-D057-6eb155351cb0c12576824a54	KBH-D057-562ed69e4788	0.02946912242686891
inc_618f73faa4a01c2c	4	KBC-D057-e9a382e7d4fd09cb360debfc	KBH-D057-da53c9e679f7	0.029411764705882353
inc_618f73faa4a01c2c	5	KBC-D057-4aa99ad9ca8a6ef110f7e03b	KBH-D057-f4bcce2e6d7e	0.02921395544346364
inc_618f73faa4a01c2c	6	KBC-D057-ebb2cf48c9eed9865917abc8	KBH-D057-b33563055168	0.028438886647841874
inc_618f73faa4a01c2c	7	KBC-D057-90841863f220313bffa0377b	KBH-D057-1abc0a247aed	0.028309409888357256
inc_618f73faa4a01c2c	8	KBC-D057-d2dec06bc5ad6334bea381b1	KBH-D057-c118fc413f7c	0.028177225029148854
inc_618f73faa4a01c2c	9	KBC-D058-edeb594af96dcba74c1bf8f1	KBH-D058-c2749095504f	0.028177225029148854
inc_618f73faa4a01c2c	10	KBC-D057-45b99fa125935926d356e9b6	KBH-D057-f4bcce2e6d7e	0.028125
inc_66efae16cc927faf	1	KBC-D057-4aa99ad9ca8a6ef110f7e03b	KBH-D057-f4bcce2e6d7e	0.03278688524590164
inc_66efae16cc927faf	2	KBC-D057-45b99fa125935926d356e9b6	KBH-D057-f4bcce2e6d7e	0.031754032258064516
inc_66efae16cc927faf	3	KBC-D057-728f4de0d3d02c2e44535e4d	KBH-D057-f4bcce2e6d7e	0.031754032258064516
inc_66efae16cc927faf	4	KBC-D057-f43a5e910b133af7ef278865	KBH-D057-b33563055168	0.02967032967032967
inc_66efae16cc927faf	5	KBC-D057-e9a382e7d4fd09cb360debfc	KBH-D057-da53c9e679f7	0.029631255487269532
inc_66efae16cc927faf	6	KBC-D057-6eb155351cb0c12576824a54	KBH-D057-562ed69e4788	0.029418126757516764
inc_66efae16cc927faf	7	KBC-D059-d30463249bc318fbf1d34bc5	KBH-D059-880cd100599f	0.029386529386529386
inc_66efae16cc927faf	8	KBC-D057-0caeb6bf377ab228f9807bc3	KBH-D057-f4bcce2e6d7e	0.028484848484848488
inc_66efae16cc927faf	9	KBC-D057-d2dec06bc5ad6334bea381b1	KBH-D057-c118fc413f7c	0.02804284323271665
inc_66efae16cc927faf	10	KBC-D057-ebb2cf48c9eed9865917abc8	KBH-D057-b33563055168	0.02690501986276634
inc_7b4b399e7c81a552	1	KBC-D057-4aa99ad9ca8a6ef110f7e03b	KBH-D057-f4bcce2e6d7e	0.03278688524590164
inc_7b4b399e7c81a552	2	KBC-D057-728f4de0d3d02c2e44535e4d	KBH-D057-f4bcce2e6d7e	0.03200204813108039
inc_7b4b399e7c81a552	3	KBC-D057-f43a5e910b133af7ef278865	KBH-D057-b33563055168	0.030330882352941176
inc_7b4b399e7c81a552	4	KBC-D057-6eb155351cb0c12576824a54	KBH-D057-562ed69e4788	0.03007688828584351
inc_7b4b399e7c81a552	5	KBC-D057-0caeb6bf377ab228f9807bc3	KBH-D057-f4bcce2e6d7e	0.029910714285714284
inc_7b4b399e7c81a552	6	KBC-D057-45b99fa125935926d356e9b6	KBH-D057-f4bcce2e6d7e	0.029827662395050816
inc_7b4b399e7c81a552	7	KBC-D057-e9a382e7d4fd09cb360debfc	KBH-D057-da53c9e679f7	0.02919863597612958
inc_7b4b399e7c81a552	8	KBC-D057-d2dec06bc5ad6334bea381b1	KBH-D057-c118fc413f7c	0.02854251012145749
inc_7b4b399e7c81a552	9	KBC-D059-d30463249bc318fbf1d34bc5	KBH-D059-880cd100599f	0.026022913256955812
inc_7b4b399e7c81a552	10	KBC-D057-ebb2cf48c9eed9865917abc8	KBH-D057-b33563055168	0.02557875991581674
inc_8130066a520a5fda	1	KBC-D057-4aa99ad9ca8a6ef110f7e03b	KBH-D057-f4bcce2e6d7e	0.03177805800756621
inc_8130066a520a5fda	2	KBC-D057-45b99fa125935926d356e9b6	KBH-D057-f4bcce2e6d7e	0.03125763125763126
inc_8130066a520a5fda	3	KBC-D057-728f4de0d3d02c2e44535e4d	KBH-D057-f4bcce2e6d7e	0.031054405392392875
inc_8130066a520a5fda	4	KBC-D057-0caeb6bf377ab228f9807bc3	KBH-D057-f4bcce2e6d7e	0.030776515151515152
inc_8130066a520a5fda	5	KBC-D057-f43a5e910b133af7ef278865	KBH-D057-b33563055168	0.03036576949620428
inc_8130066a520a5fda	6	KBC-D057-e9a382e7d4fd09cb360debfc	KBH-D057-da53c9e679f7	0.03007688828584351
inc_8130066a520a5fda	7	KBC-D057-d2dec06bc5ad6334bea381b1	KBH-D057-c118fc413f7c	0.02878726010616578
inc_8130066a520a5fda	8	KBC-D057-ebb2cf48c9eed9865917abc8	KBH-D057-b33563055168	0.02857142857142857
inc_8130066a520a5fda	9	KBC-D059-d30463249bc318fbf1d34bc5	KBH-D059-880cd100599f	0.028283227848101264
inc_8130066a520a5fda	10	KBC-D057-6eb155351cb0c12576824a54	KBH-D057-562ed69e4788	0.02821939586645469
inc_83a340a96d2c2698	1	KBC-D057-4aa99ad9ca8a6ef110f7e03b	KBH-D057-f4bcce2e6d7e	0.03252247488101534
inc_83a340a96d2c2698	2	KBC-D057-728f4de0d3d02c2e44535e4d	KBH-D057-f4bcce2e6d7e	0.032018442622950824
inc_83a340a96d2c2698	3	KBC-D057-45b99fa125935926d356e9b6	KBH-D057-f4bcce2e6d7e	0.03200204813108039
inc_83a340a96d2c2698	4	KBC-D057-f43a5e910b133af7ef278865	KBH-D057-b33563055168	0.029877369007803793
inc_83a340a96d2c2698	5	KBC-D057-0caeb6bf377ab228f9807bc3	KBH-D057-f4bcce2e6d7e	0.029631255487269532
inc_83a340a96d2c2698	6	KBC-D057-e9a382e7d4fd09cb360debfc	KBH-D057-da53c9e679f7	0.029236022193768675
inc_83a340a96d2c2698	7	KBC-D057-6eb155351cb0c12576824a54	KBH-D057-562ed69e4788	0.02919863597612958
inc_83a340a96d2c2698	8	KBC-D058-edeb594af96dcba74c1bf8f1	KBH-D058-c2749095504f	0.027972027972027972
inc_83a340a96d2c2698	9	KBC-D057-ebb2cf48c9eed9865917abc8	KBH-D057-b33563055168	0.027799227799227798
inc_83a340a96d2c2698	10	KBC-D059-d30463249bc318fbf1d34bc5	KBH-D059-880cd100599f	0.027425373134328357
inc_85da4b2224175866	1	KBC-D057-0caeb6bf377ab228f9807bc3	KBH-D057-f4bcce2e6d7e	0.03252247488101534
inc_85da4b2224175866	2	KBC-D057-728f4de0d3d02c2e44535e4d	KBH-D057-f4bcce2e6d7e	0.030679156908665108
inc_85da4b2224175866	3	KBC-D057-f43a5e910b133af7ef278865	KBH-D057-b33563055168	0.029418126757516764
inc_85da4b2224175866	4	KBC-D057-45b99fa125935926d356e9b6	KBH-D057-f4bcce2e6d7e	0.02878726010616578
inc_85da4b2224175866	5	KBC-D057-ebb2cf48c9eed9865917abc8	KBH-D057-b33563055168	0.02749719416386083
inc_85da4b2224175866	6	KBC-D057-6eb155351cb0c12576824a54	KBH-D057-562ed69e4788	0.02728937728937729
inc_85da4b2224175866	7	KBC-D057-90841863f220313bffa0377b	KBH-D057-1abc0a247aed	0.02666666666666667
inc_85da4b2224175866	8	KBC-D059-d30463249bc318fbf1d34bc5	KBH-D059-880cd100599f	0.026151315789473682
inc_85da4b2224175866	9	KBC-D057-e9a382e7d4fd09cb360debfc	KBH-D057-da53c9e679f7	0.025603864734299518
inc_85da4b2224175866	10	KBC-D057-d2dec06bc5ad6334bea381b1	KBH-D057-c118fc413f7c	0.025047327799621377
inc_87e54e05272da43e	1	KBC-D057-4aa99ad9ca8a6ef110f7e03b	KBH-D057-f4bcce2e6d7e	0.03252247488101534
inc_87e54e05272da43e	2	KBC-D057-728f4de0d3d02c2e44535e4d	KBH-D057-f4bcce2e6d7e	0.03177805800756621
inc_87e54e05272da43e	3	KBC-D057-e9a382e7d4fd09cb360debfc	KBH-D057-da53c9e679f7	0.03055037313432836
inc_87e54e05272da43e	4	KBC-D057-0caeb6bf377ab228f9807bc3	KBH-D057-f4bcce2e6d7e	0.030303030303030304
inc_87e54e05272da43e	5	KBC-D057-f43a5e910b133af7ef278865	KBH-D057-b33563055168	0.029877369007803793
inc_87e54e05272da43e	6	KBC-D058-edeb594af96dcba74c1bf8f1	KBH-D058-c2749095504f	0.029211087420042643
inc_87e54e05272da43e	7	KBC-D057-45b99fa125935926d356e9b6	KBH-D057-f4bcce2e6d7e	0.02886002886002886
inc_87e54e05272da43e	8	KBC-D057-6eb155351cb0c12576824a54	KBH-D057-562ed69e4788	0.028404512489927477
inc_87e54e05272da43e	9	KBC-D059-d30463249bc318fbf1d34bc5	KBH-D059-880cd100599f	0.02782608695652174
inc_87e54e05272da43e	10	KBC-D057-d2dec06bc5ad6334bea381b1	KBH-D057-c118fc413f7c	0.026860955056179775
inc_90a870236431d8c2	1	KBC-D057-0caeb6bf377ab228f9807bc3	KBH-D057-f4bcce2e6d7e	0.03200204813108039
inc_90a870236431d8c2	2	KBC-D057-f43a5e910b133af7ef278865	KBH-D057-b33563055168	0.030117753623188408
inc_90a870236431d8c2	3	KBC-D057-6eb155351cb0c12576824a54	KBH-D057-562ed69e4788	0.029273504273504274
inc_90a870236431d8c2	4	KBC-D057-e9a382e7d4fd09cb360debfc	KBH-D057-da53c9e679f7	0.029236022193768675
inc_90a870236431d8c2	5	KBC-D058-edeb594af96dcba74c1bf8f1	KBH-D058-c2749095504f	0.029051670471052088
inc_90a870236431d8c2	6	KBC-D057-728f4de0d3d02c2e44535e4d	KBH-D057-f4bcce2e6d7e	0.028205128205128206
inc_90a870236431d8c2	7	KBC-D058-d231c3289e6fb5e62215bb71	KBH-D058-aaa3e891815f	0.02803921568627451
inc_90a870236431d8c2	8	KBC-D057-45b99fa125935926d356e9b6	KBH-D057-f4bcce2e6d7e	0.027629397679130595
inc_90a870236431d8c2	9	KBC-D057-ebb2cf48c9eed9865917abc8	KBH-D057-b33563055168	0.02690501986276634
inc_90a870236431d8c2	10	KBC-D057-d2dec06bc5ad6334bea381b1	KBH-D057-c118fc413f7c	0.026625704045058884
inc_90e5302a86a23a8e	1	KBC-D057-4aa99ad9ca8a6ef110f7e03b	KBH-D057-f4bcce2e6d7e	0.03278688524590164
inc_90e5302a86a23a8e	2	KBC-D057-728f4de0d3d02c2e44535e4d	KBH-D057-f4bcce2e6d7e	0.031024531024531024
inc_90e5302a86a23a8e	3	KBC-D057-45b99fa125935926d356e9b6	KBH-D057-f4bcce2e6d7e	0.03057889822595705
inc_90e5302a86a23a8e	4	KBC-D057-f43a5e910b133af7ef278865	KBH-D057-b33563055168	0.0304147465437788
inc_90e5302a86a23a8e	5	KBC-D057-e9a382e7d4fd09cb360debfc	KBH-D057-da53c9e679f7	0.029857397504456328
inc_90e5302a86a23a8e	6	KBC-D057-6eb155351cb0c12576824a54	KBH-D057-562ed69e4788	0.02967032967032967
inc_90e5302a86a23a8e	7	KBC-D059-d30463249bc318fbf1d34bc5	KBH-D059-880cd100599f	0.0288981288981289
inc_90e5302a86a23a8e	8	KBC-D057-d2dec06bc5ad6334bea381b1	KBH-D057-c118fc413f7c	0.028283227848101264
inc_90e5302a86a23a8e	9	KBC-D057-0caeb6bf377ab228f9807bc3	KBH-D057-f4bcce2e6d7e	0.027271052146674038
inc_90e5302a86a23a8e	10	KBC-D057-ebb2cf48c9eed9865917abc8	KBH-D057-b33563055168	0.026856524873828405
inc_9cb53216929f92e8	1	KBC-D057-4aa99ad9ca8a6ef110f7e03b	KBH-D057-f4bcce2e6d7e	0.03278688524590164
inc_9cb53216929f92e8	2	KBC-D057-728f4de0d3d02c2e44535e4d	KBH-D057-f4bcce2e6d7e	0.03125763125763126
inc_9cb53216929f92e8	3	KBC-D057-f43a5e910b133af7ef278865	KBH-D057-b33563055168	0.030621785881252923
inc_9cb53216929f92e8	4	KBC-D057-45b99fa125935926d356e9b6	KBH-D057-f4bcce2e6d7e	0.03057889822595705
inc_9cb53216929f92e8	5	KBC-D057-e9a382e7d4fd09cb360debfc	KBH-D057-da53c9e679f7	0.030309988518943745
inc_9cb53216929f92e8	6	KBC-D057-6eb155351cb0c12576824a54	KBH-D057-562ed69e4788	0.02919863597612958
inc_9cb53216929f92e8	7	KBC-D059-d30463249bc318fbf1d34bc5	KBH-D059-880cd100599f	0.029138513513513514
inc_9cb53216929f92e8	8	KBC-D057-0caeb6bf377ab228f9807bc3	KBH-D057-f4bcce2e6d7e	0.02904040404040404
inc_9cb53216929f92e8	9	KBC-D057-d2dec06bc5ad6334bea381b1	KBH-D057-c118fc413f7c	0.028612012987012988
inc_9cb53216929f92e8	10	KBC-D057-ebb2cf48c9eed9865917abc8	KBH-D057-b33563055168	0.027443609022556388
inc_9f1ea2bb590b03b0	1	KBC-D058-10388242a077cec6edbb2a9b	KBH-D058-22bb04d72ccf	0.03125
inc_9f1ea2bb590b03b0	2	KBC-D059-d30463249bc318fbf1d34bc5	KBH-D059-880cd100599f	0.029437229437229435
inc_9f1ea2bb590b03b0	3	KBC-D057-878a460540274ab64e37e0c2	KBH-D057-10119f6772e5	0.029083245521601686
inc_9f1ea2bb590b03b0	4	KBC-D058-9c00a77232e7edf2e0aa73a7	KBH-D058-aaa3e891815f	0.02832415420928403
inc_9f1ea2bb590b03b0	5	KBC-D057-f43a5e910b133af7ef278865	KBH-D057-b33563055168	0.02817460317460317
inc_9f1ea2bb590b03b0	6	KBC-D058-edeb594af96dcba74c1bf8f1	KBH-D058-c2749095504f	0.02803379416282642
inc_9f1ea2bb590b03b0	7	KBC-D058-b868a54e37319ab0c268877e	KBH-D058-54c2092d43a5	0.025987006496751626
inc_9f1ea2bb590b03b0	8	KBC-D058-af53af35781acf2a26a8f0ba	KBH-D058-4067ea9b384b	0.025676937441643323
inc_9f1ea2bb590b03b0	9	KBC-D058-d1a0ce29e16ba99082a96368	KBH-D058-54c2092d43a5	0.02454819277108434
inc_9f1ea2bb590b03b0	10	KBC-D058-7a65d80dedb5476f8b499ca2	KBH-D058-57df42feca96	0.024422933730454205
inc_9fd3139546e98ac3	1	KBC-D057-4aa99ad9ca8a6ef110f7e03b	KBH-D057-f4bcce2e6d7e	0.03278688524590164
inc_9fd3139546e98ac3	2	KBC-D057-728f4de0d3d02c2e44535e4d	KBH-D057-f4bcce2e6d7e	0.0315136476426799
inc_9fd3139546e98ac3	3	KBC-D057-45b99fa125935926d356e9b6	KBH-D057-f4bcce2e6d7e	0.031024531024531024
inc_9fd3139546e98ac3	4	KBC-D057-e9a382e7d4fd09cb360debfc	KBH-D057-da53c9e679f7	0.030776515151515152
inc_9fd3139546e98ac3	5	KBC-D057-f43a5e910b133af7ef278865	KBH-D057-b33563055168	0.03057889822595705
inc_9fd3139546e98ac3	6	KBC-D057-6eb155351cb0c12576824a54	KBH-D057-562ed69e4788	0.029631255487269532
inc_9fd3139546e98ac3	7	KBC-D057-ebb2cf48c9eed9865917abc8	KBH-D057-b33563055168	0.02877846790890269
inc_9fd3139546e98ac3	8	KBC-D057-d2dec06bc5ad6334bea381b1	KBH-D057-c118fc413f7c	0.028612012987012988
inc_9fd3139546e98ac3	9	KBC-D059-d30463249bc318fbf1d34bc5	KBH-D059-880cd100599f	0.028006267136701922
inc_9fd3139546e98ac3	10	KBC-D057-d1710294594e7e8b042d5ad2	KBH-D057-b33563055168	0.026767330130404943
inc_a03afc5462052d9f	1	KBC-D057-0caeb6bf377ab228f9807bc3	KBH-D057-f4bcce2e6d7e	0.03200204813108039
inc_a03afc5462052d9f	2	KBC-D057-728f4de0d3d02c2e44535e4d	KBH-D057-f4bcce2e6d7e	0.03028233151183971
inc_a03afc5462052d9f	3	KBC-D057-ebb2cf48c9eed9865917abc8	KBH-D057-b33563055168	0.02854251012145749
inc_a03afc5462052d9f	4	KBC-D057-6eb155351cb0c12576824a54	KBH-D057-562ed69e4788	0.02844551282051282
inc_a03afc5462052d9f	5	KBC-D057-f43a5e910b133af7ef278865	KBH-D057-b33563055168	0.028258706467661692
inc_a03afc5462052d9f	6	KBC-D058-47c79baf332b61ba8c888fca	KBH-D058-14d8b6f74be5	0.026992753623188405
inc_a03afc5462052d9f	7	KBC-D057-90841863f220313bffa0377b	KBH-D057-1abc0a247aed	0.026856524873828405
inc_a03afc5462052d9f	8	KBC-D058-edeb594af96dcba74c1bf8f1	KBH-D058-c2749095504f	0.02623004235907462
inc_a03afc5462052d9f	9	KBC-D058-65a7de2b1cd13f2d6190e03c	KBH-D058-aaa3e891815f	0.026200135226504394
inc_a03afc5462052d9f	10	KBC-D057-d2dec06bc5ad6334bea381b1	KBH-D057-c118fc413f7c	0.02548435171385991
inc_a2887d6c9ebacc44	1	KBC-D057-4aa99ad9ca8a6ef110f7e03b	KBH-D057-f4bcce2e6d7e	0.03252247488101534
inc_a2887d6c9ebacc44	2	KBC-D057-728f4de0d3d02c2e44535e4d	KBH-D057-f4bcce2e6d7e	0.032018442622950824
inc_a2887d6c9ebacc44	3	KBC-D057-0caeb6bf377ab228f9807bc3	KBH-D057-f4bcce2e6d7e	0.03055037313432836
inc_a2887d6c9ebacc44	4	KBC-D057-6eb155351cb0c12576824a54	KBH-D057-562ed69e4788	0.029857397504456328
inc_a2887d6c9ebacc44	5	KBC-D057-e9a382e7d4fd09cb360debfc	KBH-D057-da53c9e679f7	0.02964426877470356
inc_a2887d6c9ebacc44	6	KBC-D057-45b99fa125935926d356e9b6	KBH-D057-f4bcce2e6d7e	0.02946236559139785
inc_a2887d6c9ebacc44	7	KBC-D057-f43a5e910b133af7ef278865	KBH-D057-b33563055168	0.02919863597612958
inc_a2887d6c9ebacc44	8	KBC-D058-edeb594af96dcba74c1bf8f1	KBH-D058-c2749095504f	0.028371628371628373
inc_a2887d6c9ebacc44	9	KBC-D057-ebb2cf48c9eed9865917abc8	KBH-D057-b33563055168	0.027799227799227798
inc_a2887d6c9ebacc44	10	KBC-D059-d30463249bc318fbf1d34bc5	KBH-D059-880cd100599f	0.02712049508554787
inc_a5147fba2d0d1f50	1	KBC-D057-0caeb6bf377ab228f9807bc3	KBH-D057-f4bcce2e6d7e	0.030886196246139225
inc_a5147fba2d0d1f50	2	KBC-D057-728f4de0d3d02c2e44535e4d	KBH-D057-f4bcce2e6d7e	0.030536130536130537
inc_a5147fba2d0d1f50	3	KBC-D057-f43a5e910b133af7ef278865	KBH-D057-b33563055168	0.029910714285714284
inc_a5147fba2d0d1f50	4	KBC-D057-6eb155351cb0c12576824a54	KBH-D057-562ed69e4788	0.029571646010002173
inc_a5147fba2d0d1f50	5	KBC-D057-ebb2cf48c9eed9865917abc8	KBH-D057-b33563055168	0.027364110201042444
inc_a5147fba2d0d1f50	6	KBC-D057-d2dec06bc5ad6334bea381b1	KBH-D057-c118fc413f7c	0.026881720430107527
inc_a5147fba2d0d1f50	7	KBC-D058-af53af35781acf2a26a8f0ba	KBH-D058-4067ea9b384b	0.0265113137453563
inc_a5147fba2d0d1f50	8	KBC-D058-2a6b22a3c5e42c4df64e3f65	KBH-D058-4067ea9b384b	0.02632034632034632
inc_a5147fba2d0d1f50	9	KBC-D057-90841863f220313bffa0377b	KBH-D057-1abc0a247aed	0.026140526140526144
inc_a5147fba2d0d1f50	10	KBC-D058-d231c3289e6fb5e62215bb71	KBH-D058-aaa3e891815f	0.02606951871657754
inc_a7c4ff1c43ab561f	1	KBC-D057-6eb155351cb0c12576824a54	KBH-D057-562ed69e4788	0.031009615384615385
inc_a7c4ff1c43ab561f	2	KBC-D057-0caeb6bf377ab228f9807bc3	KBH-D057-f4bcce2e6d7e	0.03036576949620428
inc_a7c4ff1c43ab561f	3	KBC-D057-f43a5e910b133af7ef278865	KBH-D057-b33563055168	0.03007688828584351
inc_a7c4ff1c43ab561f	4	KBC-D057-ebb2cf48c9eed9865917abc8	KBH-D057-b33563055168	0.029138513513513514
inc_a7c4ff1c43ab561f	5	KBC-D057-d2dec06bc5ad6334bea381b1	KBH-D057-c118fc413f7c	0.028298204527712725
inc_a7c4ff1c43ab561f	6	KBC-D057-90841863f220313bffa0377b	KBH-D057-1abc0a247aed	0.027984344422700584
inc_a7c4ff1c43ab561f	7	KBC-D057-728f4de0d3d02c2e44535e4d	KBH-D057-f4bcce2e6d7e	0.027205882352941177
inc_a7c4ff1c43ab561f	8	KBC-D058-10388242a077cec6edbb2a9b	KBH-D058-22bb04d72ccf	0.02594183740912095
inc_a7c4ff1c43ab561f	9	KBC-D057-e9a382e7d4fd09cb360debfc	KBH-D057-da53c9e679f7	0.02581612258494337
inc_a7c4ff1c43ab561f	10	KBC-D059-d30463249bc318fbf1d34bc5	KBH-D059-880cd100599f	0.025567754549556326
inc_a9c5f4078ddde5fb	1	KBC-D057-4aa99ad9ca8a6ef110f7e03b	KBH-D057-f4bcce2e6d7e	0.03278688524590164
inc_a9c5f4078ddde5fb	2	KBC-D057-45b99fa125935926d356e9b6	KBH-D057-f4bcce2e6d7e	0.03200204813108039
inc_a9c5f4078ddde5fb	3	KBC-D057-728f4de0d3d02c2e44535e4d	KBH-D057-f4bcce2e6d7e	0.031754032258064516
inc_a9c5f4078ddde5fb	4	KBC-D057-0caeb6bf377ab228f9807bc3	KBH-D057-f4bcce2e6d7e	0.03007688828584351
inc_a9c5f4078ddde5fb	5	KBC-D057-e9a382e7d4fd09cb360debfc	KBH-D057-da53c9e679f7	0.03007688828584351
inc_a9c5f4078ddde5fb	6	KBC-D057-f43a5e910b133af7ef278865	KBH-D057-b33563055168	0.029877369007803793
inc_a9c5f4078ddde5fb	7	KBC-D057-6eb155351cb0c12576824a54	KBH-D057-562ed69e4788	0.028790389395194696
inc_a9c5f4078ddde5fb	8	KBC-D058-edeb594af96dcba74c1bf8f1	KBH-D058-c2749095504f	0.028404512489927477
inc_a9c5f4078ddde5fb	9	KBC-D057-ebb2cf48c9eed9865917abc8	KBH-D057-b33563055168	0.02758751902587519
inc_a9c5f4078ddde5fb	10	KBC-D057-d2dec06bc5ad6334bea381b1	KBH-D057-c118fc413f7c	0.02674825174825175
inc_ac67c10adc4fe094	1	KBC-D059-d30463249bc318fbf1d34bc5	KBH-D059-880cd100599f	0.028258706467661692
inc_ac67c10adc4fe094	2	KBC-D058-edeb594af96dcba74c1bf8f1	KBH-D058-c2749095504f	0.02738970588235294
inc_ac67c10adc4fe094	3	KBC-D058-08c26d83a4bdb300a4368e59	KBH-D058-94f18a70ecb0	0.02631578947368421
inc_ac67c10adc4fe094	4	KBC-D057-5cdb2d2b76a4a2a11b2c32fa	KBH-D057-86278876e6bf	0.026234567901234566
inc_ac67c10adc4fe094	5	KBC-D058-2a6b22a3c5e42c4df64e3f65	KBH-D058-4067ea9b384b	0.025989268947015427
inc_ac67c10adc4fe094	6	KBC-D058-af53af35781acf2a26a8f0ba	KBH-D058-4067ea9b384b	0.025561706284597852
inc_ac67c10adc4fe094	7	KBC-D058-d231c3289e6fb5e62215bb71	KBH-D058-aaa3e891815f	0.025362318840579712
inc_ac67c10adc4fe094	8	KBC-D058-5b86503d419c093f8eded70a	KBH-D058-22bb04d72ccf	0.024115296803652965
inc_ac67c10adc4fe094	9	KBC-D058-10388242a077cec6edbb2a9b	KBH-D058-22bb04d72ccf	0.023376623376623377
inc_ac67c10adc4fe094	10	KBC-D057-f43a5e910b133af7ef278865	KBH-D057-b33563055168	0.020368072787427628
inc_b65b223fe2861ce9	1	KBC-D057-0caeb6bf377ab228f9807bc3	KBH-D057-f4bcce2e6d7e	0.03252247488101534
inc_b65b223fe2861ce9	2	KBC-D057-728f4de0d3d02c2e44535e4d	KBH-D057-f4bcce2e6d7e	0.032018442622950824
inc_b65b223fe2861ce9	3	KBC-D057-6eb155351cb0c12576824a54	KBH-D057-562ed69e4788	0.029386529386529386
inc_b65b223fe2861ce9	4	KBC-D057-f43a5e910b133af7ef278865	KBH-D057-b33563055168	0.027031963470319637
inc_b65b223fe2861ce9	5	KBC-D057-ebb2cf48c9eed9865917abc8	KBH-D057-b33563055168	0.026875901875901876
inc_b65b223fe2861ce9	6	KBC-D057-d2dec06bc5ad6334bea381b1	KBH-D057-c118fc413f7c	0.025837770122142185
inc_b65b223fe2861ce9	7	KBC-D057-90841863f220313bffa0377b	KBH-D057-1abc0a247aed	0.025342039800995024
inc_b65b223fe2861ce9	8	KBC-D058-10388242a077cec6edbb2a9b	KBH-D058-22bb04d72ccf	0.024497309544038517
inc_b65b223fe2861ce9	9	KBC-D057-e9a382e7d4fd09cb360debfc	KBH-D057-da53c9e679f7	0.024448419797257006
inc_b65b223fe2861ce9	10	KBC-D057-45b99fa125935926d356e9b6	KBH-D057-f4bcce2e6d7e	0.024285714285714285
inc_b6893051f6d2b73e	1	KBC-D057-0caeb6bf377ab228f9807bc3	KBH-D057-f4bcce2e6d7e	0.031754032258064516
inc_b6893051f6d2b73e	2	KBC-D057-728f4de0d3d02c2e44535e4d	KBH-D057-f4bcce2e6d7e	0.03131881575727918
inc_b6893051f6d2b73e	3	KBC-D057-6eb155351cb0c12576824a54	KBH-D057-562ed69e4788	0.02921395544346364
inc_b6893051f6d2b73e	4	KBC-D057-f43a5e910b133af7ef278865	KBH-D057-b33563055168	0.028258706467661692
inc_b6893051f6d2b73e	5	KBC-D057-e9a382e7d4fd09cb360debfc	KBH-D057-da53c9e679f7	0.027884615384615386
inc_b6893051f6d2b73e	6	KBC-D058-edeb594af96dcba74c1bf8f1	KBH-D058-c2749095504f	0.027884615384615386
inc_b6893051f6d2b73e	7	KBC-D057-90841863f220313bffa0377b	KBH-D057-1abc0a247aed	0.027598020555767037
inc_b6893051f6d2b73e	8	KBC-D057-ebb2cf48c9eed9865917abc8	KBH-D057-b33563055168	0.027272727272727275
inc_b6893051f6d2b73e	9	KBC-D057-4ad07558cdb6c225ea655d65	KBH-D057-fda19af7a97a	0.025816993464052286
inc_b6893051f6d2b73e	10	KBC-D058-af53af35781acf2a26a8f0ba	KBH-D058-4067ea9b384b	0.025488400488400488
inc_b6c8b8329c2790cb	1	KBC-D057-0caeb6bf377ab228f9807bc3	KBH-D057-f4bcce2e6d7e	0.03225806451612903
inc_b6c8b8329c2790cb	2	KBC-D057-728f4de0d3d02c2e44535e4d	KBH-D057-f4bcce2e6d7e	0.030679156908665108
inc_b6c8b8329c2790cb	3	KBC-D057-f43a5e910b133af7ef278865	KBH-D057-b33563055168	0.02946912242686891
inc_b6c8b8329c2790cb	4	KBC-D057-90841863f220313bffa0377b	KBH-D057-1abc0a247aed	0.029083245521601686
inc_b6c8b8329c2790cb	5	KBC-D057-ebb2cf48c9eed9865917abc8	KBH-D057-b33563055168	0.028693528693528692
inc_b6c8b8329c2790cb	6	KBC-D057-6eb155351cb0c12576824a54	KBH-D057-562ed69e4788	0.027651515151515153
inc_b6c8b8329c2790cb	7	KBC-D058-d231c3289e6fb5e62215bb71	KBH-D058-aaa3e891815f	0.026120660599932594
inc_b6c8b8329c2790cb	8	KBC-D059-d30463249bc318fbf1d34bc5	KBH-D059-880cd100599f	0.026021080368906456
inc_b6c8b8329c2790cb	9	KBC-D057-6e2368f1d4cff56ab472ce58	KBH-D057-0ad6299a6f1d	0.0259915611814346
inc_b6c8b8329c2790cb	10	KBC-D058-edeb594af96dcba74c1bf8f1	KBH-D058-c2749095504f	0.02574682290807064
inc_b8f2fc204d33911b	1	KBC-D057-4aa99ad9ca8a6ef110f7e03b	KBH-D057-f4bcce2e6d7e	0.031754032258064516
inc_b8f2fc204d33911b	2	KBC-D057-e9a382e7d4fd09cb360debfc	KBH-D057-da53c9e679f7	0.031009615384615385
inc_b8f2fc204d33911b	3	KBC-D057-728f4de0d3d02c2e44535e4d	KBH-D057-f4bcce2e6d7e	0.03047794966520434
inc_b8f2fc204d33911b	4	KBC-D057-f43a5e910b133af7ef278865	KBH-D057-b33563055168	0.030309988518943745
inc_b8f2fc204d33911b	5	KBC-D057-45b99fa125935926d356e9b6	KBH-D057-f4bcce2e6d7e	0.029957522915269395
inc_b8f2fc204d33911b	6	KBC-D057-0caeb6bf377ab228f9807bc3	KBH-D057-f4bcce2e6d7e	0.029857397504456328
inc_b8f2fc204d33911b	7	KBC-D057-ebb2cf48c9eed9865917abc8	KBH-D057-b33563055168	0.028404512489927477
inc_b8f2fc204d33911b	8	KBC-D057-6eb155351cb0c12576824a54	KBH-D057-562ed69e4788	0.027972027972027972
inc_b8f2fc204d33911b	9	KBC-D059-d30463249bc318fbf1d34bc5	KBH-D059-880cd100599f	0.027313266443701224
inc_b8f2fc204d33911b	10	KBC-D057-d2dec06bc5ad6334bea381b1	KBH-D057-c118fc413f7c	0.02699859747545582
inc_b9439b0dc3a8b3c3	1	KBC-D057-6eb155351cb0c12576824a54	KBH-D057-562ed69e4788	0.031054405392392875
inc_b9439b0dc3a8b3c3	2	KBC-D057-f43a5e910b133af7ef278865	KBH-D057-b33563055168	0.030158730158730156
inc_b9439b0dc3a8b3c3	3	KBC-D057-ebb2cf48c9eed9865917abc8	KBH-D057-b33563055168	0.02946912242686891
inc_b9439b0dc3a8b3c3	4	KBC-D057-90841863f220313bffa0377b	KBH-D057-1abc0a247aed	0.028949545078577336
inc_b9439b0dc3a8b3c3	5	KBC-D057-0caeb6bf377ab228f9807bc3	KBH-D057-f4bcce2e6d7e	0.028814262023217248
inc_b9439b0dc3a8b3c3	6	KBC-D058-d231c3289e6fb5e62215bb71	KBH-D058-aaa3e891815f	0.028309409888357256
inc_b9439b0dc3a8b3c3	7	KBC-D057-d2dec06bc5ad6334bea381b1	KBH-D057-c118fc413f7c	0.028298204527712725
inc_b9439b0dc3a8b3c3	8	KBC-D058-9c00a77232e7edf2e0aa73a7	KBH-D058-aaa3e891815f	0.026540946394272742
inc_b9439b0dc3a8b3c3	9	KBC-D058-10388242a077cec6edbb2a9b	KBH-D058-22bb04d72ccf	0.026399331662489554
inc_b9439b0dc3a8b3c3	10	KBC-D058-edeb594af96dcba74c1bf8f1	KBH-D058-c2749095504f	0.02639344262295082
inc_bb6f30a02ec2c05c	1	KBC-D057-4aa99ad9ca8a6ef110f7e03b	KBH-D057-f4bcce2e6d7e	0.03278688524590164
inc_bb6f30a02ec2c05c	2	KBC-D057-728f4de0d3d02c2e44535e4d	KBH-D057-f4bcce2e6d7e	0.031754032258064516
inc_bb6f30a02ec2c05c	3	KBC-D057-45b99fa125935926d356e9b6	KBH-D057-f4bcce2e6d7e	0.030834914611005692
inc_bb6f30a02ec2c05c	4	KBC-D057-e9a382e7d4fd09cb360debfc	KBH-D057-da53c9e679f7	0.030309988518943745
inc_bb6f30a02ec2c05c	5	KBC-D057-f43a5e910b133af7ef278865	KBH-D057-b33563055168	0.029910714285714284
inc_bb6f30a02ec2c05c	6	KBC-D057-0caeb6bf377ab228f9807bc3	KBH-D057-f4bcce2e6d7e	0.029236022193768675
inc_bb6f30a02ec2c05c	7	KBC-D057-6eb155351cb0c12576824a54	KBH-D057-562ed69e4788	0.028991596638655463
inc_bb6f30a02ec2c05c	8	KBC-D057-ebb2cf48c9eed9865917abc8	KBH-D057-b33563055168	0.027242401779095628
inc_bb6f30a02ec2c05c	9	KBC-D059-d30463249bc318fbf1d34bc5	KBH-D059-880cd100599f	0.026687875574407917
inc_bb6f30a02ec2c05c	10	KBC-D057-d2dec06bc5ad6334bea381b1	KBH-D057-c118fc413f7c	0.026373626373626377
inc_c008d0981392ffbc	1	KBC-D057-4aa99ad9ca8a6ef110f7e03b	KBH-D057-f4bcce2e6d7e	0.03278688524590164
inc_c008d0981392ffbc	2	KBC-D057-45b99fa125935926d356e9b6	KBH-D057-f4bcce2e6d7e	0.031754032258064516
inc_c008d0981392ffbc	3	KBC-D057-728f4de0d3d02c2e44535e4d	KBH-D057-f4bcce2e6d7e	0.03128054740957967
inc_c008d0981392ffbc	4	KBC-D057-f43a5e910b133af7ef278865	KBH-D057-b33563055168	0.03036576949620428
inc_c008d0981392ffbc	5	KBC-D057-e9a382e7d4fd09cb360debfc	KBH-D057-da53c9e679f7	0.029631255487269532
inc_c008d0981392ffbc	6	KBC-D057-d2dec06bc5ad6334bea381b1	KBH-D057-c118fc413f7c	0.029513888888888888
inc_c008d0981392ffbc	7	KBC-D057-6eb155351cb0c12576824a54	KBH-D057-562ed69e4788	0.02919863597612958
inc_c008d0981392ffbc	8	KBC-D057-0caeb6bf377ab228f9807bc3	KBH-D057-f4bcce2e6d7e	0.029083245521601686
inc_c008d0981392ffbc	9	KBC-D059-d30463249bc318fbf1d34bc5	KBH-D059-880cd100599f	0.027432808155699723
inc_c008d0981392ffbc	10	KBC-D057-ebb2cf48c9eed9865917abc8	KBH-D057-b33563055168	0.026742734890354787
inc_c34729bda2a676bd	1	KBC-D057-4aa99ad9ca8a6ef110f7e03b	KBH-D057-f4bcce2e6d7e	0.03028233151183971
inc_c34729bda2a676bd	2	KBC-D057-0caeb6bf377ab228f9807bc3	KBH-D057-f4bcce2e6d7e	0.030117753623188408
inc_c34729bda2a676bd	3	KBC-D057-f43a5e910b133af7ef278865	KBH-D057-b33563055168	0.030117753623188408
inc_c34729bda2a676bd	4	KBC-D057-e9a382e7d4fd09cb360debfc	KBH-D057-da53c9e679f7	0.029850746268656716
inc_c34729bda2a676bd	5	KBC-D057-6eb155351cb0c12576824a54	KBH-D057-562ed69e4788	0.02946912242686891
inc_c34729bda2a676bd	6	KBC-D057-45b99fa125935926d356e9b6	KBH-D057-f4bcce2e6d7e	0.029386529386529386
inc_c34729bda2a676bd	7	KBC-D057-728f4de0d3d02c2e44535e4d	KBH-D057-f4bcce2e6d7e	0.0288981288981289
inc_c34729bda2a676bd	8	KBC-D057-90841863f220313bffa0377b	KBH-D057-1abc0a247aed	0.028373015873015873
inc_c34729bda2a676bd	9	KBC-D057-d2dec06bc5ad6334bea381b1	KBH-D057-c118fc413f7c	0.0277569392348087
inc_c34729bda2a676bd	10	KBC-D057-ebb2cf48c9eed9865917abc8	KBH-D057-b33563055168	0.027071520029266508
inc_c75fa18cc6e553d8	1	KBC-D059-d30463249bc318fbf1d34bc5	KBH-D059-880cd100599f	0.02761904761904762
inc_c75fa18cc6e553d8	2	KBC-D058-10388242a077cec6edbb2a9b	KBH-D058-22bb04d72ccf	0.023796791443850267
inc_c75fa18cc6e553d8	3	KBC-D058-5b86503d419c093f8eded70a	KBH-D058-22bb04d72ccf	0.023058884835852007
inc_c75fa18cc6e553d8	4	KBC-D058-edeb594af96dcba74c1bf8f1	KBH-D058-c2749095504f	0.021988643228222787
inc_c75fa18cc6e553d8	5	KBC-D057-f43a5e910b133af7ef278865	KBH-D057-b33563055168	0.021298289339526454
inc_c75fa18cc6e553d8	6	KBC-D058-fe3ddeec3705e776748f2b37	KBH-D058-aaa3e891815f	0.021286031042128603
inc_c75fa18cc6e553d8	7	KBC-D057-45b99fa125935926d356e9b6	KBH-D057-f4bcce2e6d7e	0.020638297872340425
inc_c75fa18cc6e553d8	8	KBC-D058-0c6a32d6d84824353de6825d	KBH-D058-57df42feca96	0.01639344262295082
inc_c75fa18cc6e553d8	9	KBC-D059-05ba5f615d51b4b34e72449e	KBH-D059-90ee8fc78d14	0.01639344262295082
inc_c75fa18cc6e553d8	10	KBC-D058-9c00a77232e7edf2e0aa73a7	KBH-D058-aaa3e891815f	0.016129032258064516
inc_c7fb3974f7c1745e	1	KBC-D059-d30463249bc318fbf1d34bc5	KBH-D059-880cd100599f	0.028370221327967807
inc_c7fb3974f7c1745e	2	KBC-D057-0caeb6bf377ab228f9807bc3	KBH-D057-f4bcce2e6d7e	0.026171741361614778
inc_c7fb3974f7c1745e	3	KBC-D057-3ee3acdd94b6a20076234394	KBH-D057-a23e26c1b47c	0.023709315375982042
inc_c7fb3974f7c1745e	4	KBC-D058-edeb594af96dcba74c1bf8f1	KBH-D058-c2749095504f	0.023690078037904124
inc_c7fb3974f7c1745e	5	KBC-D057-728f4de0d3d02c2e44535e4d	KBH-D057-f4bcce2e6d7e	0.023676099747828524
inc_c7fb3974f7c1745e	6	KBC-D057-f43a5e910b133af7ef278865	KBH-D057-b33563055168	0.02361111111111111
inc_c7fb3974f7c1745e	7	KBC-D058-df5b455a466490c961307df8	KBH-D058-4067ea9b384b	0.022947475777664456
inc_c7fb3974f7c1745e	8	KBC-D058-0c6a32d6d84824353de6825d	KBH-D058-57df42feca96	0.01639344262295082
inc_c7fb3974f7c1745e	9	KBC-D059-05ba5f615d51b4b34e72449e	KBH-D059-90ee8fc78d14	0.01639344262295082
inc_c7fb3974f7c1745e	10	KBC-D058-a658e2070a136ce7191f6ca2	KBH-D058-6346769f861a	0.016129032258064516
inc_cd11a2a781c49c77	1	KBC-D057-f6c48ce30e1e7270ef4116c4	KBH-D057-10119f6772e5	0.032018442622950824
inc_cd11a2a781c49c77	2	KBC-D057-4aa99ad9ca8a6ef110f7e03b	KBH-D057-f4bcce2e6d7e	0.031544957774465976
inc_cd11a2a781c49c77	3	KBC-D059-d30463249bc318fbf1d34bc5	KBH-D059-880cd100599f	0.030834914611005692
inc_cd11a2a781c49c77	4	KBC-D057-45b99fa125935926d356e9b6	KBH-D057-f4bcce2e6d7e	0.030330882352941176
inc_cd11a2a781c49c77	5	KBC-D058-b868a54e37319ab0c268877e	KBH-D058-54c2092d43a5	0.0288981288981289
inc_cd11a2a781c49c77	6	KBC-D057-728f4de0d3d02c2e44535e4d	KBH-D057-f4bcce2e6d7e	0.02712049508554787
inc_cd11a2a781c49c77	7	KBC-D057-878a460540274ab64e37e0c2	KBH-D057-10119f6772e5	0.026687875574407917
inc_cd11a2a781c49c77	8	KBC-D057-e9a382e7d4fd09cb360debfc	KBH-D057-da53c9e679f7	0.025833333333333333
inc_cd11a2a781c49c77	9	KBC-D058-af53af35781acf2a26a8f0ba	KBH-D058-4067ea9b384b	0.024108138238573024
inc_cd11a2a781c49c77	10	KBC-D058-10388242a077cec6edbb2a9b	KBH-D058-22bb04d72ccf	0.02325881896885903
inc_d5425e4d7b13f348	1	KBC-D057-4aa99ad9ca8a6ef110f7e03b	KBH-D057-f4bcce2e6d7e	0.03278688524590164
inc_d5425e4d7b13f348	2	KBC-D057-728f4de0d3d02c2e44535e4d	KBH-D057-f4bcce2e6d7e	0.031754032258064516
inc_d5425e4d7b13f348	3	KBC-D057-45b99fa125935926d356e9b6	KBH-D057-f4bcce2e6d7e	0.0315136476426799
inc_d5425e4d7b13f348	4	KBC-D057-0caeb6bf377ab228f9807bc3	KBH-D057-f4bcce2e6d7e	0.031024531024531024
inc_d5425e4d7b13f348	5	KBC-D057-e9a382e7d4fd09cb360debfc	KBH-D057-da53c9e679f7	0.029418126757516764
inc_d5425e4d7b13f348	6	KBC-D057-f43a5e910b133af7ef278865	KBH-D057-b33563055168	0.02919863597612958
inc_d5425e4d7b13f348	7	KBC-D057-6eb155351cb0c12576824a54	KBH-D057-562ed69e4788	0.028991596638655463
inc_d5425e4d7b13f348	8	KBC-D057-ebb2cf48c9eed9865917abc8	KBH-D057-b33563055168	0.027799227799227798
inc_d5425e4d7b13f348	9	KBC-D059-d30463249bc318fbf1d34bc5	KBH-D059-880cd100599f	0.027346637102734665
inc_d5425e4d7b13f348	10	KBC-D057-d2dec06bc5ad6334bea381b1	KBH-D057-c118fc413f7c	0.026022913256955812
inc_ddb222a8702276b2	1	KBC-D057-6eb155351cb0c12576824a54	KBH-D057-562ed69e4788	0.031544957774465976
inc_ddb222a8702276b2	2	KBC-D057-f43a5e910b133af7ef278865	KBH-D057-b33563055168	0.02964254577157803
inc_ddb222a8702276b2	3	KBC-D057-0caeb6bf377ab228f9807bc3	KBH-D057-f4bcce2e6d7e	0.029571646010002173
inc_ddb222a8702276b2	4	KBC-D057-728f4de0d3d02c2e44535e4d	KBH-D057-f4bcce2e6d7e	0.028531243721117136
inc_ddb222a8702276b2	5	KBC-D057-d2dec06bc5ad6334bea381b1	KBH-D057-c118fc413f7c	0.02803379416282642
inc_ddb222a8702276b2	6	KBC-D057-e9a382e7d4fd09cb360debfc	KBH-D057-da53c9e679f7	0.027884615384615386
inc_ddb222a8702276b2	7	KBC-D057-ebb2cf48c9eed9865917abc8	KBH-D057-b33563055168	0.02782608695652174
inc_ddb222a8702276b2	8	KBC-D057-90841863f220313bffa0377b	KBH-D057-1abc0a247aed	0.027799227799227798
inc_ddb222a8702276b2	9	KBC-D057-7c5704e3d5d36cf73e47a68e	KBH-D057-9db557923ec4	0.024501173708920188
inc_ddb222a8702276b2	10	KBC-D057-6d507cb66b72d0a39ed73739	KBH-D057-b33563055168	0.024285714285714285
inc_defb07756e152786	1	KBC-D058-87cc776afa8cbb47854ca3ac	KBH-D058-57df42feca96	0.031746031746031744
inc_defb07756e152786	2	KBC-D057-45b99fa125935926d356e9b6	KBH-D057-f4bcce2e6d7e	0.030536130536130537
inc_defb07756e152786	3	KBC-D059-d30463249bc318fbf1d34bc5	KBH-D059-880cd100599f	0.03047794966520434
inc_defb07756e152786	4	KBC-D057-4aa99ad9ca8a6ef110f7e03b	KBH-D057-f4bcce2e6d7e	0.03021353930031804
inc_defb07756e152786	5	KBC-D057-f6c48ce30e1e7270ef4116c4	KBH-D057-10119f6772e5	0.029273504273504274
inc_defb07756e152786	6	KBC-D058-df5b455a466490c961307df8	KBH-D058-4067ea9b384b	0.02813852813852814
inc_defb07756e152786	7	KBC-D058-b868a54e37319ab0c268877e	KBH-D058-54c2092d43a5	0.027271052146674038
inc_defb07756e152786	8	KBC-D057-e9a382e7d4fd09cb360debfc	KBH-D057-da53c9e679f7	0.02681010928961749
inc_defb07756e152786	9	KBC-D057-728f4de0d3d02c2e44535e4d	KBH-D057-f4bcce2e6d7e	0.026785714285714288
inc_defb07756e152786	10	KBC-D058-cf032377950818e1a0b12a53	KBH-D058-54c2092d43a5	0.025206087507926443
inc_defe171a8ac63131	1	KBC-D057-4aa99ad9ca8a6ef110f7e03b	KBH-D057-f4bcce2e6d7e	0.03278688524590164
inc_defe171a8ac63131	2	KBC-D057-728f4de0d3d02c2e44535e4d	KBH-D057-f4bcce2e6d7e	0.0315136476426799
inc_defe171a8ac63131	3	KBC-D057-45b99fa125935926d356e9b6	KBH-D057-f4bcce2e6d7e	0.03149801587301587
inc_defe171a8ac63131	4	KBC-D057-f43a5e910b133af7ef278865	KBH-D057-b33563055168	0.03036576949620428
inc_defe171a8ac63131	5	KBC-D057-e9a382e7d4fd09cb360debfc	KBH-D057-da53c9e679f7	0.029850746268656716
inc_defe171a8ac63131	6	KBC-D057-0caeb6bf377ab228f9807bc3	KBH-D057-f4bcce2e6d7e	0.029236022193768675
inc_defe171a8ac63131	7	KBC-D057-d2dec06bc5ad6334bea381b1	KBH-D057-c118fc413f7c	0.028958333333333336
inc_defe171a8ac63131	8	KBC-D059-d30463249bc318fbf1d34bc5	KBH-D059-880cd100599f	0.028665028665028666
inc_defe171a8ac63131	9	KBC-D057-6eb155351cb0c12576824a54	KBH-D057-562ed69e4788	0.028404512489927477
inc_defe171a8ac63131	10	KBC-D057-ebb2cf48c9eed9865917abc8	KBH-D057-b33563055168	0.027799227799227798
inc_e35ff7db68655611	1	KBC-D057-0caeb6bf377ab228f9807bc3	KBH-D057-f4bcce2e6d7e	0.03225806451612903
inc_e35ff7db68655611	2	KBC-D057-728f4de0d3d02c2e44535e4d	KBH-D057-f4bcce2e6d7e	0.03131881575727918
inc_e35ff7db68655611	3	KBC-D057-f43a5e910b133af7ef278865	KBH-D057-b33563055168	0.029910714285714284
inc_e35ff7db68655611	4	KBC-D057-6eb155351cb0c12576824a54	KBH-D057-562ed69e4788	0.02889344262295082
inc_e35ff7db68655611	5	KBC-D057-ebb2cf48c9eed9865917abc8	KBH-D057-b33563055168	0.027212143650499815
inc_e35ff7db68655611	6	KBC-D057-e9a382e7d4fd09cb360debfc	KBH-D057-da53c9e679f7	0.027051561365286855
inc_e35ff7db68655611	7	KBC-D059-d30463249bc318fbf1d34bc5	KBH-D059-880cd100599f	0.026553280111072546
inc_e35ff7db68655611	8	KBC-D057-90841863f220313bffa0377b	KBH-D057-1abc0a247aed	0.026387470207694927
inc_e35ff7db68655611	9	KBC-D058-10388242a077cec6edbb2a9b	KBH-D058-22bb04d72ccf	0.026373626373626377
inc_e35ff7db68655611	10	KBC-D057-d2dec06bc5ad6334bea381b1	KBH-D057-c118fc413f7c	0.025873015873015874
inc_e5991ba8d859360d	1	KBC-D057-0caeb6bf377ab228f9807bc3	KBH-D057-f4bcce2e6d7e	0.03200204813108039
inc_e5991ba8d859360d	2	KBC-D057-728f4de0d3d02c2e44535e4d	KBH-D057-f4bcce2e6d7e	0.030679156908665108
inc_e5991ba8d859360d	3	KBC-D057-f43a5e910b133af7ef278865	KBH-D057-b33563055168	0.03007688828584351
inc_e5991ba8d859360d	4	KBC-D058-edeb594af96dcba74c1bf8f1	KBH-D058-c2749095504f	0.02976190476190476
inc_e5991ba8d859360d	5	KBC-D057-e9a382e7d4fd09cb360debfc	KBH-D057-da53c9e679f7	0.029211087420042643
inc_e5991ba8d859360d	6	KBC-D057-6eb155351cb0c12576824a54	KBH-D057-562ed69e4788	0.0288981288981289
inc_e5991ba8d859360d	7	KBC-D057-90841863f220313bffa0377b	KBH-D057-1abc0a247aed	0.028309409888357256
inc_e5991ba8d859360d	8	KBC-D057-4aa99ad9ca8a6ef110f7e03b	KBH-D057-f4bcce2e6d7e	0.028205128205128206
inc_e5991ba8d859360d	9	KBC-D057-45b99fa125935926d356e9b6	KBH-D057-f4bcce2e6d7e	0.02797067901234568
inc_e5991ba8d859360d	10	KBC-D057-ebb2cf48c9eed9865917abc8	KBH-D057-b33563055168	0.027692895339954164
inc_e8c939b906ef2c9e	1	KBC-D057-4aa99ad9ca8a6ef110f7e03b	KBH-D057-f4bcce2e6d7e	0.03252247488101534
inc_e8c939b906ef2c9e	2	KBC-D057-728f4de0d3d02c2e44535e4d	KBH-D057-f4bcce2e6d7e	0.032018442622950824
inc_e8c939b906ef2c9e	3	KBC-D057-f43a5e910b133af7ef278865	KBH-D057-b33563055168	0.030090497737556562
inc_e8c939b906ef2c9e	4	KBC-D057-e9a382e7d4fd09cb360debfc	KBH-D057-da53c9e679f7	0.03007688828584351
inc_e8c939b906ef2c9e	5	KBC-D057-6eb155351cb0c12576824a54	KBH-D057-562ed69e4788	0.029631255487269532
inc_e8c939b906ef2c9e	6	KBC-D057-45b99fa125935926d356e9b6	KBH-D057-f4bcce2e6d7e	0.029116045245077504
inc_e8c939b906ef2c9e	7	KBC-D057-0caeb6bf377ab228f9807bc3	KBH-D057-f4bcce2e6d7e	0.028985507246376812
inc_e8c939b906ef2c9e	8	KBC-D059-d30463249bc318fbf1d34bc5	KBH-D059-880cd100599f	0.02761904761904762
inc_e8c939b906ef2c9e	9	KBC-D057-ebb2cf48c9eed9865917abc8	KBH-D057-b33563055168	0.027106227106227107
inc_e8c939b906ef2c9e	10	KBC-D057-d2dec06bc5ad6334bea381b1	KBH-D057-c118fc413f7c	0.026137303556658397
inc_e8eb4aabf3538114	1	KBC-D057-4aa99ad9ca8a6ef110f7e03b	KBH-D057-f4bcce2e6d7e	0.03278688524590164
inc_e8eb4aabf3538114	2	KBC-D057-728f4de0d3d02c2e44535e4d	KBH-D057-f4bcce2e6d7e	0.0315136476426799
inc_e8eb4aabf3538114	3	KBC-D057-f43a5e910b133af7ef278865	KBH-D057-b33563055168	0.030798389007344232
inc_e8eb4aabf3538114	4	KBC-D057-e9a382e7d4fd09cb360debfc	KBH-D057-da53c9e679f7	0.030536130536130537
inc_e8eb4aabf3538114	5	KBC-D057-45b99fa125935926d356e9b6	KBH-D057-f4bcce2e6d7e	0.030330882352941176
inc_e8eb4aabf3538114	6	KBC-D057-6eb155351cb0c12576824a54	KBH-D057-562ed69e4788	0.029211087420042643
inc_e8eb4aabf3538114	7	KBC-D057-ebb2cf48c9eed9865917abc8	KBH-D057-b33563055168	0.028790389395194696
inc_e8eb4aabf3538114	8	KBC-D059-d30463249bc318fbf1d34bc5	KBH-D059-880cd100599f	0.028612012987012988
inc_e8eb4aabf3538114	9	KBC-D057-d2dec06bc5ad6334bea381b1	KBH-D057-c118fc413f7c	0.02821869488536155
inc_e8eb4aabf3538114	10	KBC-D058-edeb594af96dcba74c1bf8f1	KBH-D058-c2749095504f	0.027417840375586856
inc_ed76f6a4a2ccbe29	1	KBC-D057-4aa99ad9ca8a6ef110f7e03b	KBH-D057-f4bcce2e6d7e	0.03278688524590164
inc_ed76f6a4a2ccbe29	2	KBC-D057-45b99fa125935926d356e9b6	KBH-D057-f4bcce2e6d7e	0.03200204813108039
inc_ed76f6a4a2ccbe29	3	KBC-D057-728f4de0d3d02c2e44535e4d	KBH-D057-f4bcce2e6d7e	0.031754032258064516
inc_ed76f6a4a2ccbe29	4	KBC-D057-e9a382e7d4fd09cb360debfc	KBH-D057-da53c9e679f7	0.03007688828584351
inc_ed76f6a4a2ccbe29	5	KBC-D057-f43a5e910b133af7ef278865	KBH-D057-b33563055168	0.029910714285714284
inc_ed76f6a4a2ccbe29	6	KBC-D057-6eb155351cb0c12576824a54	KBH-D057-562ed69e4788	0.029411764705882353
inc_ed76f6a4a2ccbe29	7	KBC-D057-0caeb6bf377ab228f9807bc3	KBH-D057-f4bcce2e6d7e	0.029211087420042643
inc_ed76f6a4a2ccbe29	8	KBC-D058-edeb594af96dcba74c1bf8f1	KBH-D058-c2749095504f	0.028577260665441927
inc_ed76f6a4a2ccbe29	9	KBC-D057-ebb2cf48c9eed9865917abc8	KBH-D057-b33563055168	0.02758751902587519
inc_ed76f6a4a2ccbe29	10	KBC-D059-d30463249bc318fbf1d34bc5	KBH-D059-880cd100599f	0.027149321266968326
inc_f8708eba53ac81da	1	KBC-D057-4aa99ad9ca8a6ef110f7e03b	KBH-D057-f4bcce2e6d7e	0.03278688524590164
inc_f8708eba53ac81da	2	KBC-D057-45b99fa125935926d356e9b6	KBH-D057-f4bcce2e6d7e	0.03200204813108039
inc_f8708eba53ac81da	3	KBC-D057-728f4de0d3d02c2e44535e4d	KBH-D057-f4bcce2e6d7e	0.031754032258064516
inc_f8708eba53ac81da	4	KBC-D057-f43a5e910b133af7ef278865	KBH-D057-b33563055168	0.029910714285714284
inc_f8708eba53ac81da	5	KBC-D057-e9a382e7d4fd09cb360debfc	KBH-D057-da53c9e679f7	0.029631255487269532
inc_f8708eba53ac81da	6	KBC-D057-6eb155351cb0c12576824a54	KBH-D057-562ed69e4788	0.029418126757516764
inc_f8708eba53ac81da	7	KBC-D057-0caeb6bf377ab228f9807bc3	KBH-D057-f4bcce2e6d7e	0.029236022193768675
inc_f8708eba53ac81da	8	KBC-D057-d2dec06bc5ad6334bea381b1	KBH-D057-c118fc413f7c	0.02854251012145749
inc_f8708eba53ac81da	9	KBC-D058-d231c3289e6fb5e62215bb71	KBH-D058-aaa3e891815f	0.027526395173453996
inc_f8708eba53ac81da	10	KBC-D059-d30463249bc318fbf1d34bc5	KBH-D059-880cd100599f	0.02701252236135957
inc_f9db5049cf8d0a46	1	KBC-D057-0caeb6bf377ab228f9807bc3	KBH-D057-f4bcce2e6d7e	0.031754032258064516
inc_f9db5049cf8d0a46	2	KBC-D057-728f4de0d3d02c2e44535e4d	KBH-D057-f4bcce2e6d7e	0.02946236559139785
inc_f9db5049cf8d0a46	3	KBC-D057-6eb155351cb0c12576824a54	KBH-D057-562ed69e4788	0.029386529386529386
inc_f9db5049cf8d0a46	4	KBC-D057-f43a5e910b133af7ef278865	KBH-D057-b33563055168	0.029083245521601686
inc_f9db5049cf8d0a46	5	KBC-D057-d2dec06bc5ad6334bea381b1	KBH-D057-c118fc413f7c	0.02889344262295082
inc_f9db5049cf8d0a46	6	KBC-D057-45b99fa125935926d356e9b6	KBH-D057-f4bcce2e6d7e	0.027692895339954164
inc_f9db5049cf8d0a46	7	KBC-D057-ebb2cf48c9eed9865917abc8	KBH-D057-b33563055168	0.026631393298059962
inc_f9db5049cf8d0a46	8	KBC-D058-d231c3289e6fb5e62215bb71	KBH-D058-aaa3e891815f	0.026333907056798625
inc_f9db5049cf8d0a46	9	KBC-D059-d30463249bc318fbf1d34bc5	KBH-D059-880cd100599f	0.025047327799621377
inc_f9db5049cf8d0a46	10	KBC-D057-90841863f220313bffa0377b	KBH-D057-1abc0a247aed	0.02502638323533846
inc_fa20fe298b9410ea	1	KBC-D057-4aa99ad9ca8a6ef110f7e03b	KBH-D057-f4bcce2e6d7e	0.03278688524590164
inc_fa20fe298b9410ea	2	KBC-D057-728f4de0d3d02c2e44535e4d	KBH-D057-f4bcce2e6d7e	0.03125763125763126
inc_fa20fe298b9410ea	3	KBC-D057-f43a5e910b133af7ef278865	KBH-D057-b33563055168	0.0304147465437788
inc_fa20fe298b9410ea	4	KBC-D057-45b99fa125935926d356e9b6	KBH-D057-f4bcce2e6d7e	0.030158730158730156
inc_fa20fe298b9410ea	5	KBC-D057-e9a382e7d4fd09cb360debfc	KBH-D057-da53c9e679f7	0.030090497737556562
inc_fa20fe298b9410ea	6	KBC-D057-6eb155351cb0c12576824a54	KBH-D057-562ed69e4788	0.02964426877470356
inc_fa20fe298b9410ea	7	KBC-D059-d30463249bc318fbf1d34bc5	KBH-D059-880cd100599f	0.0293236301369863
inc_fa20fe298b9410ea	8	KBC-D057-d2dec06bc5ad6334bea381b1	KBH-D057-c118fc413f7c	0.028782894736842105
inc_fa20fe298b9410ea	9	KBC-D057-0caeb6bf377ab228f9807bc3	KBH-D057-f4bcce2e6d7e	0.028438886647841874
inc_fa20fe298b9410ea	10	KBC-D057-6d507cb66b72d0a39ed73739	KBH-D057-b33563055168	0.027479766610201392
inc_fb17a1c06d15f08d	1	KBC-D057-4aa99ad9ca8a6ef110f7e03b	KBH-D057-f4bcce2e6d7e	0.03278688524590164
inc_fb17a1c06d15f08d	2	KBC-D057-728f4de0d3d02c2e44535e4d	KBH-D057-f4bcce2e6d7e	0.03128054740957967
inc_fb17a1c06d15f08d	3	KBC-D057-45b99fa125935926d356e9b6	KBH-D057-f4bcce2e6d7e	0.031024531024531024
inc_fb17a1c06d15f08d	4	KBC-D057-e9a382e7d4fd09cb360debfc	KBH-D057-da53c9e679f7	0.030798389007344232
inc_fb17a1c06d15f08d	5	KBC-D057-f43a5e910b133af7ef278865	KBH-D057-b33563055168	0.030117753623188408
inc_fb17a1c06d15f08d	6	KBC-D057-0caeb6bf377ab228f9807bc3	KBH-D057-f4bcce2e6d7e	0.030090497737556562
inc_fb17a1c06d15f08d	7	KBC-D057-6eb155351cb0c12576824a54	KBH-D057-562ed69e4788	0.030090497737556562
inc_fb17a1c06d15f08d	8	KBC-D057-d2dec06bc5ad6334bea381b1	KBH-D057-c118fc413f7c	0.027820121951219513
inc_fb17a1c06d15f08d	9	KBC-D058-b868a54e37319ab0c268877e	KBH-D058-54c2092d43a5	0.027106227106227107
inc_fb17a1c06d15f08d	10	KBC-D059-d30463249bc318fbf1d34bc5	KBH-D059-880cd100599f	0.026687875574407917
inc_fdf63d2b6452d14b	1	KBC-D057-4aa99ad9ca8a6ef110f7e03b	KBH-D057-f4bcce2e6d7e	0.03278688524590164
inc_fdf63d2b6452d14b	2	KBC-D057-f43a5e910b133af7ef278865	KBH-D057-b33563055168	0.030834914611005692
inc_fdf63d2b6452d14b	3	KBC-D057-45b99fa125935926d356e9b6	KBH-D057-f4bcce2e6d7e	0.030776515151515152
inc_fdf63d2b6452d14b	4	KBC-D057-728f4de0d3d02c2e44535e4d	KBH-D057-f4bcce2e6d7e	0.030776515151515152
inc_fdf63d2b6452d14b	5	KBC-D057-e9a382e7d4fd09cb360debfc	KBH-D057-da53c9e679f7	0.029877369007803793
inc_fdf63d2b6452d14b	6	KBC-D057-0caeb6bf377ab228f9807bc3	KBH-D057-f4bcce2e6d7e	0.02946912242686891
inc_fdf63d2b6452d14b	7	KBC-D057-d2dec06bc5ad6334bea381b1	KBH-D057-c118fc413f7c	0.029030910609857977
inc_fdf63d2b6452d14b	8	KBC-D057-6eb155351cb0c12576824a54	KBH-D057-562ed69e4788	0.028790389395194696
inc_fdf63d2b6452d14b	9	KBC-D059-d30463249bc318fbf1d34bc5	KBH-D059-880cd100599f	0.028373015873015873
inc_fdf63d2b6452d14b	10	KBC-D057-90841863f220313bffa0377b	KBH-D057-1abc0a247aed	0.027984344422700584
inc_fea0b6870c17feac	1	KBC-D058-d231c3289e6fb5e62215bb71	KBH-D058-aaa3e891815f	0.02792120864410021
inc_fea0b6870c17feac	2	KBC-D058-08c26d83a4bdb300a4368e59	KBH-D058-94f18a70ecb0	0.026333907056798625
inc_fea0b6870c17feac	3	KBC-D058-2a6b22a3c5e42c4df64e3f65	KBH-D058-4067ea9b384b	0.02629443272196072
inc_fea0b6870c17feac	4	KBC-D058-af53af35781acf2a26a8f0ba	KBH-D058-4067ea9b384b	0.02582908163265306
inc_fea0b6870c17feac	5	KBC-D058-65a7de2b1cd13f2d6190e03c	KBH-D058-aaa3e891815f	0.02519288301054952
inc_fea0b6870c17feac	6	KBC-D059-d30463249bc318fbf1d34bc5	KBH-D059-880cd100599f	0.024925373134328358
inc_fea0b6870c17feac	7	KBC-D058-edeb594af96dcba74c1bf8f1	KBH-D058-c2749095504f	0.024877149877149878
inc_fea0b6870c17feac	8	KBC-D058-fe3ddeec3705e776748f2b37	KBH-D058-aaa3e891815f	0.024502524502524506
inc_fea0b6870c17feac	9	KBC-D057-5cdb2d2b76a4a2a11b2c32fa	KBH-D057-86278876e6bf	0.02431476569407604
inc_fea0b6870c17feac	10	KBC-D058-5b86503d419c093f8eded70a	KBH-D058-22bb04d72ccf	0.021110500274876307
inc_ff7d20c7a66ce259	1	KBC-D057-0caeb6bf377ab228f9807bc3	KBH-D057-f4bcce2e6d7e	0.030330882352941176
inc_ff7d20c7a66ce259	2	KBC-D058-edeb594af96dcba74c1bf8f1	KBH-D058-c2749095504f	0.03028233151183971
inc_ff7d20c7a66ce259	3	KBC-D057-728f4de0d3d02c2e44535e4d	KBH-D057-f4bcce2e6d7e	0.030090497737556562
inc_ff7d20c7a66ce259	4	KBC-D057-f43a5e910b133af7ef278865	KBH-D057-b33563055168	0.03007688828584351
inc_ff7d20c7a66ce259	5	KBC-D057-6eb155351cb0c12576824a54	KBH-D057-562ed69e4788	0.02946912242686891
inc_ff7d20c7a66ce259	6	KBC-D057-ebb2cf48c9eed9865917abc8	KBH-D057-b33563055168	0.029437229437229435
inc_ff7d20c7a66ce259	7	KBC-D057-e9a382e7d4fd09cb360debfc	KBH-D057-da53c9e679f7	0.028985507246376812
inc_ff7d20c7a66ce259	8	KBC-D057-45b99fa125935926d356e9b6	KBH-D057-f4bcce2e6d7e	0.02844163539403516
inc_ff7d20c7a66ce259	9	KBC-D057-90841863f220313bffa0377b	KBH-D057-1abc0a247aed	0.0277569392348087
inc_ff7d20c7a66ce259	10	KBC-D057-d2dec06bc5ad6334bea381b1	KBH-D057-c118fc413f7c	0.027623285131627734
