incident_id	data_kind	local_path	bytes	sha256	upstream_hash_verified
inc_b8f2fc204d33911b	label	02_datasets/acquired/labels/injection/inc_b8f2fc204d33911b/inject_time.txt	10	c17fcaa1047c07738176849000c1b88e1f0ddda57a2a73a42ab0c8c58c83e0a3	False
inc_b8f2fc204d33911b	observation	02_datasets/acquired/raw/inc_b8f2fc204d33911b/logs.parquet	336876	e1a25e50c8b0beae4b2886df54d86d2f28877d0b611fed98411e9c0b0c77dad3	True
inc_b8f2fc204d33911b	observation	02_datasets/acquired/raw/inc_b8f2fc204d33911b/metrics.parquet	157212	f46b3d354b234e37c424f54a005329b61aac83d15dcdd46b5642e55f390ab25a	True
inc_b8f2fc204d33911b	observation	02_datasets/acquired/raw/inc_b8f2fc204d33911b/traces.parquet	10146857	56ca8f6dbeb76fab2d33faeca54bce8f40e9c5491ebd76404ebb2dfd83409367	True
inc_fea0b6870c17feac	label	02_datasets/acquired/labels/injection/inc_fea0b6870c17feac/inject_time.txt	10	e235854dec09d738024021b17feff34c647f3610d3e669e08f027bbb9b7bd3df	False
inc_fea0b6870c17feac	observation	02_datasets/acquired/raw/inc_fea0b6870c17feac/logs.parquet	191241	36fd5701f2d6e1f2d93131985d6feae5e284bdcbb21828ef9f3e90271a79f6b7	True
inc_fea0b6870c17feac	observation	02_datasets/acquired/raw/inc_fea0b6870c17feac/metrics.parquet	127755	11f2df96b6b2b60a9600bacd8d3163b2f31a614aa756c19adfc51a41bcbebfc7	True
inc_fea0b6870c17feac	observation	02_datasets/acquired/raw/inc_fea0b6870c17feac/traces.parquet	5426555	f833e959286b706b60307fc3beca2980f26a0dda62782362dbcb34e7f696b3d1	True
inc_618f73faa4a01c2c	label	02_datasets/acquired/labels/injection/inc_618f73faa4a01c2c/inject_time.txt	10	b46ba552f10d493ed20980a402c3ee7a5d436d1ec442f1534343bc964f3bd0b8	False
inc_618f73faa4a01c2c	observation	02_datasets/acquired/raw/inc_618f73faa4a01c2c/logs.parquet	337942	355576dcfc9ec58a5ae268cf8810f586664a2cb45cb591f0c5c2ab212404ef31	True
inc_618f73faa4a01c2c	observation	02_datasets/acquired/raw/inc_618f73faa4a01c2c/metrics.parquet	158238	ad82f59a98501f4f634fe30bed508cabb0f4a809993c165fb5aa2f340c64b692	True
inc_618f73faa4a01c2c	observation	02_datasets/acquired/raw/inc_618f73faa4a01c2c/traces.parquet	10221848	95545a9293d2603db3739474739c6e0dde3de2a8c6e29361393b3a5346137005	True
inc_ff7d20c7a66ce259	label	02_datasets/acquired/labels/injection/inc_ff7d20c7a66ce259/inject_time.txt	10	5b8132d68105c187d8aad124f7af4a8bdee399082a1fbf35f2f58aa9d1229d55	False
inc_ff7d20c7a66ce259	observation	02_datasets/acquired/raw/inc_ff7d20c7a66ce259/logs.parquet	350672	f3645724f7c021ba532deea938049a575b75d265e1e0535038f5ea5fbb854b16	True
inc_ff7d20c7a66ce259	observation	02_datasets/acquired/raw/inc_ff7d20c7a66ce259/metrics.parquet	161729	3a428e2e4792c6ceecd1e47c770477887b7c14c175347ac52b28011595d23088	True
inc_ff7d20c7a66ce259	observation	02_datasets/acquired/raw/inc_ff7d20c7a66ce259/traces.parquet	10233639	a86818c7ab72aa360c3d81aafd9c4dc6a4da0ef75204cbf3a0c70d07a1fd44da	True
inc_1bd0f85d1967890c	label	02_datasets/acquired/labels/injection/inc_1bd0f85d1967890c/inject_time.txt	10	f9b81dd59dde96ee541de8ff7df7dfd79ca262d1d9c5c67b3f75ba18887412e1	False
inc_1bd0f85d1967890c	observation	02_datasets/acquired/raw/inc_1bd0f85d1967890c/logs.parquet	334150	d7ad77c5bd782c7a2793a9526727fda2135535cea371ef4290dcbe1860824ca1	True
inc_1bd0f85d1967890c	observation	02_datasets/acquired/raw/inc_1bd0f85d1967890c/metrics.parquet	159560	6c7d7e5038844fc6e3e66ae2561d57ba1bbb8c9950b8017433bfa5791daa269a	True
inc_1bd0f85d1967890c	observation	02_datasets/acquired/raw/inc_1bd0f85d1967890c/traces.parquet	10149026	7280e269cfc28daa5bc6e44b184ec430996295dd203f55fc2d8fabfff289c02c	True
inc_e5991ba8d859360d	label	02_datasets/acquired/labels/injection/inc_e5991ba8d859360d/inject_time.txt	10	ed79a2203ec0ce69dd9e0481e12b1a263d895eda521b9c011df14d5fb51b01cd	False
inc_e5991ba8d859360d	observation	02_datasets/acquired/raw/inc_e5991ba8d859360d/logs.parquet	345667	9b311baa1d2e7cf9910c68a83b87c6220f719d7dd7d1472d4d759ac51be38559	True
inc_e5991ba8d859360d	observation	02_datasets/acquired/raw/inc_e5991ba8d859360d/metrics.parquet	160840	7fc076f546364b1f5c99701eb4c40756ebcedc3e841b5750f7bf8f9d4bf15a0a	True
inc_e5991ba8d859360d	observation	02_datasets/acquired/raw/inc_e5991ba8d859360d/traces.parquet	10221446	6e12fbdf92a66fab23bfe24342c3829038d847e751b8b5fd6dc224ef5d62c5e4	True
inc_a9c5f4078ddde5fb	label	02_datasets/acquired/labels/injection/inc_a9c5f4078ddde5fb/inject_time.txt	10	e99822a74ce4b3ddc30b528c502ff3fa8a9b6cc53ce730ca3b0dd2e66b0158af	False
inc_a9c5f4078ddde5fb	observation	02_datasets/acquired/raw/inc_a9c5f4078ddde5fb/logs.parquet	334514	3cfb89674c2c90a7ced30df521fa7df552bad5ede2a9e48ef7fd5eb994ae7f5b	True
inc_a9c5f4078ddde5fb	observation	02_datasets/acquired/raw/inc_a9c5f4078ddde5fb/metrics.parquet	160614	df715e01d9bdf3e6d89b1381737fc87766c806134672632adbd9ee4c27262a48	True
inc_a9c5f4078ddde5fb	observation	02_datasets/acquired/raw/inc_a9c5f4078ddde5fb/traces.parquet	10107184	473bc25fb7eb659bb6492336a942aeca9416f234c87a1b09585ac7eccd2ca05c	True
inc_ed76f6a4a2ccbe29	label	02_datasets/acquired/labels/injection/inc_ed76f6a4a2ccbe29/inject_time.txt	10	375c288779a77bb96ce878b3fbec82b2caefacea89ef59fd2aaa038bf9ae7372	False
inc_ed76f6a4a2ccbe29	observation	02_datasets/acquired/raw/inc_ed76f6a4a2ccbe29/logs.parquet	344568	cc54ba80c871b76a2bfafebdcf377b29ef47c960b86347ada8edaed1bc26ebba	True
inc_ed76f6a4a2ccbe29	observation	02_datasets/acquired/raw/inc_ed76f6a4a2ccbe29/metrics.parquet	164778	59b36387c7a66818e5545a7fab07060841a8d76e9cc93177906ff959c7a27220	True
inc_ed76f6a4a2ccbe29	observation	02_datasets/acquired/raw/inc_ed76f6a4a2ccbe29/traces.parquet	10232511	ffccbbc9a5f21d879efcae4c71147fce4974ba82ee37a1f03c79740083d446dd	True
inc_b6c8b8329c2790cb	label	02_datasets/acquired/labels/injection/inc_b6c8b8329c2790cb/inject_time.txt	10	c170d6d7744cee5b4838dc5ccf4799b117b68ffd32cefbd6dc33106b1787f4b6	False
inc_b6c8b8329c2790cb	observation	02_datasets/acquired/raw/inc_b6c8b8329c2790cb/logs.parquet	342286	29c85c7dcf16d986d226b9f1b5565c97775c0cdc4efe5a564258fd2745bcd1c9	True
inc_b6c8b8329c2790cb	observation	02_datasets/acquired/raw/inc_b6c8b8329c2790cb/metrics.parquet	162878	5563e35b896144b6d5fc700a1048913857c136a0fae0558dbac6db11879be782	True
inc_b6c8b8329c2790cb	observation	02_datasets/acquired/raw/inc_b6c8b8329c2790cb/traces.parquet	10269672	324303a04481f80c7f9259e30e5d1a97b9e1a2e4b82b573235de4ce3526497e4	True
inc_5aec36653e1ae8e1	label	02_datasets/acquired/labels/injection/inc_5aec36653e1ae8e1/inject_time.txt	10	e075b67b22a06f8eac9c7e78233b933d81df5b37faadde73722a484f1af485b7	False
inc_5aec36653e1ae8e1	observation	02_datasets/acquired/raw/inc_5aec36653e1ae8e1/logs.parquet	329442	507e1b6ef4388dfd9ca05121aacba51c2ee3bf188ba38990df49d8e0858c5b59	True
inc_5aec36653e1ae8e1	observation	02_datasets/acquired/raw/inc_5aec36653e1ae8e1/metrics.parquet	153741	e9b26768fc98a5dfa694527a71e131450848e6c736f73c162ee17f9bf14a337b	True
inc_5aec36653e1ae8e1	observation	02_datasets/acquired/raw/inc_5aec36653e1ae8e1/traces.parquet	9984733	4ac9a4ca2bc346ca9713131b2a6f38967437014bfe6070807d3b31364fdb80be	True
inc_90a870236431d8c2	label	02_datasets/acquired/labels/injection/inc_90a870236431d8c2/inject_time.txt	10	c89645a1c53ef2511973b4d7aa0d4fc73b4fe802b55cc67944a358a6e0f2ea80	False
inc_90a870236431d8c2	observation	02_datasets/acquired/raw/inc_90a870236431d8c2/logs.parquet	343011	e60eb8eec39b6edcf780d746e8148eb0fe36a692576603ddeb2323f478187b6c	True
inc_90a870236431d8c2	observation	02_datasets/acquired/raw/inc_90a870236431d8c2/metrics.parquet	158127	73b48c73e9f51abfc33bcdaec00f105573cb4aa29e0a6e5bf4636581938bce2c	True
inc_90a870236431d8c2	observation	02_datasets/acquired/raw/inc_90a870236431d8c2/traces.parquet	10225405	aff63f170543593cc282d1aff27d3825aa6e98e830e649f04f35200b1672f9bf	True
inc_ac67c10adc4fe094	label	02_datasets/acquired/labels/injection/inc_ac67c10adc4fe094/inject_time.txt	10	93bb936b7f1fb8cb800006d7cc12a77dd0e829bdaab152768d5748cf6fdaaaf8	False
inc_ac67c10adc4fe094	observation	02_datasets/acquired/raw/inc_ac67c10adc4fe094/logs.parquet	340151	c012a01a24d3b95d02088dda52d9ba9c1c2b2ae62568759976b3c35bc1d5cf50	True
inc_ac67c10adc4fe094	observation	02_datasets/acquired/raw/inc_ac67c10adc4fe094/metrics.parquet	171031	5ab4187e2220146eeb971899b0f7634bc465a884fd30ef4a477cbcc0c5866ce3	True
inc_ac67c10adc4fe094	observation	02_datasets/acquired/raw/inc_ac67c10adc4fe094/traces.parquet	10145276	fb202a1b992eb5fe116da572081bd9616312d2ff5e250ccf359a5c63c71abed6	True
inc_7a5cc77f7867a66f	label	02_datasets/acquired/labels/injection/inc_7a5cc77f7867a66f/inject_time.txt	10	412547acf7656dc3fc494c0ee46e93177ecf7f665c376cff4ab8a8de3b536a72	False
inc_7a5cc77f7867a66f	observation	02_datasets/acquired/raw/inc_7a5cc77f7867a66f/logs.parquet	347965	af5f8e086ac423727abbe07a45dfc3647cb8614e87cec2647f7f1b28b4262da4	True
inc_7a5cc77f7867a66f	observation	02_datasets/acquired/raw/inc_7a5cc77f7867a66f/metrics.parquet	158037	761de264537cd3134834cca7cf90d230683a60d58ca0a0a35e538096e701383e	True
inc_7a5cc77f7867a66f	observation	02_datasets/acquired/raw/inc_7a5cc77f7867a66f/traces.parquet	10277460	05b3971a30ddd08f70fc08f39380a551ec2d03672c9df9657ca728d3f9e745aa	True
inc_41d11c8c51f185b7	label	02_datasets/acquired/labels/injection/inc_41d11c8c51f185b7/inject_time.txt	10	c15efcdbecb239ceb83324d7c48b741e0352766a2068847009deabc9da59b2ed	False
inc_41d11c8c51f185b7	observation	02_datasets/acquired/raw/inc_41d11c8c51f185b7/logs.parquet	215831	3d9d0173cc3e10e00bfe6d3c28953a585b4b9848540ad4aaa5e9d1c5b3aaa850	True
inc_41d11c8c51f185b7	observation	02_datasets/acquired/raw/inc_41d11c8c51f185b7/metrics.parquet	130707	056254dfdea1f1ec385e513331db82cb99fa8ce2a28a808d37776fc5d4bb951d	True
inc_41d11c8c51f185b7	observation	02_datasets/acquired/raw/inc_41d11c8c51f185b7/traces.parquet	8358689	e126fdd6b5d0bb5d8cb83aa0658234bdf047eabcc3c045ff0fc99078f2b1f408	True
inc_a90410596ea7234e	label	02_datasets/acquired/labels/injection/inc_a90410596ea7234e/inject_time.txt	10	85864d3190cccf2c148a411b9f95048c87bde5e85890844c990552910fca0249	False
inc_a90410596ea7234e	observation	02_datasets/acquired/raw/inc_a90410596ea7234e/logs.parquet	342151	a44c0261ed1d167e22c9b0f1eda89784d5fab072789f17c3a10f3c63e72cf083	True
inc_a90410596ea7234e	observation	02_datasets/acquired/raw/inc_a90410596ea7234e/metrics.parquet	160489	0b3078df04188dd7c2b752a9b936b7cbb95921fc14bc0b482b6033ac5d8c508a	True
inc_a90410596ea7234e	observation	02_datasets/acquired/raw/inc_a90410596ea7234e/traces.parquet	10229549	1ad86af098b852a0af308afaf2665fb27caf1f6b83a60a9c4f655a57d134d6f7	True
inc_b65b223fe2861ce9	label	02_datasets/acquired/labels/injection/inc_b65b223fe2861ce9/inject_time.txt	10	38a03d2cffa1bb4f8da75315f566ab7ca484b7c25e8b2547ce135f9a3ab7bffa	False
inc_b65b223fe2861ce9	observation	02_datasets/acquired/raw/inc_b65b223fe2861ce9/logs.parquet	335235	62dc94f259a7c644a35f2accff1f30bf070532cdd286a2e2b11429f99a6a046c	True
inc_b65b223fe2861ce9	observation	02_datasets/acquired/raw/inc_b65b223fe2861ce9/metrics.parquet	174494	51fafedd0f3f0d8a0075adf3c23f9414708f4f1d2da85cf384b8165b31b26f09	True
inc_b65b223fe2861ce9	observation	02_datasets/acquired/raw/inc_b65b223fe2861ce9/traces.parquet	10179545	ca7f15c502c6e7453169cfa3d76f0476083148f905ddf2712da802b086b8e30c	True
inc_7b4b399e7c81a552	label	02_datasets/acquired/labels/injection/inc_7b4b399e7c81a552/inject_time.txt	10	266a28375e6f0120e296387329f9a093104e6aa76d0ecaecf81b65c3f45b67ee	False
inc_7b4b399e7c81a552	observation	02_datasets/acquired/raw/inc_7b4b399e7c81a552/logs.parquet	343055	19fd2f37a8952fbc4a2282abd0f099363dd3f503bbebb8da107e374592c8e2ac	True
inc_7b4b399e7c81a552	observation	02_datasets/acquired/raw/inc_7b4b399e7c81a552/metrics.parquet	159697	65f1dcc88d780c32184d36ac8cb38e7e298d8c4606c38037eac3e87910a967f1	True
inc_7b4b399e7c81a552	observation	02_datasets/acquired/raw/inc_7b4b399e7c81a552/traces.parquet	10173608	382089543181648a89a48ac47afcbdf677e9f3225394c576d9e63ddeab7d37db	True
inc_0991de462f9a6c05	label	02_datasets/acquired/labels/injection/inc_0991de462f9a6c05/inject_time.txt	10	c6ac93a51c0878d99a746010802d943ad4114aab2250b5cc3c63a18a2f3ed7d6	False
inc_0991de462f9a6c05	observation	02_datasets/acquired/raw/inc_0991de462f9a6c05/logs.parquet	343151	adbc1c95e27ef2295827490e6f309934d803bd43feb32ecd91cd219459e33921	True
inc_0991de462f9a6c05	observation	02_datasets/acquired/raw/inc_0991de462f9a6c05/metrics.parquet	162192	052b10383bb2841a15d6daef4d89aa2de8723ca9c107d6eada3c22bd4a0cc12b	True
inc_0991de462f9a6c05	observation	02_datasets/acquired/raw/inc_0991de462f9a6c05/traces.parquet	10260288	1fc575af3774d116ba71cba4657ab2079d8d75263279126f9fdf74b5989b3f9e	True
inc_d1821966fc7791fc	label	02_datasets/acquired/labels/injection/inc_d1821966fc7791fc/inject_time.txt	10	87a24c90d82e973adc4df3a1216a85141e2caac93a982cc78e99999b0e80dec7	False
inc_d1821966fc7791fc	observation	02_datasets/acquired/raw/inc_d1821966fc7791fc/logs.parquet	342888	4fd881f7620902c141a7cfa2cd4c6c8115ab2d85c6c0a7fd1914a8dcf9a0c1ba	True
inc_d1821966fc7791fc	observation	02_datasets/acquired/raw/inc_d1821966fc7791fc/metrics.parquet	159637	ed8471d2f53c0c3f4095b25eff69d5c45762425afaa973d4dbdc04d7bc32c0f3	True
inc_d1821966fc7791fc	observation	02_datasets/acquired/raw/inc_d1821966fc7791fc/traces.parquet	10214448	04d1512a44ece85f370caeaa09d24e441adc7f67bbebc0de689faea0d5563a63	True
inc_5b4214f9c0e50d81	label	02_datasets/acquired/labels/injection/inc_5b4214f9c0e50d81/inject_time.txt	10	0fd57d169b53ed2ad31d229ada9d9a85fbe92db4225ea138246b5945bde09f4b	False
inc_5b4214f9c0e50d81	observation	02_datasets/acquired/raw/inc_5b4214f9c0e50d81/logs.parquet	340865	b23442ffd493e8b2365d541659b7f85b507b0970b93c42218d378735d041bc60	True
inc_5b4214f9c0e50d81	observation	02_datasets/acquired/raw/inc_5b4214f9c0e50d81/metrics.parquet	159003	c06a8807374665322abcd580ce8d62e7f97e5d22cf4586c3dc6b65e24cfdd1d2	True
inc_5b4214f9c0e50d81	observation	02_datasets/acquired/raw/inc_5b4214f9c0e50d81/traces.parquet	10204412	0f0954b806eefe4c74540afd3eb25ce22ed4463d73df6c99bdbcc6248be0450b	True
inc_c3bf40c257e90fe0	label	02_datasets/acquired/labels/injection/inc_c3bf40c257e90fe0/inject_time.txt	10	ffd7fbfa3e6bf6a7f849d351097d17533e474b8f118cb8263997588970e4b0c8	False
inc_c3bf40c257e90fe0	observation	02_datasets/acquired/raw/inc_c3bf40c257e90fe0/logs.parquet	346455	6a06effe5e239002f0bfaeb47c7f46a6b2458b8983678a3679764c22249099cc	True
inc_c3bf40c257e90fe0	observation	02_datasets/acquired/raw/inc_c3bf40c257e90fe0/metrics.parquet	160101	7080eff2016aa46caf64474916b366736f5840716edff66fc4dc195578b5a89a	True
inc_c3bf40c257e90fe0	observation	02_datasets/acquired/raw/inc_c3bf40c257e90fe0/traces.parquet	10279081	5a4687157fe8c7be951feb018dcbf4cae159eb32155f8362682d808b10ba2126	True
inc_fb17a1c06d15f08d	label	02_datasets/acquired/labels/injection/inc_fb17a1c06d15f08d/inject_time.txt	10	939e7b2a0b2d465dc22075f479b38548c47759c612cf0c5b6e72dbc954c9553a	False
inc_fb17a1c06d15f08d	observation	02_datasets/acquired/raw/inc_fb17a1c06d15f08d/logs.parquet	321294	32c77b4bcdeba1e0fa770c96417c79616b7c6c41576644d193e1d5a2944c4b1d	True
inc_fb17a1c06d15f08d	observation	02_datasets/acquired/raw/inc_fb17a1c06d15f08d/metrics.parquet	158114	5a7291e34ce019824e0dafb6c3f2d29153b54563c65795444d9a329e745c4b25	True
inc_fb17a1c06d15f08d	observation	02_datasets/acquired/raw/inc_fb17a1c06d15f08d/traces.parquet	9806239	9e6b77c4512536fa9d83cb6ff2c037e31af6db28e752891ba35f822d888f23af	True
inc_87e54e05272da43e	label	02_datasets/acquired/labels/injection/inc_87e54e05272da43e/inject_time.txt	10	eff4e19e1d2ceae5232f4a589a18a7289f63acd46894b0ab68a58622d771035f	False
inc_87e54e05272da43e	observation	02_datasets/acquired/raw/inc_87e54e05272da43e/logs.parquet	267671	f66f5ea87c17639049b828f5778f298403d263bce171757ad0099161b450fe39	True
inc_87e54e05272da43e	observation	02_datasets/acquired/raw/inc_87e54e05272da43e/metrics.parquet	158552	d9e62c8b4929b1ad6d571e97d7c72be7b6d1c328e501e02b08f7d6c3e59f678e	True
inc_87e54e05272da43e	observation	02_datasets/acquired/raw/inc_87e54e05272da43e/traces.parquet	9781593	6b0a0f7ada98756df9c0b076667ea5f9e977230ff1d4a20fc09cae1808b73b29	True
inc_42d05a5a96453d5d	label	02_datasets/acquired/labels/injection/inc_42d05a5a96453d5d/inject_time.txt	10	e96bdf0ef3810862c5c2fffa2babb5834db4ebd8351bb7a5f7ff103b150ecdf0	False
inc_42d05a5a96453d5d	observation	02_datasets/acquired/raw/inc_42d05a5a96453d5d/logs.parquet	263430	30b78e84502addecf6d69091cbc97af88d13e29b5dc1dc0b241c967219681d92	True
inc_42d05a5a96453d5d	observation	02_datasets/acquired/raw/inc_42d05a5a96453d5d/metrics.parquet	159581	12756074029a5e2361a67254fbf15b9c192e845fd9c77bc5961f7293b51f8feb	True
inc_42d05a5a96453d5d	observation	02_datasets/acquired/raw/inc_42d05a5a96453d5d/traces.parquet	9616612	034dc91bcfdf69973af19dc9ce57886c7b75ad12c6fba7db872d9a837d968ed4	True
inc_666f8c5628760ebf	label	02_datasets/acquired/labels/injection/inc_666f8c5628760ebf/inject_time.txt	10	afd71197c23b67e0ee30123f51a6b52549f1db01fd537bdc39f3ddb813d225ed	False
inc_666f8c5628760ebf	observation	02_datasets/acquired/raw/inc_666f8c5628760ebf/logs.parquet	304701	881d521c372f94a0dda2b4317e8c46723499155e4d8498b57bf0fefd3cef3173	True
inc_666f8c5628760ebf	observation	02_datasets/acquired/raw/inc_666f8c5628760ebf/metrics.parquet	160014	5e6a6def74364ab09d682777c6c09b29fbc2e2c1b6b8ee279958764d0b6a27bd	True
inc_666f8c5628760ebf	observation	02_datasets/acquired/raw/inc_666f8c5628760ebf/traces.parquet	9495309	c919dbc323bbd2dec5873c76856e9d5942b7339751308c8e679a9144ec3c7b5b	True
inc_3ca96f4fd6ec63a3	label	02_datasets/acquired/labels/injection/inc_3ca96f4fd6ec63a3/inject_time.txt	10	0a3c2dbbd507f52deb6d313f818037c133b192401e94441230fb8145c0391ca4	False
inc_3ca96f4fd6ec63a3	observation	02_datasets/acquired/raw/inc_3ca96f4fd6ec63a3/logs.parquet	341284	1146808fa575ed397b3f3996435b4e67a9fcc03917e89faca3a5f37b22435b89	True
inc_3ca96f4fd6ec63a3	observation	02_datasets/acquired/raw/inc_3ca96f4fd6ec63a3/metrics.parquet	163779	3d6da65da0438f2b0ffffcec73b2e1df489c693d48a9db6b0770e53f6d0464f4	True
inc_3ca96f4fd6ec63a3	observation	02_datasets/acquired/raw/inc_3ca96f4fd6ec63a3/traces.parquet	10125921	b34905517fb7063b573b20a6a2226881609190678577a025bfb8b15d59426153	True
inc_ee53782e9c264b25	label	02_datasets/acquired/labels/injection/inc_ee53782e9c264b25/inject_time.txt	10	5645e0d0842f4d538ee756bac26ef55228c5ec26ef5e4b0d24d55706bcde9177	False
inc_ee53782e9c264b25	observation	02_datasets/acquired/raw/inc_ee53782e9c264b25/logs.parquet	349053	14dc604f459dc969f3f4452a5b63c3819f6d72ea5e52424668a26d892445ae84	True
inc_ee53782e9c264b25	observation	02_datasets/acquired/raw/inc_ee53782e9c264b25/metrics.parquet	162125	b2c6882086e4a011e7e4450d027c158689ef6bf8811d5efe27e49ae3e343dd3d	True
inc_ee53782e9c264b25	observation	02_datasets/acquired/raw/inc_ee53782e9c264b25/traces.parquet	10302803	8a27b8895199d6093bf6fa75b039f309f5d697cd63299e29381e621fa974cd0e	True
inc_1fa5a9117fca9344	label	02_datasets/acquired/labels/injection/inc_1fa5a9117fca9344/inject_time.txt	10	a0de26a5d08864950d6e84cc4fc8311088eb0011d1f47b4a3c51e9f2aa0660a0	False
inc_1fa5a9117fca9344	observation	02_datasets/acquired/raw/inc_1fa5a9117fca9344/logs.parquet	223888	aaa390fe2f92a3ae646fb59a6c2069e4a3f9fd789aa3d86f939656d2e55bc366	True
inc_1fa5a9117fca9344	observation	02_datasets/acquired/raw/inc_1fa5a9117fca9344/metrics.parquet	162150	a31419d13452d1c969f8dd22ab82089fe77c8fa3ae2ca4aadeb17180849f17fc	True
inc_1fa5a9117fca9344	observation	02_datasets/acquired/raw/inc_1fa5a9117fca9344/traces.parquet	7734168	ebba409588650edab31d79d02819af64edbf3e17e5359f320893fc30f9b8fea7	True
inc_575674712ab891b4	label	02_datasets/acquired/labels/injection/inc_575674712ab891b4/inject_time.txt	10	c412fb79e310b259c67dd0fbf9f57b7030a052254f0434756cc1680460b4f18e	False
inc_575674712ab891b4	observation	02_datasets/acquired/raw/inc_575674712ab891b4/logs.parquet	275031	5a1844ab2ce53ebdd6458e8c4302bcdee830ca2db6553bd4da719df41bde5bd6	True
inc_575674712ab891b4	observation	02_datasets/acquired/raw/inc_575674712ab891b4/metrics.parquet	165081	a11e3af15c8c574809cb0bc40f5613ebc6865e658f64f217e2e8f763015e8664	True
inc_575674712ab891b4	observation	02_datasets/acquired/raw/inc_575674712ab891b4/traces.parquet	9371708	aea30bd6de802aa7d2d52951881917b73a650ecf8f29b943a3ad7ae1c8ebea1d	True
inc_28de536b28e1a888	label	02_datasets/acquired/labels/injection/inc_28de536b28e1a888/inject_time.txt	10	8b68d557a2c05456352b26b33504c36cd97f2edec40894837e2d645460cd21c1	False
inc_28de536b28e1a888	observation	02_datasets/acquired/raw/inc_28de536b28e1a888/logs.parquet	292616	6fb018727729cc73726506dbdf0d2ec0776676ae8fb0a1fe14787db0ec057e42	True
inc_28de536b28e1a888	observation	02_datasets/acquired/raw/inc_28de536b28e1a888/metrics.parquet	163223	c4055cbedea6c9aeb164bba921b81023ba76f798ad90c672f0a5ed51550b8568	True
inc_28de536b28e1a888	observation	02_datasets/acquired/raw/inc_28de536b28e1a888/traces.parquet	9181276	6fc519b2286f0e5e445eedf6e634735f309087ec7a6bfe0c65ee6661d71b1765	True
inc_9cb53216929f92e8	label	02_datasets/acquired/labels/injection/inc_9cb53216929f92e8/inject_time.txt	10	7b1543cae6c4c16baf7d85fb35e5a008d1522d18b0a49ea903e27732401c1fa0	False
inc_9cb53216929f92e8	observation	02_datasets/acquired/raw/inc_9cb53216929f92e8/logs.parquet	317390	146a10318522c38abb82ced4722e5f7bd68bbfc7930ae70a615e4d5cf725ff6d	True
inc_9cb53216929f92e8	observation	02_datasets/acquired/raw/inc_9cb53216929f92e8/metrics.parquet	158714	689b626fe46e2ee6bb430853dedcc410c839ae2a93833349be9ad96803fee6e0	True
inc_9cb53216929f92e8	observation	02_datasets/acquired/raw/inc_9cb53216929f92e8/traces.parquet	9787628	fbe435f1ac87ad1822a90e1635a0bfad6f7e5a3ea30715cf61f6cd53ad397b7d	True
inc_c75fa18cc6e553d8	label	02_datasets/acquired/labels/injection/inc_c75fa18cc6e553d8/inject_time.txt	10	64580d7dca6090e1fd36fd68df6be12806f6fe262c5b82dad0976fbc064d6ec8	False
inc_c75fa18cc6e553d8	observation	02_datasets/acquired/raw/inc_c75fa18cc6e553d8/logs.parquet	325203	bf5483dcdfc122b3d05fe98926ac2e9465dbf235c8086b37d71dff4f76bdba58	True
inc_c75fa18cc6e553d8	observation	02_datasets/acquired/raw/inc_c75fa18cc6e553d8/metrics.parquet	153938	d0bb3a38d4fb930e63e3f862712d72a2a3f2ee82ab14c071d926f2c2e9de46fc	True
inc_c75fa18cc6e553d8	observation	02_datasets/acquired/raw/inc_c75fa18cc6e553d8/traces.parquet	9927642	bcea2effb074eef8883be4558525b6be0149c3b7667e0142b628c0e5ff9a8550	True
inc_440b5aa2334e385c	label	02_datasets/acquired/labels/injection/inc_440b5aa2334e385c/inject_time.txt	10	1d3384826a795d9533cd0cc40673999550a14c9a05e6a3b3842a0f3f3c93c03c	False
inc_440b5aa2334e385c	observation	02_datasets/acquired/raw/inc_440b5aa2334e385c/logs.parquet	327596	60aae5863663e1b72b4a3df572a2aa47577eb40b505eb0bd7ab9882d8163393a	True
inc_440b5aa2334e385c	observation	02_datasets/acquired/raw/inc_440b5aa2334e385c/metrics.parquet	163698	326f12119594afa643db66c9a1251935a07b9560cf40651fbc49d5ac450a4e82	True
inc_440b5aa2334e385c	observation	02_datasets/acquired/raw/inc_440b5aa2334e385c/traces.parquet	9907309	0d34319461cc7dbc775870291882a88bdc7520a50c16e3eb3ea2a4e7e2786e31	True
inc_77ceaec9d84d6e25	label	02_datasets/acquired/labels/injection/inc_77ceaec9d84d6e25/inject_time.txt	10	63633f50483f5cc1b43eec581aa6a35c19dfcaf1eadfc189c299b7050b035fe5	False
inc_77ceaec9d84d6e25	observation	02_datasets/acquired/raw/inc_77ceaec9d84d6e25/logs.parquet	345019	c8e96e804e4f75ed396be82249ecdeaada696612b892c56399548e6abffb7218	True
inc_77ceaec9d84d6e25	observation	02_datasets/acquired/raw/inc_77ceaec9d84d6e25/metrics.parquet	157288	25f927f934f8a91723bd146fd2c020713516f3f1d5705051b942bdfcb9e1ce08	True
inc_77ceaec9d84d6e25	observation	02_datasets/acquired/raw/inc_77ceaec9d84d6e25/traces.parquet	10260001	577a16fc1be0d402c176628b3b13146b34f22a9e9731943853a136a25c44f324	True
inc_1340494405aa1c58	label	02_datasets/acquired/labels/injection/inc_1340494405aa1c58/inject_time.txt	10	7e422aee2ed582ab2639ae9d703ad947f35ac8a87e7f752cde57f593b3836313	False
inc_1340494405aa1c58	observation	02_datasets/acquired/raw/inc_1340494405aa1c58/logs.parquet	338446	466df696371099c289d9ec55dff7e88b416e381c736a99f068e36f5d2f168abd	True
inc_1340494405aa1c58	observation	02_datasets/acquired/raw/inc_1340494405aa1c58/metrics.parquet	161933	5a3fafe7ba66c724370f00bb931d6d7c1b286af4dc06e6ac44e7ff1f7314c5df	True
inc_1340494405aa1c58	observation	02_datasets/acquired/raw/inc_1340494405aa1c58/traces.parquet	10206571	3615a314e6fd8c505f4bf44c2d1b03bb2bf843ccdd6eb9b54f20a8fa9552d665	True
inc_792aba678ac59ed6	label	02_datasets/acquired/labels/injection/inc_792aba678ac59ed6/inject_time.txt	10	803eeaffc6fbcc9e320ed9dfb73f1cd52a7375756f8fac8478f1d4a0ce999164	False
inc_792aba678ac59ed6	observation	02_datasets/acquired/raw/inc_792aba678ac59ed6/logs.parquet	341726	6ec02019d9ae0d7f11307c2c83b2296fa4e1707b4b1533c28b25739eb510daf7	True
inc_792aba678ac59ed6	observation	02_datasets/acquired/raw/inc_792aba678ac59ed6/metrics.parquet	160544	02faf42fc54f07a868c1e7659f073d010ded9ac407440b69b9f2c9f856849f8e	True
inc_792aba678ac59ed6	observation	02_datasets/acquired/raw/inc_792aba678ac59ed6/traces.parquet	10208934	df1cbdf0e98fa4fce7ae8dd65c3b697dbb1d7f6b1063b9552ae656d9c5d2dfd6	True
inc_e8c939b906ef2c9e	label	02_datasets/acquired/labels/injection/inc_e8c939b906ef2c9e/inject_time.txt	10	a6533a760eaff52ec5092c25add46ec8aa95a4744e9af16a7a94f230bd8bfc38	False
inc_e8c939b906ef2c9e	observation	02_datasets/acquired/raw/inc_e8c939b906ef2c9e/logs.parquet	337106	5b0eff42c36df03f4b618f79fea5e0e6f95d54e9afe0e857c86b68696bf72f05	True
inc_e8c939b906ef2c9e	observation	02_datasets/acquired/raw/inc_e8c939b906ef2c9e/metrics.parquet	156391	52752452d9f2fdb69cec2b7575b617f84419131338fcb1c2e1829ef5c242e586	True
inc_e8c939b906ef2c9e	observation	02_datasets/acquired/raw/inc_e8c939b906ef2c9e/traces.parquet	10155267	c98764ff45836b7514480c515a4e0bfe685fb0ce15de8484eae012451b5aea6e	True
inc_ddb222a8702276b2	label	02_datasets/acquired/labels/injection/inc_ddb222a8702276b2/inject_time.txt	10	08a32723f185307cdbc4a563e185986579659c60af53adc65312c77228bc2626	False
inc_ddb222a8702276b2	observation	02_datasets/acquired/raw/inc_ddb222a8702276b2/logs.parquet	341605	c8a5331efaeea916dd3b70006e126d43612fd1e9bfa660c41c38ae93dc2e7c87	True
inc_ddb222a8702276b2	observation	02_datasets/acquired/raw/inc_ddb222a8702276b2/metrics.parquet	157489	b59f3b7193915ec3a19c7714d80f6b2f4446b9b471f61c8abe7cd9e1c4173199	True
inc_ddb222a8702276b2	observation	02_datasets/acquired/raw/inc_ddb222a8702276b2/traces.parquet	10259513	1075d795eea30f170a19ddaa1f5c97b0712ca6f697938db90cff4975192135be	True
inc_e35ff7db68655611	label	02_datasets/acquired/labels/injection/inc_e35ff7db68655611/inject_time.txt	10	bd920b1bc479620445963c03b5a512cfe1a4f90d43ed2f8a5e500509f9b89c55	False
inc_e35ff7db68655611	observation	02_datasets/acquired/raw/inc_e35ff7db68655611/logs.parquet	343005	d6e529d2f10893ff9fc60bf6665f891eba86754d12121580e047f2c8f18f19af	True
inc_e35ff7db68655611	observation	02_datasets/acquired/raw/inc_e35ff7db68655611/metrics.parquet	157993	c59c8e43619afe8b1a2783d580a4d19bbc604f4cdff64f4d87cb4911ce04b769	True
inc_e35ff7db68655611	observation	02_datasets/acquired/raw/inc_e35ff7db68655611/traces.parquet	10310120	139312b20b169e31a605c918a76a13da149c08dcd4d0aee0259dcb5e5c9c832b	True
inc_c34729bda2a676bd	label	02_datasets/acquired/labels/injection/inc_c34729bda2a676bd/inject_time.txt	10	f174f8bbe484e6506b2fc986044c10dbef2f5719f42dd1064a042362f291f59a	False
inc_c34729bda2a676bd	observation	02_datasets/acquired/raw/inc_c34729bda2a676bd/logs.parquet	336154	9f742c0c42f0739222db8c92d5d716e1a94a1774d66cb82de3e5bbd64744f9aa	True
inc_c34729bda2a676bd	observation	02_datasets/acquired/raw/inc_c34729bda2a676bd/metrics.parquet	153820	888dae20bf94fe78534fe3e2bb821b898ab66f53e2c87101d21466c0fb88aea1	True
inc_c34729bda2a676bd	observation	02_datasets/acquired/raw/inc_c34729bda2a676bd/traces.parquet	10184723	569e86b874736c9815ea4be07726a4abe4a76990c93c1b992e356b686fed1a9d	True
inc_28c54291b6ec0364	label	02_datasets/acquired/labels/injection/inc_28c54291b6ec0364/inject_time.txt	10	389956a869c59f76a88abdbe65d5ba2b033248a0d4562e66edd37d6e9ec4ea39	False
inc_28c54291b6ec0364	observation	02_datasets/acquired/raw/inc_28c54291b6ec0364/logs.parquet	337914	29c9ac39878c9cd2f8bcbb7ab9e8976dae4a9a48b7eaa174f381d247a40cd77c	True
inc_28c54291b6ec0364	observation	02_datasets/acquired/raw/inc_28c54291b6ec0364/metrics.parquet	155859	217523780a38bd6afc28fad3362cbc15a6f1b97c4a1ca1400f442c25140236e0	True
inc_28c54291b6ec0364	observation	02_datasets/acquired/raw/inc_28c54291b6ec0364/traces.parquet	10201711	480da7546046056e2be34e24dce910276c6d884a09a5499681a2fb0fb1be7123	True
inc_44cd59b13484c8ff	label	02_datasets/acquired/labels/injection/inc_44cd59b13484c8ff/inject_time.txt	10	3898497514b3806617131b4d92f4d15898e006d7c0a5ec8abde5b8c121051565	False
inc_44cd59b13484c8ff	observation	02_datasets/acquired/raw/inc_44cd59b13484c8ff/logs.parquet	341234	e5a1ddf3fb025adafa4949c6bac2676592e7c08b3a90b07c422afb2b6272cca6	True
inc_44cd59b13484c8ff	observation	02_datasets/acquired/raw/inc_44cd59b13484c8ff/metrics.parquet	156934	7d96768d13a0700c2c4d80f9a3c693d408f423cc5923c5c90bcf2147c7a38136	True
inc_44cd59b13484c8ff	observation	02_datasets/acquired/raw/inc_44cd59b13484c8ff/traces.parquet	10212194	f790c4d626f015d74bea92f6b4c0f5cd8de1807fdd5b4afff735cd69b56e18a9	True
inc_08457c0fbff4700e	label	02_datasets/acquired/labels/injection/inc_08457c0fbff4700e/inject_time.txt	10	782bc0e87781a862bb07cf32b73a6759db30f338c203a7c6feb5fc265794a75a	False
inc_08457c0fbff4700e	observation	02_datasets/acquired/raw/inc_08457c0fbff4700e/logs.parquet	328129	547891e6dbc4413b0bd9e26aa22abf972b6c8e7aca9d9076d0374218078e287b	True
inc_08457c0fbff4700e	observation	02_datasets/acquired/raw/inc_08457c0fbff4700e/metrics.parquet	160184	3510933da38ebb9940fa59bd53cbfad4f9f966b3b1402a9879f2d5a8a39d7f94	True
inc_08457c0fbff4700e	observation	02_datasets/acquired/raw/inc_08457c0fbff4700e/traces.parquet	10017655	b25ca9bf883885a83d36c548fb5d528d6e608b56ce0080e84ad083cd66fddff8	True
inc_d5425e4d7b13f348	label	02_datasets/acquired/labels/injection/inc_d5425e4d7b13f348/inject_time.txt	10	bf9a57ae33bb5c17ee2b91fd07d2237c8137563c4d9e6a30e0e6b315ff968ef8	False
inc_d5425e4d7b13f348	observation	02_datasets/acquired/raw/inc_d5425e4d7b13f348/logs.parquet	342285	e91a349b94b0ae3ad86a5fdb4102640235216dc7b026dae8f963bf471b07a17b	True
inc_d5425e4d7b13f348	observation	02_datasets/acquired/raw/inc_d5425e4d7b13f348/metrics.parquet	164350	6bbf8a1452e7ed6cd3ef464ac0ae56861970267f1839a45968eb6bdc22b3c8ae	True
inc_d5425e4d7b13f348	observation	02_datasets/acquired/raw/inc_d5425e4d7b13f348/traces.parquet	10245957	8dd29ba9fbbdfa02a2101da34579744847331e7fbef420ec97190954ebbfbc61	True
inc_2adbb3fd7fbcb7b3	label	02_datasets/acquired/labels/injection/inc_2adbb3fd7fbcb7b3/inject_time.txt	10	237551aa1715ac61218b262e11f793e2baa1e29570478d14ecb9754915f7774f	False
inc_2adbb3fd7fbcb7b3	observation	02_datasets/acquired/raw/inc_2adbb3fd7fbcb7b3/logs.parquet	306482	0f1313dc27430f0a6f2837c0067685c8f794d37767ebc63602fc244f8da9420e	True
inc_2adbb3fd7fbcb7b3	observation	02_datasets/acquired/raw/inc_2adbb3fd7fbcb7b3/metrics.parquet	161336	5fe97059484d3c5162c15ff872cc97d13223ada6b82b43045537ebdd98aa2f23	True
inc_2adbb3fd7fbcb7b3	observation	02_datasets/acquired/raw/inc_2adbb3fd7fbcb7b3/traces.parquet	9385568	20ce19d519d2562ac323d8b70917755b5235af494e58fcb4da43a52af8079195	True
inc_cd11a2a781c49c77	label	02_datasets/acquired/labels/injection/inc_cd11a2a781c49c77/inject_time.txt	10	758476a2189ee7f2ba1400bb9922125d1828dbea33ff6f900350be7367e54d84	False
inc_cd11a2a781c49c77	observation	02_datasets/acquired/raw/inc_cd11a2a781c49c77/logs.parquet	330952	91efec40dd859674572399419b4399dd02d56bcf80718409f922d963d0103487	True
inc_cd11a2a781c49c77	observation	02_datasets/acquired/raw/inc_cd11a2a781c49c77/metrics.parquet	157661	a7164fda5feb30ca9ff28990d9935052987b8d8bc192dadc58a297e48c66ffec	True
inc_cd11a2a781c49c77	observation	02_datasets/acquired/raw/inc_cd11a2a781c49c77/traces.parquet	10008258	aa788bd6bca85d8f753070ed19499ce0ffe1ab34d8bc758c3701a032a8ee5847	True
inc_defb07756e152786	label	02_datasets/acquired/labels/injection/inc_defb07756e152786/inject_time.txt	10	d05e05abdb0a0c4c3054da7de07363438c9654dba713f945f9176b5c20170ead	False
inc_defb07756e152786	observation	02_datasets/acquired/raw/inc_defb07756e152786/logs.parquet	342632	9f8238d1ba28e4ece1fff6612f088032ea75d91971c841564fdf5cbb7153702e	True
inc_defb07756e152786	observation	02_datasets/acquired/raw/inc_defb07756e152786/metrics.parquet	160731	8e80309f3055030f9ec4636b60e2fa44cb7fed23264e9ecb4d37ab8610318a5c	True
inc_defb07756e152786	observation	02_datasets/acquired/raw/inc_defb07756e152786/traces.parquet	10289391	a17e365b325b783d8ed152870244048df9a9642851b2a2846b4c7e3f477d6e06	True
inc_1ceb6e079b0f93ee	label	02_datasets/acquired/labels/injection/inc_1ceb6e079b0f93ee/inject_time.txt	10	8d712c7f18a63f31196144232e9d1ce1e370992bf37638f7f3893343ec75a203	False
inc_1ceb6e079b0f93ee	observation	02_datasets/acquired/raw/inc_1ceb6e079b0f93ee/logs.parquet	337142	538a806d709db9bc938e5eca5cde4d103bc5bb8ac969f494bb56b13022b05c60	True
inc_1ceb6e079b0f93ee	observation	02_datasets/acquired/raw/inc_1ceb6e079b0f93ee/metrics.parquet	158756	2f98ae267cb2a54954094104304ae62f07654fed1e890f3b2680ab97096f4340	True
inc_1ceb6e079b0f93ee	observation	02_datasets/acquired/raw/inc_1ceb6e079b0f93ee/traces.parquet	10117978	5fc30712546987c648a6e9d80a24f845ca506a130a0a37cb24ee0b6c18ecc4cc	True
inc_a7c4ff1c43ab561f	label	02_datasets/acquired/labels/injection/inc_a7c4ff1c43ab561f/inject_time.txt	10	f46e708203ce226e22800227bd5455f0635173f2864abb82543ad299b0e22dcb	False
inc_a7c4ff1c43ab561f	observation	02_datasets/acquired/raw/inc_a7c4ff1c43ab561f/logs.parquet	344893	409e2d794d9276af2dc27faccb635d66b216acb0984efb94bbe1e18886067b39	True
inc_a7c4ff1c43ab561f	observation	02_datasets/acquired/raw/inc_a7c4ff1c43ab561f/metrics.parquet	158761	8a97bd135d13810f3c798514e65540fa029942b315377f1f1ae08941d672d9f1	True
inc_a7c4ff1c43ab561f	observation	02_datasets/acquired/raw/inc_a7c4ff1c43ab561f/traces.parquet	10222020	353671ca7f53ed0fb63901a6ebbf3cbb49497dbcb2c789a7b4e9ddac6d1e3a1d	True
inc_4c41c0fdada72699	label	02_datasets/acquired/labels/injection/inc_4c41c0fdada72699/inject_time.txt	10	6ded0d3b6a7ed6b0f2a4e350b00e9e15235c6e3e56a4c3a2da76acb8cf122fff	False
inc_4c41c0fdada72699	observation	02_datasets/acquired/raw/inc_4c41c0fdada72699/logs.parquet	339833	d5438abb2532df7cf82104e9cb19a7119aeeeaf6b4221b2f241dbfb4c04f6724	True
inc_4c41c0fdada72699	observation	02_datasets/acquired/raw/inc_4c41c0fdada72699/metrics.parquet	161226	59aa24e82f58dfc77a025802305b5694313edc4fa8924b6001be34965a775f37	True
inc_4c41c0fdada72699	observation	02_datasets/acquired/raw/inc_4c41c0fdada72699/traces.parquet	10180081	6827c3b13b4f61b04bce5db338fcd9bd70792330183eb8992e2074d00d747e80	True
inc_defe171a8ac63131	label	02_datasets/acquired/labels/injection/inc_defe171a8ac63131/inject_time.txt	10	164a230d4f38c344e03868e235dd471d71a3acc6b3353b308d3841243d2d083b	False
inc_defe171a8ac63131	observation	02_datasets/acquired/raw/inc_defe171a8ac63131/logs.parquet	336164	e6a22eb7387ff62e57202d14948ad827498f3a90ce84da8875981b5cce10147b	True
inc_defe171a8ac63131	observation	02_datasets/acquired/raw/inc_defe171a8ac63131/metrics.parquet	159852	a551edda9023b9020b83e42b6a6b3d65f64c98cd15c7732edfd2a766ecc99ddc	True
inc_defe171a8ac63131	observation	02_datasets/acquired/raw/inc_defe171a8ac63131/traces.parquet	9948904	7ab7a1ed4d48e0db720d2dd7a30a617497c44270b5de2a58172d2844e9a1ff62	True
inc_9fd3139546e98ac3	label	02_datasets/acquired/labels/injection/inc_9fd3139546e98ac3/inject_time.txt	10	7b948d20df7751e5ea0f42a42b3ca0c5820b00a5be40216e4080f574454f9008	False
inc_9fd3139546e98ac3	observation	02_datasets/acquired/raw/inc_9fd3139546e98ac3/logs.parquet	342384	6b6a356dad7f1e4b69a1130120b65b456a047219af404ff90a630cfbb40aa973	True
inc_9fd3139546e98ac3	observation	02_datasets/acquired/raw/inc_9fd3139546e98ac3/metrics.parquet	158975	90f8fcaa8dfece1d1276a9baab35a8818efe5e793a92da07163bc32fc4aaa9ed	True
inc_9fd3139546e98ac3	observation	02_datasets/acquired/raw/inc_9fd3139546e98ac3/traces.parquet	10259725	d6e043dc5a0fedf9f7c846f9fe71e6541ff5387960ce6eef52a65cbbfea55c80	True
inc_e8eb4aabf3538114	label	02_datasets/acquired/labels/injection/inc_e8eb4aabf3538114/inject_time.txt	10	74826033bc742446202dd5d53a0c3e8bd63bbdd6311bc22d6d76fda8308d11bc	False
inc_e8eb4aabf3538114	observation	02_datasets/acquired/raw/inc_e8eb4aabf3538114/logs.parquet	344795	35a0d14124b694c54db879f1018e11040f920d83e3890a3d19eb87a283d89939	True
inc_e8eb4aabf3538114	observation	02_datasets/acquired/raw/inc_e8eb4aabf3538114/metrics.parquet	156363	5a2561b573136dcc34f188017b4ac93521794dab966f1e92063d1e2085f5678c	True
inc_e8eb4aabf3538114	observation	02_datasets/acquired/raw/inc_e8eb4aabf3538114/traces.parquet	10301039	73c6a7a0a258551b42e2f98571a3bf641f4c41dbb9882bafa48006bcdff4b95f	True
inc_57f6ede7e94d009b	label	02_datasets/acquired/labels/injection/inc_57f6ede7e94d009b/inject_time.txt	10	b61d74dcb1885c3499afbae97bc4224134b837d40ef17654458f68ac3c63a424	False
inc_57f6ede7e94d009b	observation	02_datasets/acquired/raw/inc_57f6ede7e94d009b/logs.parquet	341966	b904661066e98f6c4845fa7d7cad98ce8a8600eb75c1c524e453226428318562	True
inc_57f6ede7e94d009b	observation	02_datasets/acquired/raw/inc_57f6ede7e94d009b/metrics.parquet	155729	e0b722bfc8b9d8a9ef733023dfdfdfbb39d8abb8e77e195151dda1851874bd63	True
inc_57f6ede7e94d009b	observation	02_datasets/acquired/raw/inc_57f6ede7e94d009b/traces.parquet	10202754	32257c6a9f6f1caea7b3ca9de984ef7027eec33eb8bb835051e0d9ddaf5bb4cb	True
inc_c008d0981392ffbc	label	02_datasets/acquired/labels/injection/inc_c008d0981392ffbc/inject_time.txt	10	495d83ea17c997d3f279535195d63f2b3e0b576ea40d40fb1cebeea2646f8ffa	False
inc_c008d0981392ffbc	observation	02_datasets/acquired/raw/inc_c008d0981392ffbc/logs.parquet	340440	3d9a771b2325aee6bce7b1536d7baae0fca7ba8cea8c043921fc64a123d34442	True
inc_c008d0981392ffbc	observation	02_datasets/acquired/raw/inc_c008d0981392ffbc/metrics.parquet	143586	40a32cdc027251907770a69cfff1a1f7f0b93d9188148b837a3afa1ed425f2de	True
inc_c008d0981392ffbc	observation	02_datasets/acquired/raw/inc_c008d0981392ffbc/traces.parquet	10244076	fcc49515cf5f50a84000a1dfddf0d75ab5ca06e9712a7f4775bfd2c364283135	True
inc_66efae16cc927faf	label	02_datasets/acquired/labels/injection/inc_66efae16cc927faf/inject_time.txt	10	f03a914b07fdc89cfc8b8c18bc5791375463efe37ac761167295c233b3a73976	False
inc_66efae16cc927faf	observation	02_datasets/acquired/raw/inc_66efae16cc927faf/logs.parquet	341594	b078a4cbed76998b57acd97d23d0c7fe3d70aeeeb1fee3339f568dca12803485	True
inc_66efae16cc927faf	observation	02_datasets/acquired/raw/inc_66efae16cc927faf/metrics.parquet	156224	f4c6d5617b8895dcf131e444d960a7ffd0b3be48552ad49d3318330fe17be27d	True
inc_66efae16cc927faf	observation	02_datasets/acquired/raw/inc_66efae16cc927faf/traces.parquet	10197838	9c599bc635232ea9139bfb69beed83d7aac28b55da31037e69d55a9d492ced33	True
inc_15361b2d5df6a488	label	02_datasets/acquired/labels/injection/inc_15361b2d5df6a488/inject_time.txt	10	4cf4aebd3f677bc6a963fc38700f8fe7077d9b9d204c3390779ef28b24141d39	False
inc_15361b2d5df6a488	observation	02_datasets/acquired/raw/inc_15361b2d5df6a488/logs.parquet	352942	4addc432d0882d78f03564d201e26cb9a33520c110541181b64324247a60bf0d	True
inc_15361b2d5df6a488	observation	02_datasets/acquired/raw/inc_15361b2d5df6a488/metrics.parquet	154647	8e4e586944eeb863c6e3d9440403eae4680c61efa6c0694849915236e91c5df1	True
inc_15361b2d5df6a488	observation	02_datasets/acquired/raw/inc_15361b2d5df6a488/traces.parquet	10316938	d362139d07f50395b17f87efaea74ce5a86be7fe829523bbbc13330d02658e9a	True
inc_8130066a520a5fda	label	02_datasets/acquired/labels/injection/inc_8130066a520a5fda/inject_time.txt	10	add38087b4414942f62d47bff8e07a144417c939eefe5f8f5bd5d3220edb3d8a	False
inc_8130066a520a5fda	observation	02_datasets/acquired/raw/inc_8130066a520a5fda/logs.parquet	312686	51243d1ea9378b7ec45c87c450d19f104a8c143f87cbafbe5c768df03bbff565	True
inc_8130066a520a5fda	observation	02_datasets/acquired/raw/inc_8130066a520a5fda/metrics.parquet	153586	58640c77551e8eddb189f555457d597fefebd65ac28043d1f633891cd9f0178d	True
inc_8130066a520a5fda	observation	02_datasets/acquired/raw/inc_8130066a520a5fda/traces.parquet	9445147	5669ed603a30e6727cc2279b774844c545fd6410a9dc9ac5f869f9ae67f15036	True
inc_85da4b2224175866	label	02_datasets/acquired/labels/injection/inc_85da4b2224175866/inject_time.txt	10	4abb2fa5f140d5f6c5f1cd5421174ab2ad0fd20ff2a5428ff6a5c37db244dc96	False
inc_85da4b2224175866	observation	02_datasets/acquired/raw/inc_85da4b2224175866/logs.parquet	309974	df3382ada0009756577425d259c4907d1e68893fe836efcccda012c85566e025	True
inc_85da4b2224175866	observation	02_datasets/acquired/raw/inc_85da4b2224175866/metrics.parquet	151711	c37e0e13bcc77cf5dd89d3aceb197264d28454ec273aeb9e5746690a90d44553	True
inc_85da4b2224175866	observation	02_datasets/acquired/raw/inc_85da4b2224175866/traces.parquet	9369325	00472fae707b0dfe2f5d7094077b7435e7529b639fa256c814db02b5023dcd80	True
inc_608c758f0e4c3f7c	label	02_datasets/acquired/labels/injection/inc_608c758f0e4c3f7c/inject_time.txt	10	2eea62172576543bb1d64edaec13f3bcb619241264cd83ea7058720f154eb425	False
inc_608c758f0e4c3f7c	observation	02_datasets/acquired/raw/inc_608c758f0e4c3f7c/logs.parquet	308665	2cbbd8c16432888d27cc70adbd7a96bf71c03eed7c88b22c046d1213543426ab	True
inc_608c758f0e4c3f7c	observation	02_datasets/acquired/raw/inc_608c758f0e4c3f7c/metrics.parquet	149986	3b5921d96ab975ca0ce6eca4eb7b7d576a86c9c794afa33ec946ef99848807b9	True
inc_608c758f0e4c3f7c	observation	02_datasets/acquired/raw/inc_608c758f0e4c3f7c/traces.parquet	9402175	155fc5eed519c9688059b322eb02067b8ffa53e5fbf9c883c5c48727d90476b2	True
inc_27b7f4b5f15eddcc	label	02_datasets/acquired/labels/injection/inc_27b7f4b5f15eddcc/inject_time.txt	10	7fcad484ebe9abce9be73317a87892ba5fa3e759d5a1c7ca818294968464f04c	False
inc_27b7f4b5f15eddcc	observation	02_datasets/acquired/raw/inc_27b7f4b5f15eddcc/logs.parquet	336365	d0cccd6956e6eeb4e7e91287ee6a532280f2e0ebcf4d0999ac86d3ba225e1434	True
inc_27b7f4b5f15eddcc	observation	02_datasets/acquired/raw/inc_27b7f4b5f15eddcc/metrics.parquet	157432	749be516f2111b61533daf060379f66b8a1e8e9a2b262100cab1a772d2d169cd	True
inc_27b7f4b5f15eddcc	observation	02_datasets/acquired/raw/inc_27b7f4b5f15eddcc/traces.parquet	10021204	5ae6042b40e421c75979eb5f887bf40a608a7c92ad87e27c990718f630782874	True
inc_4a55280ad595ec8d	label	02_datasets/acquired/labels/injection/inc_4a55280ad595ec8d/inject_time.txt	10	cc5a467814b0f6759a5d8da7744a2b8cd531712c643d411fddfc166d4ac8b6cd	False
inc_4a55280ad595ec8d	observation	02_datasets/acquired/raw/inc_4a55280ad595ec8d/logs.parquet	347238	8c9844999f390588114e1ea8fd09d6fbf5db5a8341aedb6bfede2bd4579f36e0	True
inc_4a55280ad595ec8d	observation	02_datasets/acquired/raw/inc_4a55280ad595ec8d/metrics.parquet	159195	8d4b475d7a6938b19e95c5b3ca74f147a938eb5b45ce67fc37b93cbfa4244509	True
inc_4a55280ad595ec8d	observation	02_datasets/acquired/raw/inc_4a55280ad595ec8d/traces.parquet	10298558	c6e9ada74541372dfefa2bc0280652dbd1d7c8a58ffc96f2469ef429ed2e322e	True
inc_b9439b0dc3a8b3c3	label	02_datasets/acquired/labels/injection/inc_b9439b0dc3a8b3c3/inject_time.txt	10	08b66b99669f95e114f47a013a2a74db14b52f4015e4183b8f756294f00a076f	False
inc_b9439b0dc3a8b3c3	observation	02_datasets/acquired/raw/inc_b9439b0dc3a8b3c3/logs.parquet	354395	5fc43162f161e24ec1f7f6e4754244c6ba74b375fd34b3453df63d0bbd3a8a5a	True
inc_b9439b0dc3a8b3c3	observation	02_datasets/acquired/raw/inc_b9439b0dc3a8b3c3/metrics.parquet	175958	a5213638c132451d072e8a90cdd53846bb80ebbff9b40c5a6a17bbe8fcc59cd8	True
inc_b9439b0dc3a8b3c3	observation	02_datasets/acquired/raw/inc_b9439b0dc3a8b3c3/traces.parquet	10250793	084697753a7e67f82b211cf3dbaca46bfc536e05caec95f9575923ec47b12deb	True
inc_992fcfd045820f03	label	02_datasets/acquired/labels/injection/inc_992fcfd045820f03/inject_time.txt	10	a4dcf67714a77a0378fdea43716db5b659d2283d1f64bd5e24f3a0204b731e76	False
inc_992fcfd045820f03	observation	02_datasets/acquired/raw/inc_992fcfd045820f03/logs.parquet	207743	eb3419ac6dc8f6b21af6f75f68ea9ec4fe1f70b4a8b0e9b021d792a7b368bdc9	True
inc_992fcfd045820f03	observation	02_datasets/acquired/raw/inc_992fcfd045820f03/metrics.parquet	150383	53a3f66825f8e01efd8ca78931c5cc9e3d2e7c900845c885aa25d8b33c37bce4	True
inc_992fcfd045820f03	observation	02_datasets/acquired/raw/inc_992fcfd045820f03/traces.parquet	6972318	4f71566bc777b122a4abdab69d12abdbdd57d6493eb3a2957692ed00a3b57b4a	True
inc_485a27d825269561	label	02_datasets/acquired/labels/injection/inc_485a27d825269561/inject_time.txt	10	ba736210fb5432101885b0b37bea27f591654c6205ffd7b7e3463a1145b11ba4	False
inc_485a27d825269561	observation	02_datasets/acquired/raw/inc_485a27d825269561/logs.parquet	203244	9bdc5274a71bb0c39eb26bcfb899d48a1235f4bfa038b6d3f37f7cbf5278a32b	True
inc_485a27d825269561	observation	02_datasets/acquired/raw/inc_485a27d825269561/metrics.parquet	161178	77e53bb71fe31b220a4a67cad933bc8103da6a0d2461bc8ba7ab670817e96581	True
inc_485a27d825269561	observation	02_datasets/acquired/raw/inc_485a27d825269561/traces.parquet	6912555	44375776fdf06f919dad345a4e39d6d4761c460c36dcfd72a17c6095609cf0bc	True
inc_8540cb108d4f274a	label	02_datasets/acquired/labels/injection/inc_8540cb108d4f274a/inject_time.txt	10	0e684c18d36b88cb764c93cc9a334de057a166fefcd79787a25d295129c36995	False
inc_8540cb108d4f274a	observation	02_datasets/acquired/raw/inc_8540cb108d4f274a/logs.parquet	281948	a217de401139ca8bcb2a58debd64d782ddae1accf1b0befa81bff87c087082a5	True
inc_8540cb108d4f274a	observation	02_datasets/acquired/raw/inc_8540cb108d4f274a/metrics.parquet	163794	7591c5247d44be365b178c0e2a6a450ccd2fa54e59298490fa72861321f53214	True
inc_8540cb108d4f274a	observation	02_datasets/acquired/raw/inc_8540cb108d4f274a/traces.parquet	8745905	e1de849f40d546d0e1feff502650e35cc5f631ac4a9cff5a0d2928670471a255	True
inc_c7fb3974f7c1745e	label	02_datasets/acquired/labels/injection/inc_c7fb3974f7c1745e/inject_time.txt	10	ff597adbcb262a8133a4af8d573db8718ea81dc1c5b76b355755f7851be5e909	False
inc_c7fb3974f7c1745e	observation	02_datasets/acquired/raw/inc_c7fb3974f7c1745e/logs.parquet	258741	406d5a3988dcfb66b2848e7d6b4d34959fffae04beda74c70c6dc86876010544	True
inc_c7fb3974f7c1745e	observation	02_datasets/acquired/raw/inc_c7fb3974f7c1745e/metrics.parquet	162407	ac6b3d751f45963eca95d66f771123cd10b862eabd4783d4138e467c72c1f267	True
inc_c7fb3974f7c1745e	observation	02_datasets/acquired/raw/inc_c7fb3974f7c1745e/traces.parquet	8512907	0295a4c78cdb39db6559530d5660cb4ebe1cba340bc03be004b25ffe7be436c5	True
inc_50a3a0186cfb926a	label	02_datasets/acquired/labels/injection/inc_50a3a0186cfb926a/inject_time.txt	10	2745afe55b2cfe52e0a948eb055db460d59f7ce24952f3b250fae3fcb4ba8bc5	False
inc_50a3a0186cfb926a	observation	02_datasets/acquired/raw/inc_50a3a0186cfb926a/logs.parquet	311470	5bfd05dffa34c24fe4f16ede861d385dfb7e1f53e68a6d8c953d15889f871e30	True
inc_50a3a0186cfb926a	observation	02_datasets/acquired/raw/inc_50a3a0186cfb926a/metrics.parquet	161139	9996d312665780341f977b4e3cef2a13aff8473375a79aabeb693abc59bbca3d	True
inc_50a3a0186cfb926a	observation	02_datasets/acquired/raw/inc_50a3a0186cfb926a/traces.parquet	8434233	c3255d786af4fd8ae5f9fd0727b45e0a5762caa7c262a42ca8b12474b6eacb6c	True
inc_1c35829e1a5668b7	label	02_datasets/acquired/labels/injection/inc_1c35829e1a5668b7/inject_time.txt	10	bdcf06ace5882acbf895da1eda2b64990f2a60360489963f8ded4528575d1e6a	False
inc_1c35829e1a5668b7	observation	02_datasets/acquired/raw/inc_1c35829e1a5668b7/logs.parquet	293495	347939bb5aedfb1bb659b6cfc354a2865f7a5a0c310ab9a0b038c572af50cc54	True
inc_1c35829e1a5668b7	observation	02_datasets/acquired/raw/inc_1c35829e1a5668b7/metrics.parquet	159459	5a7a21f08af00b9fbade3b6dc1a18045d804a8d438a6b1ce7975e90edad00674	True
inc_1c35829e1a5668b7	observation	02_datasets/acquired/raw/inc_1c35829e1a5668b7/traces.parquet	7295482	16ffca268bca49e53649475516afddbf816bdb65afcf7eb92fa0b6a9576f6a85	True
inc_4b5a7b23f4b63679	label	02_datasets/acquired/labels/injection/inc_4b5a7b23f4b63679/inject_time.txt	10	397053a4744aad571ff72fbaccb305e3e1093691201a4a5faf67450185af350e	False
inc_4b5a7b23f4b63679	observation	02_datasets/acquired/raw/inc_4b5a7b23f4b63679/logs.parquet	335728	629ebdfa9f4948e0522e9abdd3a9a3cb8e2e036dc305cb91dced2d9b48a2c290	True
inc_4b5a7b23f4b63679	observation	02_datasets/acquired/raw/inc_4b5a7b23f4b63679/metrics.parquet	159200	99ac0290637e18669331a8f1a67ed7b870d9ca8950eefccb0fd4a7166b781569	True
inc_4b5a7b23f4b63679	observation	02_datasets/acquired/raw/inc_4b5a7b23f4b63679/traces.parquet	9911402	6dc173f02e639ab3e0855b2adbdfa8557334a36afa0ba359cf1d230956a97bdc	True
inc_fa20fe298b9410ea	label	02_datasets/acquired/labels/injection/inc_fa20fe298b9410ea/inject_time.txt	10	36cb3ef8f17433ff63e1f325e1ac436b1864174a5ff9af2dce8afa5abc1e048d	False
inc_fa20fe298b9410ea	observation	02_datasets/acquired/raw/inc_fa20fe298b9410ea/logs.parquet	335412	1a9dd3f12a0f81419a1242b943dcf2f55fc7f7d7b3cb5d30215545329230dede	True
inc_fa20fe298b9410ea	observation	02_datasets/acquired/raw/inc_fa20fe298b9410ea/metrics.parquet	154363	2ac0a1cfd4eb2a1ef40ffe5627a82d49c542b803590db2c43b93ff7f41b77e66	True
inc_fa20fe298b9410ea	observation	02_datasets/acquired/raw/inc_fa20fe298b9410ea/traces.parquet	10136568	4b40babacce933b96ba52f20fd931dc60718140a1960b16fe8ac9b7f92346946	True
inc_41b29f4527655ffa	label	02_datasets/acquired/labels/injection/inc_41b29f4527655ffa/inject_time.txt	10	ec4ace7e7fadb585f5cfcc967da1e4ab95a38490c813d6df8b922541afdf8856	False
inc_41b29f4527655ffa	observation	02_datasets/acquired/raw/inc_41b29f4527655ffa/logs.parquet	339205	3c5fceaeb0d9ee4f63a8cd35743cd6f2b0660a55954dcb40c6a4a4f8377316d1	True
inc_41b29f4527655ffa	observation	02_datasets/acquired/raw/inc_41b29f4527655ffa/metrics.parquet	150055	8802204a9814cd14c1840ba111f3b2b663ff7aaf2e7910d4ada96702fbaa07df	True
inc_41b29f4527655ffa	observation	02_datasets/acquired/raw/inc_41b29f4527655ffa/traces.parquet	10215574	cf88d62efa0d73b54b27f02877bbf04568c511c0047487b84017ff9bbda10155	True
inc_a03afc5462052d9f	label	02_datasets/acquired/labels/injection/inc_a03afc5462052d9f/inject_time.txt	10	2596c6e6d51db97eb81580ba22772da5d87e3428545400c9374d10ad26094dc6	False
inc_a03afc5462052d9f	observation	02_datasets/acquired/raw/inc_a03afc5462052d9f/logs.parquet	343682	b2622c7e637a9d4b11d618cf17fde180a76cd177f1234d495de6e325f415e021	True
inc_a03afc5462052d9f	observation	02_datasets/acquired/raw/inc_a03afc5462052d9f/metrics.parquet	154244	6695d4e58c7383a5a32f7a936f3700aa332501d4431c49003d111d3ef282b12f	True
inc_a03afc5462052d9f	observation	02_datasets/acquired/raw/inc_a03afc5462052d9f/traces.parquet	10171322	59a3f6b063779d3088d8eea40bbfcf24c79cbde1fe6a6bb3af326ad0bff793b0	True
inc_83a340a96d2c2698	label	02_datasets/acquired/labels/injection/inc_83a340a96d2c2698/inject_time.txt	10	5a78500bb0108d2db64d932ff4688aae3a031ee571dc879cb41430559c825dbd	False
inc_83a340a96d2c2698	observation	02_datasets/acquired/raw/inc_83a340a96d2c2698/logs.parquet	338464	827936210a69c93287a8f6a93dd56d858e0d210976b1e44eaf05042f4124a96d	True
inc_83a340a96d2c2698	observation	02_datasets/acquired/raw/inc_83a340a96d2c2698/metrics.parquet	152961	7164e16e330f7afe979836e01ed7abf7d9c9c256caede854ac11500893b31df9	True
inc_83a340a96d2c2698	observation	02_datasets/acquired/raw/inc_83a340a96d2c2698/traces.parquet	10227542	7a463118ae51402404605e64b12ebb838c8b3069b281f0f6f950a708b0481840	True
inc_447fc19738a290b6	label	02_datasets/acquired/labels/injection/inc_447fc19738a290b6/inject_time.txt	10	eccb168df7472b75c89a6b4295e127e62f78fbad5b3a09527ba7e4c51c9bc7a7	False
inc_447fc19738a290b6	observation	02_datasets/acquired/raw/inc_447fc19738a290b6/logs.parquet	341143	b8fcbd9dc4383ec0c6c5cff720fea7af8a5648f1b0d2b5c6184fd36d9f9af8ba	True
inc_447fc19738a290b6	observation	02_datasets/acquired/raw/inc_447fc19738a290b6/metrics.parquet	151674	1ca9985d028a24ca1dddd77d0aff71b04a59ae64b3d21332c1e5d399151984be	True
inc_447fc19738a290b6	observation	02_datasets/acquired/raw/inc_447fc19738a290b6/traces.parquet	10314393	30bd86600aa79311e7f8af1146e600789c5a017c190413e126a19305b2937ff8	True
inc_00f82e5883a2163d	label	02_datasets/acquired/labels/injection/inc_00f82e5883a2163d/inject_time.txt	10	224008c0f64abc12792eb74d78f7edfadff3c9f1229dd5b10184506bc7f020a4	False
inc_00f82e5883a2163d	observation	02_datasets/acquired/raw/inc_00f82e5883a2163d/logs.parquet	334477	527236c21087fa5e03e1565d65c57d40de892508bf59bef4bfe3ffaf7fc082cf	True
inc_00f82e5883a2163d	observation	02_datasets/acquired/raw/inc_00f82e5883a2163d/metrics.parquet	154910	ac702e590019b9015449286eb3123489c02ffd458009551f5cbeb51b2b6ec54f	True
inc_00f82e5883a2163d	observation	02_datasets/acquired/raw/inc_00f82e5883a2163d/traces.parquet	10026518	146cbe4ce4a6f73c0375ebd8a413cd44b9623198a797adf1d7f9d223e5ffd533	True
inc_c9f0d2d384af68cf	label	02_datasets/acquired/labels/injection/inc_c9f0d2d384af68cf/inject_time.txt	10	21f2ea97b996ebaf0edf1b3c11e85e38b89c69abfd0b0c4618f38e74d4056186	False
inc_c9f0d2d384af68cf	observation	02_datasets/acquired/raw/inc_c9f0d2d384af68cf/logs.parquet	331290	8efa7f9f2b95a314b172ca75a5aeda98051f85ccfd0a832cf59217f2423e18ad	True
inc_c9f0d2d384af68cf	observation	02_datasets/acquired/raw/inc_c9f0d2d384af68cf/metrics.parquet	152389	f4203867be1a50f8647fe2fd7e362d0b4068066b12c62524063c62d6abc6058d	True
inc_c9f0d2d384af68cf	observation	02_datasets/acquired/raw/inc_c9f0d2d384af68cf/traces.parquet	10028054	ec4cb51696692e95e9684b0f10ca260e1bc8731444d2f02b5bc653d8ed99e454	True
inc_32ac1eca40134b1f	label	02_datasets/acquired/labels/injection/inc_32ac1eca40134b1f/inject_time.txt	10	b39e25ae53d5db2c108c58d418a1db2ba2715d0f3b2bc8dbb9380eb81aa83b62	False
inc_32ac1eca40134b1f	observation	02_datasets/acquired/raw/inc_32ac1eca40134b1f/logs.parquet	338389	c7dee90f6ed1c7c81b1f19f73158b4574e1cf2cb2d6d96b63420cb41384fc619	True
inc_32ac1eca40134b1f	observation	02_datasets/acquired/raw/inc_32ac1eca40134b1f/metrics.parquet	151171	bdf571081a68868ffd9e2bad4be6ac96d0a49a931cda4ed2cf8ee246a9b246ea	True
inc_32ac1eca40134b1f	observation	02_datasets/acquired/raw/inc_32ac1eca40134b1f/traces.parquet	10076281	5ec96e920b3a501c48c713e82129fd8fad50489c422e84161b2793bc876dba02	True
inc_f9db5049cf8d0a46	label	02_datasets/acquired/labels/injection/inc_f9db5049cf8d0a46/inject_time.txt	10	7a37199f1341fdbc722fef2e4e7d3969b777578b23fe5be72cbdb74831a55b7c	False
inc_f9db5049cf8d0a46	observation	02_datasets/acquired/raw/inc_f9db5049cf8d0a46/logs.parquet	333193	76b12645aadb2e005cc73f82258a0943298380fa61ce4e3c72c60d50fd53868b	True
inc_f9db5049cf8d0a46	observation	02_datasets/acquired/raw/inc_f9db5049cf8d0a46/metrics.parquet	155684	667c022923e804d160d01e04b70c18ae78f11ffd36f6b2b7886da80231784d79	True
inc_f9db5049cf8d0a46	observation	02_datasets/acquired/raw/inc_f9db5049cf8d0a46/traces.parquet	10128918	67772f4dab6993826d873c5b2cab5201c3653f9da23e8c02ab98f8dd17d57ff5	True
inc_a5147fba2d0d1f50	label	02_datasets/acquired/labels/injection/inc_a5147fba2d0d1f50/inject_time.txt	10	0e5bb508de30ac752cb1c2b726dbdc99698989ada19c3db7f92a78fde2c0615a	False
inc_a5147fba2d0d1f50	observation	02_datasets/acquired/raw/inc_a5147fba2d0d1f50/logs.parquet	342156	0e26135d28d9b069e638b4aa0135796a0dd263da5eeaa6de92202d0f67562e69	True
inc_a5147fba2d0d1f50	observation	02_datasets/acquired/raw/inc_a5147fba2d0d1f50/metrics.parquet	152725	73bd5326950593f6b02153ef7b286018a91d2853747a5f78f7d6a912b7edb196	True
inc_a5147fba2d0d1f50	observation	02_datasets/acquired/raw/inc_a5147fba2d0d1f50/traces.parquet	10189065	b99334ba20d45f3242c16485ab759b16cf98de63b4716b86d0560a12a642befe	True
inc_fdf63d2b6452d14b	label	02_datasets/acquired/labels/injection/inc_fdf63d2b6452d14b/inject_time.txt	10	8d70cc624e381f2d1ffe35a29c68928038cd6e1bb0c17e694c833355598f3ffb	False
inc_fdf63d2b6452d14b	observation	02_datasets/acquired/raw/inc_fdf63d2b6452d14b/logs.parquet	347926	f89cb068d86f805806a1c1a7b7ea5d6fb6a0b7e1b77a2955da7df8fca0afc2ae	True
inc_fdf63d2b6452d14b	observation	02_datasets/acquired/raw/inc_fdf63d2b6452d14b/metrics.parquet	154373	2bb250b67c392a4335deea8168464124141e9070fe259ef48de0e4385fc78cc3	True
inc_fdf63d2b6452d14b	observation	02_datasets/acquired/raw/inc_fdf63d2b6452d14b/traces.parquet	10335467	f99bb92e636ac3848f005131363fea70b60d6676f610624a846adca36086b077	True
inc_9f1ea2bb590b03b0	label	02_datasets/acquired/labels/injection/inc_9f1ea2bb590b03b0/inject_time.txt	10	636b08395c76ca662e9ecdcbc399efbcbf4bfea7f452ce4cc0aca14d67b4b7a8	False
inc_9f1ea2bb590b03b0	observation	02_datasets/acquired/raw/inc_9f1ea2bb590b03b0/logs.parquet	248628	6ddaa56603a6a2a5c5afc7ba43c5d99ad1197a3abf28d3fe5fcafc4b56534220	True
inc_9f1ea2bb590b03b0	observation	02_datasets/acquired/raw/inc_9f1ea2bb590b03b0/metrics.parquet	172668	92c9622bb656a4ab9879d9ae3bcad6ef0c4764ce3eb8ae2ada9da740236fa0f0	True
inc_9f1ea2bb590b03b0	observation	02_datasets/acquired/raw/inc_9f1ea2bb590b03b0/traces.parquet	8063232	28363eb92bc7407f763bcd7d25c61f6d0208497358a9ee93da7bd88393a23188	True
inc_430574ac0b58cf27	label	02_datasets/acquired/labels/injection/inc_430574ac0b58cf27/inject_time.txt	10	8798d9bb40c198063203f9e909b6f78af3ad864acfadf4e44cab1e2ce8083ba6	False
inc_430574ac0b58cf27	observation	02_datasets/acquired/raw/inc_430574ac0b58cf27/logs.parquet	311747	10d657aa9290908189886fe4bb6ae552665a79956e5054d6ce79e5463ca21280	True
inc_430574ac0b58cf27	observation	02_datasets/acquired/raw/inc_430574ac0b58cf27/metrics.parquet	165385	ec8e5938b8c077d8085c094a8138a2fdf174138b5de2e5f5b5618b0d69b1ab2a	True
inc_430574ac0b58cf27	observation	02_datasets/acquired/raw/inc_430574ac0b58cf27/traces.parquet	9464484	58d458017be446c66c42d38ada9607c86a2976b0ad5df922298d9577c3629265	True
inc_0f782051d78bc07a	label	02_datasets/acquired/labels/injection/inc_0f782051d78bc07a/inject_time.txt	10	b27b53e8222205f4c6c50f19fa18ec8aaffffa4c5f12224cae0b9a13c0b3e753	False
inc_0f782051d78bc07a	observation	02_datasets/acquired/raw/inc_0f782051d78bc07a/logs.parquet	304201	689004e97e90f613753928c3c1140867c54ffbd354c4502bc4a5b15603b3a210	True
inc_0f782051d78bc07a	observation	02_datasets/acquired/raw/inc_0f782051d78bc07a/metrics.parquet	164793	0d67d50f608a6b74bb323171b67b5c439e614ad26102c5c075d65c6e43c0eda8	True
inc_0f782051d78bc07a	observation	02_datasets/acquired/raw/inc_0f782051d78bc07a/traces.parquet	9285122	528c3e9a1e7f092bf5efc6af83f96a9e32e8b4872febd93cb5e3605b06eeaf55	True
inc_25067c4b053b5763	label	02_datasets/acquired/labels/injection/inc_25067c4b053b5763/inject_time.txt	10	b6d6a179b9a7b8908c3644cb60cf4466ed6b94bb6c2836bc4901b30812173195	False
inc_25067c4b053b5763	observation	02_datasets/acquired/raw/inc_25067c4b053b5763/logs.parquet	340638	fabf3dd6e96baf008a46ca742a612db2fa52a126748c1e1f452cd1af54a8c305	True
inc_25067c4b053b5763	observation	02_datasets/acquired/raw/inc_25067c4b053b5763/metrics.parquet	160320	2d95b75fe4e5c726c74ba53199bcb8377fb0228fa2ed8067838c2a38b4463781	True
inc_25067c4b053b5763	observation	02_datasets/acquired/raw/inc_25067c4b053b5763/traces.parquet	10184551	3c948e36b46d0a69f569ea091ad8d5485a2669e7c7a67f52077ea7a93e0cd709	True
inc_a2887d6c9ebacc44	label	02_datasets/acquired/labels/injection/inc_a2887d6c9ebacc44/inject_time.txt	10	8aee6eb87e4d18da3c541623d2f092b33480c2b235efda360f441d8f415b6b30	False
inc_a2887d6c9ebacc44	observation	02_datasets/acquired/raw/inc_a2887d6c9ebacc44/logs.parquet	325857	de67f9c4f30782e6394767c9929b837216eccc48d21748b79d03711d93a23209	True
inc_a2887d6c9ebacc44	observation	02_datasets/acquired/raw/inc_a2887d6c9ebacc44/metrics.parquet	153289	8cab3320fe89c122b22978739da0a2dfa805f6f473a697713234f32b152f7c97	True
inc_a2887d6c9ebacc44	observation	02_datasets/acquired/raw/inc_a2887d6c9ebacc44/traces.parquet	10015625	456d57a83409212be167beb1363457a5ac08b4d58bdc264dda9f1e3e15e21e89	True
inc_f8708eba53ac81da	label	02_datasets/acquired/labels/injection/inc_f8708eba53ac81da/inject_time.txt	10	fa5b8cd7433275e0f98a593aefcd91c133da96f7a6cd2d40284124bfca82e5a1	False
inc_f8708eba53ac81da	observation	02_datasets/acquired/raw/inc_f8708eba53ac81da/logs.parquet	326067	4e1932592544c69600002fdda9e8fa37fdc4bb3b81370777f2f4cdee85bf720e	True
inc_f8708eba53ac81da	observation	02_datasets/acquired/raw/inc_f8708eba53ac81da/metrics.parquet	153427	cad61a8a5f39014c82dccd107bd0b131fc7fed24fd03a53870500dcd494f980b	True
inc_f8708eba53ac81da	observation	02_datasets/acquired/raw/inc_f8708eba53ac81da/traces.parquet	10001815	0806c1efd6181e10f1c203c41c25e917f4cdd2bb8b8a0b37c0becff051f87e10	True
inc_bb6f30a02ec2c05c	label	02_datasets/acquired/labels/injection/inc_bb6f30a02ec2c05c/inject_time.txt	10	9898468c4a5d558a67ba9fd49257722ca6fa11708568edb9e418c7279531bc02	False
inc_bb6f30a02ec2c05c	observation	02_datasets/acquired/raw/inc_bb6f30a02ec2c05c/logs.parquet	235730	b41e5750af2745be976076383d430d6b1b6f536e49a498feef661b9625f06dad	True
inc_bb6f30a02ec2c05c	observation	02_datasets/acquired/raw/inc_bb6f30a02ec2c05c/metrics.parquet	156331	c37ac65df0835cffa10785162c8c73dcc601fafcaec3b7da63fbbead8358d0ab	True
inc_bb6f30a02ec2c05c	observation	02_datasets/acquired/raw/inc_bb6f30a02ec2c05c/traces.parquet	7924880	1be24676f4033617521983c50ee5791351de13cd15b53c363c81f9e847b64649	True
inc_90e5302a86a23a8e	label	02_datasets/acquired/labels/injection/inc_90e5302a86a23a8e/inject_time.txt	10	e9f05c88ae5ce0764180449ba3accf48773611f8e861944cc4c536eb2a02b7ff	False
inc_90e5302a86a23a8e	observation	02_datasets/acquired/raw/inc_90e5302a86a23a8e/logs.parquet	336459	18162babaf0701984deea256b35213172dcad48e22f70c940d77731220ba42a3	True
inc_90e5302a86a23a8e	observation	02_datasets/acquired/raw/inc_90e5302a86a23a8e/metrics.parquet	151437	9c5de9512542195415fc108987f3ab38932d61d36ba791df4ae13bc2c5463c7d	True
inc_90e5302a86a23a8e	observation	02_datasets/acquired/raw/inc_90e5302a86a23a8e/traces.parquet	10215399	9dad19a637459844ea0a96ebd458460fd41b6d1d36444ee9cf72627278a38d16	True
inc_b6893051f6d2b73e	label	02_datasets/acquired/labels/injection/inc_b6893051f6d2b73e/inject_time.txt	10	05b5b0fcf7eb0b83e316b776a4f60feb7013af050243929d3741cccc56da9191	False
inc_b6893051f6d2b73e	observation	02_datasets/acquired/raw/inc_b6893051f6d2b73e/logs.parquet	337775	038dee5502df2b491a3af6296c51375f71d8c10ce7daddef4add1161c18b0242	True
inc_b6893051f6d2b73e	observation	02_datasets/acquired/raw/inc_b6893051f6d2b73e/metrics.parquet	150905	e8c463622aecc31adc519e998361f3623a5ac2df8a7308e1e88dee21e674e01f	True
inc_b6893051f6d2b73e	observation	02_datasets/acquired/raw/inc_b6893051f6d2b73e/traces.parquet	10189196	822042e33dd5d31620d81d65f60eb9d474430e85257effdd9a7eabfedbf1ef8c	True
