dataset_id	parent_id	family	name	resource_type	official_url	data_entry_url	paper_url	modalities	labels	dataset_license	code_license	license_status	license_evidence_urls	access_status	access_evidence_url	checked_date	verification_scope	file_assets_downloaded	priority	proposed_cs221_use	notes	lineage_notes	next_collection_action	maintainer_namespace	license_gate	independent_dataset_claim
D001		RCAEval	RCAEval	dataset_collection	https://github.com/phamquiluan/RCAEval	https://huggingface.co/datasets/phamquiluan/RCAEval	https://arxiv.org/abs/2412.17015	metrics; logs/traces vary by suite/system	root_cause_service; root_cause_indicator; fault_type; injection_time	MIT	MIT for authors’ code; other baselines have separate licenses	explicit_data_and_code	"[""https://github.com/phamquiluan/RCAEval#licensing"", ""https://zenodo.org/records/14590730""]"	public_landing_and_file_or_download_listing; assets_not_tested	https://github.com/phamquiluan/RCAEval	2026-09-12	primary_landing_and_license_statement_only; no_data_asset_download	False	P0	Benchmark RCA chính; ưu tiên RE2-OB rồi RE2-TT.	735 ca thuộc 9 tập con; RE1 chỉ metric. RE2/RE3 Sock Shop không có trace theo bảng tác giả. HF/Zenodo/Parquet và TORAI có quan hệ phiên bản, không cộng ca độc lập.		Đối chiếu giấy phép đúng phiên bản; ghi revision/ngày truy cập; chỉ sau đó tải mẫu nhỏ để kiểm tra schema và nhãn.	phamquiluan	REVIEW_STATED_TERMS_BEFORE_COLLECTION	False
D002		OpenRCA	OpenRCA	dataset_collection	https://github.com/microsoft/OpenRCA	https://drive.google.com/drive/folders/1wGiEnu4OkWrjPxfx5ZTROnU37-5UDoPM?usp=drive_link	https://openreview.net/forum?id=M4qNIzQYpd	natural_language_queries; logs; metrics; traces	query-specific root component/reason/time	not_established_in_checked_sources	MIT repository	repo_only_external_data_unclear	"[""https://github.com/microsoft/OpenRCA""]"	public_repository; external_download_not_tested	https://github.com/microsoft/OpenRCA	2026-09-12	primary_landing_and_license_statement_only; no_data_asset_download	False	P1	Chẩn đoán từ câu hỏi tự nhiên và telemetry.	Telecom, Bank, Market; query.csv/record.csv. Giấy phép MIT của repo chưa đủ xác nhận phạm vi bộ telemetry trên Drive.		Đối chiếu giấy phép đúng phiên bản; ghi revision/ngày truy cập; chỉ sau đó tải mẫu nhỏ để kiểm tra schema và nhãn.	microsoft	HOLD_FOR_CLARIFICATION	False
D003		OpenRCA	OpenRCA 2.0	benchmark_release_unconfirmed	https://arxiv.org/abs/2606.27154	https://arxiv.org/abs/2606.27154	https://arxiv.org/abs/2606.27154	multi-source telemetry; causal-process annotations (paper description)	causal process; root cause (paper-described)	not_established_in_checked_sources	not_established_in_checked_sources	release_and_license_unconfirmed	"[""https://arxiv.org/abs/2606.27154""]"	paper_readable; data_release_not_confirmed	https://arxiv.org/abs/2606.27154	2026-09-12	primary_landing_and_license_statement_only; no_data_asset_download	False	P2	Thiết kế rubric đường lan truyền nguyên nhân; không làm phụ thuộc MVP.	Bài mô tả 500 instance trên Train Ticket, OTel Demo và DeathStarBench Hotel. Chưa xác nhận tệp phát hành hay quyền tải bộ dữ liệu.	Cùng dòng OpenRCA; benchmark mới mô tả trong bài, overlap chưa xác minh.	Đối chiếu giấy phép đúng phiên bản; ghi revision/ngày truy cập; chỉ sau đó tải mẫu nhỏ để kiểm tra schema và nhãn.	arxiv.org	HOLD_FOR_CLARIFICATION	False
D004		LEMMA-RCA	LEMMA-RCA	dataset_collection	https://lemma-rca.github.io/	https://huggingface.co/datasets/Lemma-RCA-NEC/Product_Review_Original	https://arxiv.org/abs/2406.05375	multi-modal observations; metrics/logs depending on domain	fault/root cause annotations; inspect per domain	CONFLICT: CC-BY-ND-4.0 versus CC-BY-NC-4.0	not_established_in_checked_sources	conflict	"[""https://lemma-rca.github.io/"", ""https://github.com/KnowledgeDiscovery/rca_baselines"", ""https://huggingface.co/datasets/Lemma-RCA-NEC/Product_Review_Original""]"	public_dataset_cards; license_conflict_blocks_release_decision	https://lemma-rca.github.io/	2026-09-12	primary_landing_and_license_statement_only; no_data_asset_download	False	P1	Ưu tiên hai miền IT nếu được tác giả làm rõ license.	Website ghi ND; repo và HF có nơi ghi NC, có nơi ghi ND ngay trong cùng card. Không tự chọn giấy phép thuận lợi hơn.		Đối chiếu giấy phép đúng phiên bản; ghi revision/ngày truy cập; chỉ sau đó tải mẫu nhỏ để kiểm tra schema và nhãn.	lemma-rca.github.io	HOLD_FOR_CLARIFICATION	False
D005		Loghub	Loghub	dataset_collection	https://github.com/logpai/loghub	https://zenodo.org/records/8196385	https://arxiv.org/abs/2008.06448	system_logs	anomaly labels on selected subsets; not RCA/qrels	Custom research/academic-use terms	not a code-license grant for all logs	custom_research_terms	"[""https://github.com/logpai/loghub""]"	public_landing_and_file_or_download_listing; assets_not_tested	https://github.com/logpai/loghub	2026-09-12	primary_landing_and_license_statement_only; no_data_asset_download	False	P1	Log parsing, biểu diễn log và truy hồi sự cố tương tự.	19 phiên bản/tập con trong bộ sưu tập; không phải 19 họ dữ liệu độc lập. Có dữ liệu chưa được khử định danh. Không suy nhãn bất thường thành nguyên nhân gốc.		Đối chiếu giấy phép đúng phiên bản; ghi revision/ngày truy cập; chỉ sau đó tải mẫu nhỏ để kiểm tra schema và nhãn.	logpai	REVIEW_STATED_TERMS_BEFORE_COLLECTION	False
D006		Loghub	Loghub-2.0	dataset_collection	https://github.com/logpai/loghub-2.0	https://github.com/logpai/loghub-2.0	https://arxiv.org/abs/2308.10828	logs; template_annotations	log_parsing_ground_truth	Custom research/academic-use terms; attribution/notice requirements	not_established_in_checked_sources	custom_research_terms	"[""https://github.com/logpai/loghub-2.0/blob/main/LICENSE""]"	public_landing_and_file_or_download_listing; assets_not_tested	https://github.com/logpai/loghub-2.0	2026-09-12	primary_landing_and_license_statement_only; no_data_asset_download	False	P1	Đánh giá parsing/chuẩn hóa trước retrieval.	Dựa trên Loghub, không là một nguồn telemetry hoàn toàn độc lập. Annotation parsing không phải gold RCA.	Dẫn xuất/annotation từ Loghub D005; không dùng như cross-source độc lập nếu ca trùng.	Đối chiếu giấy phép đúng phiên bản; ghi revision/ngày truy cập; chỉ sau đó tải mẫu nhỏ để kiểm tra schema và nhãn.	logpai	REVIEW_STATED_TERMS_BEFORE_COLLECTION	False
D007		GAIA — Generic AIOps Atlas	GAIA — Generic AIOps Atlas	dataset_collection	https://github.com/CloudWise-OpenSource/GAIA-DataSet	https://github.com/CloudWise-OpenSource/GAIA-DataSet		logs; metrics; traces; semantic log resources	task-specific anomaly/localization/semantic annotations	CONFLICT: README Apache-2.0 versus LICENSE GPL-2.0	CONFLICT at repository level	conflict	"[""https://github.com/CloudWise-OpenSource/GAIA-DataSet"", ""https://github.com/CloudWise-OpenSource/GAIA-DataSet/blob/main/LICENSE""]"	public_repository; license_conflict_blocks_release_decision	https://github.com/CloudWise-OpenSource/GAIA-DataSet	2026-09-12	primary_landing_and_license_statement_only; no_data_asset_download	False	P1	Nguồn AIOps đa tác vụ, cần rà schema và quyền trước khi chọn.	Không nhầm GAIA này với benchmark General AI Assistants. README và LICENSE khác nhau; chưa xác định ranh giới quyền dữ liệu/mã.		Đối chiếu giấy phép đúng phiên bản; ghi revision/ngày truy cập; chỉ sau đó tải mẫu nhỏ để kiểm tra schema và nhãn.	CloudWise-OpenSource	HOLD_FOR_CLARIFICATION	False
D008		Multi-source Distributed System Observability	Multi-source Distributed System Observability	dataset	https://zenodo.org/records/3549604	https://zenodo.org/records/3549604		logs; metrics; traces	inspect release; do not assume query/evidence labels	not_established_in_checked_sources	not_established_in_checked_sources	not_established	"[""https://zenodo.org/records/3549604""]"	public_landing_and_file_or_download_listing; assets_not_tested	https://zenodo.org/records/3549604	2026-09-12	primary_landing_and_license_statement_only; no_data_asset_download	False	P2	Đối chứng telemetry nhiều nguồn.	Trang lưu trữ đọc được; trường license trong bản trang truy xuất không cung cấp giá trị đủ rõ. Không tự suy CC-BY.		Đối chiếu giấy phép đúng phiên bản; ghi revision/ngày truy cập; chỉ sau đó tải mẫu nhỏ để kiểm tra schema và nhãn.	zenodo.org	HOLD_FOR_CLARIFICATION	False
D009		Nezha research artifacts	Nezha research artifacts	dataset_artifact	https://github.com/IntelligentDDS/Nezha	https://github.com/IntelligentDDS/Nezha		logs; metrics; traces	root-cause label files in artifact	not_established_in_checked_sources	MIT repository	repo_only_external_data_unclear	"[""https://github.com/IntelligentDDS/Nezha""]"	public_landing_and_file_or_download_listing; assets_not_tested	https://github.com/IntelligentDDS/Nezha	2026-09-12	primary_landing_and_license_statement_only; no_data_asset_download	False	P1	So sánh biểu diễn đa nguồn với baseline NLP.	Repo có construct_data/rca_data và nhãn hệ thống; cần xác định dữ liệu nào được MIT bao phủ trước khi tái phân phối.		Đối chiếu giấy phép đúng phiên bản; ghi revision/ngày truy cập; chỉ sau đó tải mẫu nhỏ để kiểm tra schema và nhãn.	IntelligentDDS	HOLD_FOR_CLARIFICATION	False
D010		Eadro research artifacts	Eadro research artifacts	dataset_artifact	https://github.com/BEbillionaireUSD/Eadro	https://zenodo.org/records/7615393	https://arxiv.org/abs/2302.05092	multi-source telemetry	troubleshooting labels; inspect release	not_established_in_checked_sources	not_established_in_checked_sources	not_established	"[""https://github.com/BEbillionaireUSD/Eadro""]"	public_repository; external_download_not_tested	https://github.com/BEbillionaireUSD/Eadro	2026-09-12	primary_landing_and_license_statement_only; no_data_asset_download	False	P1	Nguồn bổ sung cho chẩn đoán microservices.	README dẫn Zenodo; truy xuất trang Zenodo riêng chưa thành công, không kết luận link chết.		Đối chiếu giấy phép đúng phiên bản; ghi revision/ngày truy cập; chỉ sau đó tải mẫu nhỏ để kiểm tra schema và nhãn.	BEbillionaireUSD	HOLD_FOR_CLARIFICATION	False
D011		DejaVu datasets A/B/C/D	DejaVu datasets A/B/C/D	dataset_collection	https://github.com/NetManAIOps/DejaVu	https://zenodo.org/records/6955909	https://arxiv.org/abs/2207.09021	metrics; failure-dependency graph	faults.csv; recurring failure labels	not_established_in_checked_sources	MIT repository	repo_only_external_data_unclear	"[""https://github.com/NetManAIOps/DejaVu""]"	public_repository; external_download_not_tested	https://github.com/NetManAIOps/DejaVu	2026-09-12	primary_landing_and_license_statement_only; no_data_asset_download	False	P1	Đối chứng chẩn đoán lỗi lặp lại và service dependency.	README mô tả metrics.csv, faults.csv, graph.yml; ưu tiên định dạng đọc an toàn, không thực thi pickle không tin cậy.		Đối chiếu giấy phép đúng phiên bản; ghi revision/ngày truy cập; chỉ sau đó tải mẫu nhỏ để kiểm tra schema và nhãn.	NetManAIOps	HOLD_FOR_CLARIFICATION	False
D012		TraceRCA artifacts	TraceRCA artifacts	dataset_artifact	https://github.com/NetManAIOps/TraceRCA	https://cloud.tsinghua.edu.cn/d/8371855eddd64a8db23b/		distributed_traces	root cause; inspect release	not_established_in_checked_sources	not_established_in_checked_sources	not_established	"[""https://github.com/NetManAIOps/TraceRCA""]"	public_repository; external_download_not_tested	https://github.com/NetManAIOps/TraceRCA	2026-09-12	primary_landing_and_license_statement_only; no_data_asset_download	False	P2	Đối chứng trace-based RCA, không thay corpus runbook.	Repo dẫn kho ngoài; quyền và truy cập binary chưa xác nhận.		Đối chiếu giấy phép đúng phiên bản; ghi revision/ngày truy cập; chỉ sau đó tải mẫu nhỏ để kiểm tra schema và nhãn.	NetManAIOps	HOLD_FOR_CLARIFICATION	False
D013		MicroRank	MicroRank	method_only	https://github.com/IntelligentDDS/MicroRank	https://github.com/IntelligentDDS/MicroRank	https://doi.org/10.1145/3442381.3449905	trace-based analysis (method)	no standalone dataset confirmed	NOT_APPLICABLE: no dataset release confirmed	MIT	code_only	"[""https://github.com/IntelligentDDS/MicroRank""]"	public_method_repository; no_dataset_release_confirmed	https://github.com/IntelligentDDS/MicroRank	2026-09-12	primary_landing_and_license_statement_only; no_data_asset_download	False	P2	Baseline tham khảo, KHÔNG tính là dataset sẵn tải.	Không đồng nhất code nghiên cứu với dữ liệu thực nghiệm công khai.		Đối chiếu giấy phép đúng phiên bản; ghi revision/ngày truy cập; chỉ sau đó tải mẫu nhỏ để kiểm tra schema và nhãn.	IntelligentDDS	REVIEW_STATED_TERMS_BEFORE_COLLECTION	False
D014		CIRCA	CIRCA	generation_platform	https://github.com/NetManAIOps/CIRCA	https://github.com/NetManAIOps/CIRCA		simulated metrics; causal structure	synthetic causal ground truth if generated	NOT_APPLICABLE: generator/platform	BSD-3-Clause	code_only	"[""https://github.com/NetManAIOps/CIRCA""]"	public_code_and_simulation_resources	https://github.com/NetManAIOps/CIRCA	2026-09-12	primary_landing_and_license_statement_only; no_data_asset_download	False	P2	Đối chứng nhân quả có kiểm soát, không giả thành log sản xuất.	Một nền tảng/phương pháp sinh dữ liệu; phải lưu seed và cấu hình khi tự tạo.		Đối chiếu giấy phép đúng phiên bản; ghi revision/ngày truy cập; chỉ sau đó tải mẫu nhỏ để kiểm tra schema và nhãn.	NetManAIOps	REVIEW_STATED_TERMS_BEFORE_COLLECTION	False
D015		Post-mortems Analysis	Post-mortems Analysis	dataset_artifact	https://github.com/IntelligentDDS/Post-mortems-Analysis	https://github.com/IntelligentDDS/Post-mortems-Analysis		public_postmortem_text; structured_annotations	fault lifecycle annotations; inspect labels	not_established_in_checked_sources	not_established_in_checked_sources	not_established	"[""https://github.com/IntelligentDDS/Post-mortems-Analysis""]"	public_repository_with_documents_and_annotations	https://github.com/IntelligentDDS/Post-mortems-Analysis	2026-09-12	primary_landing_and_license_statement_only; no_data_asset_download	False	P1	Nguồn kế hoạch xây corpus postmortem và taxonomy sự cố.	Tác giả tổng hợp 354 postmortem 2011–2021. Quyền bài gốc vẫn cần kiểm tra; không đưa postmortem chính incident test vào kho truy hồi.		Đối chiếu giấy phép đúng phiên bản; ghi revision/ngày truy cập; chỉ sau đó tải mẫu nhỏ để kiểm tra schema và nhãn.	IntelligentDDS	HOLD_FOR_CLARIFICATION	False
D016		Server Machine Dataset — OmniAnomaly	Server Machine Dataset — OmniAnomaly	dataset	https://github.com/NetManAIOps/OmniAnomaly	https://github.com/NetManAIOps/OmniAnomaly		multivariate_time_series	anomaly intervals/labels; not incident QA	not_established_in_checked_sources	MIT repository	repo_only_external_data_unclear	"[""https://github.com/NetManAIOps/OmniAnomaly""]"	public_landing_and_file_or_download_listing; assets_not_tested	https://github.com/NetManAIOps/OmniAnomaly	2026-09-12	primary_landing_and_license_statement_only; no_data_asset_download	False	P3	Module phát hiện bất thường bổ trợ, không phải trọng tâm NLP.	SMD trong repo phương pháp; không suy dữ liệu có gold nguyên nhân và qrels.		Đối chiếu giấy phép đúng phiên bản; ghi revision/ngày truy cập; chỉ sau đó tải mẫu nhỏ để kiểm tra schema và nhãn.	NetManAIOps	HOLD_FOR_CLARIFICATION	False
D017		Telemanom — SMAP/MSL	Telemanom — SMAP/MSL	dataset_collection	https://github.com/khundman/telemanom	https://github.com/khundman/telemanom		spacecraft_time_series	anomaly intervals	not established separately from code	Apache-2.0 code	repo_only_external_data_unclear	"[""https://github.com/khundman/telemanom""]"	public_landing_and_file_or_download_listing; assets_not_tested	https://github.com/khundman/telemanom	2026-09-12	primary_landing_and_license_statement_only; no_data_asset_download	False	P3	Kiểm tra phần time-series nếu thật sự cần.	Khác miền cloud; chỉ dùng bổ trợ AD, không báo cáo như kết quả RCA microservices.		Đối chiếu giấy phép đúng phiên bản; ghi revision/ngày truy cập; chỉ sau đó tải mẫu nhỏ để kiểm tra schema và nhãn.	khundman	HOLD_FOR_CLARIFICATION	False
D018		Numenta Anomaly Benchmark — NAB	Numenta Anomaly Benchmark — NAB	dataset_collection	https://github.com/numenta/NAB	https://github.com/numenta/NAB		time_series	anomaly windows	not_established_in_checked_sources	MIT indicated by repository badge; file text not reconciled	data_scope_unconfirmed	"[""https://github.com/numenta/NAB""]"	public_landing_and_file_or_download_listing; assets_not_tested	https://github.com/numenta/NAB	2026-09-12	primary_landing_and_license_statement_only; no_data_asset_download	False	P3	Benchmark AD phụ; bỏ nếu làm loãng đóng góp NLP.	Đã đọc repo và thử license file; chưa xác nhận riêng điều khoản mọi nguồn time-series.		Đối chiếu giấy phép đúng phiên bản; ghi revision/ngày truy cập; chỉ sau đó tải mẫu nhỏ để kiểm tra schema và nhãn.	numenta	HOLD_FOR_CLARIFICATION	False
D019		MSQA	MSQA	sample_dataset	https://github.com/ModelInteraction/MSQA	https://github.com/ModelInteraction/MSQA	https://aclanthology.org/2023.emnlp-industry.29/	technical_questions; answers; documentation	QA pairs in published sample	not_established_in_checked_sources	not_established_in_checked_sources	not_established	"[""https://github.com/ModelInteraction/MSQA""]"	public_sample_only; full_release_not_confirmed	https://github.com/ModelInteraction/MSQA	2026-09-12	primary_landing_and_license_statement_only; no_data_asset_download	False	P1	Xây pilot hỏi đáp kỹ thuật Azure.	README cung cấp sample và lời hẹn phát hành; lời hẹn không chứng minh toàn bộ dữ liệu đã mở.		Đối chiếu giấy phép đúng phiên bản; ghi revision/ngày truy cập; chỉ sau đó tải mẫu nhỏ để kiểm tra schema và nhãn.	ModelInteraction	HOLD_FOR_CLARIFICATION	False
D020		OWL / Owl instruction resources	OWL / Owl instruction resources	sample_dataset	https://github.com/HC-Guo/Owl	https://github.com/HC-Guo/Owl	https://arxiv.org/abs/2309.09298	IT_operations_instructions; bilingual_QA	task-specific examples; full coverage unconfirmed	not_established_in_checked_sources	Apache-2.0 repository	repo_only_external_data_unclear	"[""https://github.com/HC-Guo/Owl""]"	public_repository_and_examples; full_dataset_not_confirmed	https://github.com/HC-Guo/Owl	2026-09-12	primary_landing_and_license_statement_only; no_data_asset_download	False	P2	Tham khảo schema instruction và cách đặt câu hỏi vận hành.	Không suy từ example validation rằng toàn bộ tập huấn luyện đã công khai.		Đối chiếu giấy phép đúng phiên bản; ghi revision/ngày truy cập; chỉ sau đó tải mẫu nhỏ để kiểm tra schema và nhãn.	HC-Guo	HOLD_FOR_CLARIFICATION	False
D021		NetEval exam	NetEval exam	dataset	https://huggingface.co/datasets/NASP/neteval-exam	https://huggingface.co/datasets/NASP/neteval-exam	https://arxiv.org/abs/2309.05557	network_operations_QA; Chinese/English	multiple-choice/QA reference answers	CC-BY-NC-SA-4.0	NOT_APPLICABLE	explicit_dataset_card	"[""https://huggingface.co/datasets/NASP/neteval-exam""]"	public_landing_and_file_or_download_listing; assets_not_tested	https://huggingface.co/datasets/NASP/neteval-exam	2026-09-12	primary_landing_and_license_statement_only; no_data_asset_download	False	P2	Kiểm thử tri thức vận hành mạng, không dùng làm RCA telemetry.	Giữ điều kiện phi thương mại và chia sẻ tương tự; xác định bản release trước tái sử dụng.		Đối chiếu giấy phép đúng phiên bản; ghi revision/ngày truy cập; chỉ sau đó tải mẫu nhỏ để kiểm tra schema và nhãn.	NASP	REVIEW_STATED_TERMS_BEFORE_COLLECTION	False
D022		RAGBench	RAGBench	dataset_collection	https://huggingface.co/datasets/galileo-ai/ragbench	https://huggingface.co/datasets/galileo-ai/ragbench	https://arxiv.org/abs/2407.11005	questions; retrieved_contexts; responses	RAG evaluation annotations	CC-BY-4.0	NOT_APPLICABLE	explicit_dataset_card	"[""https://huggingface.co/datasets/galileo-ai/ragbench""]"	public_landing_and_file_or_download_listing; assets_not_tested	https://huggingface.co/datasets/galileo-ai/ragbench	2026-09-12	primary_landing_and_license_statement_only; no_data_asset_download	False	P1	Đối chiếu đánh giá groundedness/relevance ở cấp thành phần.	Đường rungalileo/ragbench chuyển sang galileo-ai/ragbench; không phải hai dataset. Kiểm tra nguồn corpus gốc.	Alias cũ: https://huggingface.co/datasets/rungalileo/ragbench	Đối chiếu giấy phép đúng phiên bản; ghi revision/ngày truy cập; chỉ sau đó tải mẫu nhỏ để kiểm tra schema và nhãn.	galileo-ai	REVIEW_STATED_TERMS_BEFORE_COLLECTION	False
D023		RGB	RGB	dataset	https://github.com/chen700564/RGB	https://github.com/chen700564/RGB		English/Chinese questions; contexts	RAG robustness references	CC-BY-NC-SA-4.0	CC-BY-NC-SA-4.0	explicit_data_and_code	"[""https://github.com/chen700564/RGB""]"	public_landing_and_file_or_download_listing; assets_not_tested	https://github.com/chen700564/RGB	2026-09-12	primary_landing_and_license_statement_only; no_data_asset_download	False	P1	Thiết kế kiểm thử context nhiễu, không đủ hoặc mâu thuẫn.	Các bản tinh chỉnh trong repo là phiên bản liên quan, không tự cộng thành nguồn độc lập.		Đối chiếu giấy phép đúng phiên bản; ghi revision/ngày truy cập; chỉ sau đó tải mẫu nhỏ để kiểm tra schema và nhãn.	chen700564	REVIEW_STATED_TERMS_BEFORE_COLLECTION	False
D024		MultiHop-RAG	MultiHop-RAG	dataset	https://github.com/yixuantt/MultiHop-RAG	https://github.com/yixuantt/MultiHop-RAG	https://arxiv.org/abs/2401.15391	multi-document_questions; article_corpus	evidence/retrieval links; answers	ODC-BY	see repository terms	explicit_dataset_license	"[""https://github.com/yixuantt/MultiHop-RAG""]"	public_landing_and_file_or_download_listing; assets_not_tested	https://github.com/yixuantt/MultiHop-RAG	2026-09-12	primary_landing_and_license_statement_only; no_data_asset_download	False	P1	Thiết kế qrels nhiều bằng chứng; không thay nhãn nhân quả.	Giữ provenance và attribution của tài liệu nguồn; ODC-BY không được hiểu là xóa mọi quyền bài báo gốc.		Đối chiếu giấy phép đúng phiên bản; ghi revision/ngày truy cập; chỉ sau đó tải mẫu nhỏ để kiểm tra schema và nhãn.	yixuantt	REVIEW_STATED_TERMS_BEFORE_COLLECTION	False
D025		CRUD-RAG	CRUD-RAG	dataset	https://github.com/IAAR-Shanghai/CRUD_RAG	https://github.com/IAAR-Shanghai/CRUD_RAG		Chinese_RAG_tasks; text_corpus	task-specific references	not_established_in_checked_sources	not_established_in_checked_sources	not_established	"[""https://github.com/IAAR-Shanghai/CRUD_RAG""]"	public_landing_and_file_or_download_listing; assets_not_tested	https://github.com/IAAR-Shanghai/CRUD_RAG	2026-09-12	primary_landing_and_license_statement_only; no_data_asset_download	False	P2	Kiểm thử nhiều thao tác trên kho tri thức.	Chưa thiết lập được giấy phép từ trang đã kiểm tra; không gán Apache theo suy đoán.		Đối chiếu giấy phép đúng phiên bản; ghi revision/ngày truy cập; chỉ sau đó tải mẫu nhỏ để kiểm tra schema và nhãn.	IAAR-Shanghai	HOLD_FOR_CLARIFICATION	False
D026		FeB4RAG	FeB4RAG	dataset_artifact	https://github.com/ielab/FeB4RAG	https://github.com/ielab/FeB4RAG		federated_retrieval; heterogeneous_corpora	retrieval/evaluation resources	heterogeneous upstream terms; standalone blanket grant not established	Apache-2.0 repository	repo_only_upstream_terms	"[""https://github.com/ielab/FeB4RAG""]"	public_landing_and_file_or_download_listing; assets_not_tested	https://github.com/ielab/FeB4RAG	2026-09-12	primary_landing_and_license_statement_only; no_data_asset_download	False	P2	Tham khảo retrieval từ nhiều kho incident/runbook.	Cần kiểm tra từng corpus thành phần, không coi license code là quyền toàn bộ corpus.		Đối chiếu giấy phép đúng phiên bản; ghi revision/ngày truy cập; chỉ sau đó tải mẫu nhỏ để kiểm tra schema và nhãn.	ielab	REVIEW_UPSTREAM_AND_RELEASE	False
D027		MTRAG	MTRAG	dataset_collection	https://github.com/IBM/mt-rag-benchmark	https://github.com/IBM/mt-rag-benchmark	https://arxiv.org/abs/2501.03468	multi-turn_questions; domain_corpora; answers	human/synthetic QA and evaluation annotations	repository Apache-2.0; source corpora may have separate terms	Apache-2.0	repo_assets_with_upstream_caveat	"[""https://github.com/IBM/mt-rag-benchmark""]"	public_landing_and_file_or_download_listing; assets_not_tested	https://github.com/IBM/mt-rag-benchmark	2026-09-12	primary_landing_and_license_statement_only; no_data_asset_download	False	P0	Ưu tiên Cloud corpus làm đối chứng NLP hỏi đáp tài liệu kỹ thuật.	Repo có corpora, mtrag-human, mtrag-synthetic, mtragun-human. MTRAG và MTRAG-UN cần lưu quan hệ phiên bản.		Đối chiếu giấy phép đúng phiên bản; ghi revision/ngày truy cập; chỉ sau đó tải mẫu nhỏ để kiểm tra schema và nhãn.	IBM	REVIEW_UPSTREAM_AND_RELEASE	False
D028		CRAG — Comprehensive RAG Benchmark	CRAG — Comprehensive RAG Benchmark	dataset	https://github.com/facebookresearch/CRAG	https://github.com/facebookresearch/CRAG		questions; retrieved_resources; mock_APIs	QA benchmark references	CC-BY-NC-4.0	see repository distribution terms	explicit_dataset_license	"[""https://github.com/facebookresearch/CRAG""]"	public_landing_and_file_or_download_listing; assets_not_tested	https://github.com/facebookresearch/CRAG	2026-09-12	primary_landing_and_license_statement_only; no_data_asset_download	False	P2	Đánh giá RAG tổng quát, không phải benchmark causal RCA.	Không nhầm với bài phương pháp Corrective RAG cùng tên viết tắt.		Đối chiếu giấy phép đúng phiên bản; ghi revision/ngày truy cập; chỉ sau đó tải mẫu nhỏ để kiểm tra schema và nhãn.	facebookresearch	REVIEW_STATED_TERMS_BEFORE_COLLECTION	False
D029		FreshQA / FreshLLMs	FreshQA / FreshLLMs	dataset	https://github.com/freshllms/freshqa	https://github.com/freshllms/freshqa		time-sensitive_factual_QA	dated reference answers	repository Apache-2.0; verify external release scope	Apache-2.0	repo_assets_with_upstream_caveat	"[""https://github.com/freshllms/freshqa""]"	public_repository; external_download_not_tested	https://github.com/freshllms/freshqa	2026-09-12	primary_landing_and_license_statement_only; no_data_asset_download	False	P2	Thiết kế kiểm thử tri thức lỗi thời và versioned KB.	Phải đóng băng phiên bản và thời điểm nhãn, không trộn câu hỏi đổi theo thời gian.		Đối chiếu giấy phép đúng phiên bản; ghi revision/ngày truy cập; chỉ sau đó tải mẫu nhỏ để kiểm tra schema và nhãn.	freshllms	REVIEW_UPSTREAM_AND_RELEASE	False
D030		NoMIRACL	NoMIRACL	dataset	https://huggingface.co/datasets/miracl/nomiracl	https://huggingface.co/datasets/miracl/nomiracl		multilingual_queries; passages	relevant and non-relevant context regimes	Apache-2.0 dataset card; Wikipedia upstream terms apply	Apache-2.0 repository	explicit_card_with_upstream_caveat	"[""https://huggingface.co/datasets/miracl/nomiracl"", ""https://github.com/project-miracl/nomiracl""]"	public_files; viewer_disabled_custom_loader	https://huggingface.co/datasets/miracl/nomiracl	2026-09-12	primary_landing_and_license_statement_only; no_data_asset_download	False	P1	Đánh giá abstention khi không truy hồi được bằng chứng.	Viewer tắt do loader tùy biến không đồng nghĩa file bị khóa. Không thực thi remote loader chưa kiểm tra.		Đối chiếu giấy phép đúng phiên bản; ghi revision/ngày truy cập; chỉ sau đó tải mẫu nhỏ để kiểm tra schema và nhãn.	miracl	REVIEW_UPSTREAM_AND_RELEASE	False
D031		RAGEval / DragonBall resources	RAGEval / DragonBall resources	generation_platform	https://github.com/OpenBMB/RAGEval	https://github.com/OpenBMB/RAGEval	https://arxiv.org/abs/2408.01262	synthetic_RAG_evaluation; example_resources	generated/reference annotations; inspect provenance	not_established_in_checked_sources	LICENSE file exists; text not established in this audit	not_established	"[""https://github.com/OpenBMB/RAGEval""]"	public_code_and_example_assets	https://github.com/OpenBMB/RAGEval	2026-09-12	primary_landing_and_license_statement_only; no_data_asset_download	False	P2	Tham khảo tạo câu hỏi để hỗ trợ annotation; không dùng synthetic làm test gold mặc định.	Repo có dragonball_dataset và code; đây là bộ công cụ/tài nguyên sinh đánh giá, không phải log incident thật.		Đối chiếu giấy phép đúng phiên bản; ghi revision/ngày truy cập; chỉ sau đó tải mẫu nhỏ để kiểm tra schema và nhãn.	OpenBMB	HOLD_FOR_CLARIFICATION	False
D032		TechQA	TechQA	dataset	https://huggingface.co/datasets/PrimeQA/TechQA	https://huggingface.co/datasets/PrimeQA/TechQA	https://arxiv.org/abs/1911.02984	technical_questions; answers; IBM_TechNotes	QA references; verify available split labels	Apache-2.0 on dataset card	Apache-2.0 baseline repository	explicit_dataset_card	"[""https://huggingface.co/datasets/PrimeQA/TechQA"", ""https://github.com/IBM/techqa""]"	public_file_listing; viewer_error; binary_not_downloaded	https://huggingface.co/datasets/PrimeQA/TechQA	2026-09-12	primary_landing_and_license_statement_only; no_data_asset_download	False	P0	Nguồn phù hợp cho baseline technical QA và retrieval.	Repo IBM dẫn đúng PrimeQA/TechQA, train/dev và TechNotes. Leaderboard đã ngừng; không đồng nghĩa dữ liệu biến mất. Kiểm tra điều khoản TechNotes cụ thể.		Đối chiếu giấy phép đúng phiên bản; ghi revision/ngày truy cập; chỉ sau đó tải mẫu nhỏ để kiểm tra schema và nhãn.	PrimeQA	REVIEW_STATED_TERMS_BEFORE_COLLECTION	False
D033		BRIGHT	BRIGHT	dataset_collection	https://huggingface.co/datasets/xlangai/BRIGHT	https://huggingface.co/datasets/xlangai/BRIGHT	https://arxiv.org/abs/2407.12883	reasoning-intensive_text_retrieval	query_document_relevance	CC-BY-4.0	see accompanying code repository	explicit_dataset_card	"[""https://huggingface.co/datasets/xlangai/BRIGHT""]"	public_landing_and_file_or_download_listing; assets_not_tested	https://huggingface.co/datasets/xlangai/BRIGHT	2026-09-12	primary_landing_and_license_statement_only; no_data_asset_download	False	P1	Kiểm tra retrieval cần suy luận ngoài keyword match.	Lọc miền liên quan; kết quả trên BRIGHT không phải kết quả triage cloud.		Đối chiếu giấy phép đúng phiên bản; ghi revision/ngày truy cập; chỉ sau đó tải mẫu nhỏ để kiểm tra schema và nhãn.	xlangai	REVIEW_STATED_TERMS_BEFORE_COLLECTION	False
D034		BEIR	BEIR	dataset_collection	https://github.com/beir-cellar/beir	https://github.com/beir-cellar/beir		heterogeneous_text_retrieval	qrels	per-original-dataset licenses; no umbrella data grant	Apache-2.0	heterogeneous_explicit_disclaimer	"[""https://github.com/beir-cellar/beir""]"	public_landing_and_file_or_download_listing; assets_not_tested	https://github.com/beir-cellar/beir	2026-09-12	primary_landing_and_license_statement_only; no_data_asset_download	False	P2	Đối chiếu phương pháp retrieval tổng quát.	Repo nêu rõ code license không cung cấp quyền dùng mọi dataset. Ghi nguyên nguồn từng tập.		Đối chiếu giấy phép đúng phiên bản; ghi revision/ngày truy cập; chỉ sau đó tải mẫu nhỏ để kiểm tra schema và nhãn.	beir-cellar	REVIEW_UPSTREAM_AND_RELEASE	False
D035		MS MARCO	MS MARCO	dataset_collection	https://microsoft.github.io/msmarco/	https://microsoft.github.io/msmarco/		queries; passages/documents; answers	relevance/QA labels	Custom non-commercial research terms; underlying-document rights retained	not a blanket code/data grant	custom_research_terms	"[""https://microsoft.github.io/msmarco/""]"	public_landing_and_file_or_download_listing; assets_not_tested	https://microsoft.github.io/msmarco/	2026-09-12	primary_landing_and_license_statement_only; no_data_asset_download	False	P2	Huấn luyện/đối chứng retriever khi phạm vi sử dụng phù hợp.	Không gán Apache-2.0 cho dataset; tài liệu web gốc không tự mất bản quyền.		Đối chiếu giấy phép đúng phiên bản; ghi revision/ngày truy cập; chỉ sau đó tải mẫu nhỏ để kiểm tra schema và nhãn.	microsoft.github.io	REVIEW_STATED_TERMS_BEFORE_COLLECTION	False
D036		MIRACL	MIRACL	dataset_collection	https://huggingface.co/datasets/miracl/miracl	https://huggingface.co/datasets/miracl/miracl		multilingual_queries; Wikipedia_passages	human relevance labels	Apache-2.0 dataset card; upstream Wikipedia terms	Apache-2.0 repository	explicit_card_with_upstream_caveat	"[""https://huggingface.co/datasets/miracl/miracl""]"	public_files; viewer_disabled_custom_loader	https://huggingface.co/datasets/miracl/miracl	2026-09-12	primary_landing_and_license_statement_only; no_data_asset_download	False	P2	Đối chứng multilingual retrieval; không mặc định có tiếng Việt.	Kiểm tra ngôn ngữ và license corpus riêng trước khi chốt thí nghiệm.		Đối chiếu giấy phép đúng phiên bản; ghi revision/ngày truy cập; chỉ sau đó tải mẫu nhỏ để kiểm tra schema và nhãn.	miracl	REVIEW_UPSTREAM_AND_RELEASE	False
D037		MS MARCO	mMARCO	derived_dataset	https://github.com/unicamp-dl/mMARCO	https://github.com/unicamp-dl/mMARCO		machine-translated_MSMARCO	inherited relevance labels	MS MARCO upstream restrictions; derivative translation terms to check	Apache-2.0 code	upstream_restrictions_apply	"[""https://github.com/unicamp-dl/mMARCO""]"	public_landing_and_file_or_download_listing; assets_not_tested	https://github.com/unicamp-dl/mMARCO	2026-09-12	primary_landing_and_license_statement_only; no_data_asset_download	False	P2	Thử chuyển ngôn ngữ cho retrieval sau khi kiểm soát bản dịch.	Không là tập truy vấn độc lập với MS MARCO; không chia train/test giữa bản gốc và bản dịch cùng câu.	Bản dịch của MS MARCO D035; giữ original_question_id.	Đối chiếu giấy phép đúng phiên bản; ghi revision/ngày truy cập; chỉ sau đó tải mẫu nhỏ để kiểm tra schema và nhãn.	unicamp-dl	REVIEW_UPSTREAM_AND_RELEASE	False
D038		FRAMES	FRAMES	dataset	https://huggingface.co/datasets/google/frames-benchmark	https://huggingface.co/datasets/google/frames-benchmark	https://arxiv.org/abs/2409.12941	factual_multi-hop_QA; reference_URLs	answers; reasoning/retrieval references	Apache-2.0	NOT_APPLICABLE	explicit_dataset_card	"[""https://huggingface.co/datasets/google/frames-benchmark""]"	public_landing_and_file_or_download_listing; assets_not_tested	https://huggingface.co/datasets/google/frames-benchmark	2026-09-12	primary_landing_and_license_statement_only; no_data_asset_download	False	P2	Đánh giá kết hợp fetch, fact và reasoning.	Card có 824 test rows; nguồn Wikipedia/URL vẫn cần theo phiên bản.		Đối chiếu giấy phép đúng phiên bản; ghi revision/ngày truy cập; chỉ sau đó tải mẫu nhỏ để kiểm tra schema và nhãn.	google	REVIEW_STATED_TERMS_BEFORE_COLLECTION	False
D039		EnterpriseRAG-Bench	EnterpriseRAG-Bench	dataset_artifact	https://github.com/onyx-dot-app/EnterpriseRAG-Bench	https://github.com/onyx-dot-app/EnterpriseRAG-Bench	https://arxiv.org/abs/2605.05253	enterprise-style_generated_documents; QA	synthetic benchmark ground truth	MIT at repository level; inspect external assets	MIT	repo_assets_with_upstream_caveat	"[""https://github.com/onyx-dot-app/EnterpriseRAG-Bench""]"	public_landing_and_file_or_download_listing; assets_not_tested	https://github.com/onyx-dot-app/EnterpriseRAG-Bench	2026-09-12	primary_landing_and_license_statement_only; no_data_asset_download	False	P2	Khảo sát truy hồi tài liệu doanh nghiệp và chuỗi bằng chứng.	Có pipeline sinh và generated_data; không mô tả là dữ liệu nội bộ thật bị công bố. Kiểm tra provenance trước sử dụng.		Đối chiếu giấy phép đúng phiên bản; ghi revision/ngày truy cập; chỉ sau đó tải mẫu nhỏ để kiểm tra schema và nhãn.	onyx-dot-app	REVIEW_UPSTREAM_AND_RELEASE	False
D040		MuSiQue	MuSiQue	dataset	https://github.com/stonybrooknlp/musique	https://github.com/stonybrooknlp/musique		compositional_multi-hop_QA	answers; supporting paragraphs	CC-BY-4.0	see repository terms	explicit_dataset_license	"[""https://github.com/stonybrooknlp/musique""]"	public_repository; external_download_not_tested	https://github.com/stonybrooknlp/musique	2026-09-12	primary_landing_and_license_statement_only; no_data_asset_download	False	P2	Thiết kế multi-hop retrieval và chống shortcut.	Có quan hệ tổ hợp từ QA nguồn; rà trùng seed/question giữa các split.		Đối chiếu giấy phép đúng phiên bản; ghi revision/ngày truy cập; chỉ sau đó tải mẫu nhỏ để kiểm tra schema và nhãn.	stonybrooknlp	REVIEW_STATED_TERMS_BEFORE_COLLECTION	False
D041		HotpotQA	HotpotQA	dataset	https://hotpotqa.github.io/	https://hotpotqa.github.io/		Wikipedia_multi-hop_QA	answers; supporting facts	CC-BY-SA-4.0	see companion repository	explicit_dataset_license	"[""https://hotpotqa.github.io/""]"	public_landing_and_file_or_download_listing; assets_not_tested	https://hotpotqa.github.io/	2026-09-12	primary_landing_and_license_statement_only; no_data_asset_download	False	P2	Đối chứng evidence retrieval nhiều bước.	Supporting facts là bằng chứng câu trả lời, không phải nhãn quan hệ nhân quả microservices.		Đối chiếu giấy phép đúng phiên bản; ghi revision/ngày truy cập; chỉ sau đó tải mẫu nhỏ để kiểm tra schema và nhãn.	hotpotqa.github.io	REVIEW_STATED_TERMS_BEFORE_COLLECTION	False
D042		ALCE evaluation artifacts	ALCE evaluation artifacts	dataset_artifact	https://github.com/princeton-nlp/ALCE	https://github.com/princeton-nlp/ALCE		citation-oriented_QA; generated_answers	citation/evidence evaluation resources	upstream task datasets retain separate terms	MIT repository	repo_only_upstream_terms	"[""https://github.com/princeton-nlp/ALCE""]"	public_landing_and_file_or_download_listing; assets_not_tested	https://github.com/princeton-nlp/ALCE	2026-09-12	primary_landing_and_license_statement_only; no_data_asset_download	False	P1	Tham khảo rubric citation correctness và coverage.	Không lấy MIT của evaluator thay cho quyền corpus gốc.		Đối chiếu giấy phép đúng phiên bản; ghi revision/ngày truy cập; chỉ sau đó tải mẫu nhỏ để kiểm tra schema và nhãn.	princeton-nlp	REVIEW_UPSTREAM_AND_RELEASE	False
D043		RAGTruth	RAGTruth	dataset	https://github.com/ParticleMedia/RAGTruth	https://github.com/ParticleMedia/RAGTruth	https://arxiv.org/abs/2401.00396	RAG_responses; source_contexts	human word-level hallucination labels	MIT at repository distribution level; upstream texts to check	MIT	repo_assets_with_upstream_caveat	"[""https://github.com/ParticleMedia/RAGTruth""]"	public_landing_and_file_or_download_listing; assets_not_tested	https://github.com/ParticleMedia/RAGTruth	2026-09-12	primary_landing_and_license_statement_only; no_data_asset_download	False	P1	Tham khảo phát hiện câu trả lời không có bằng chứng.	Đường chính là ParticleMedia/RAGTruth; không dùng repo tên giống nhưng không phải nguồn tác giả.		Đối chiếu giấy phép đúng phiên bản; ghi revision/ngày truy cập; chỉ sau đó tải mẫu nhỏ để kiểm tra schema và nhãn.	ParticleMedia	REVIEW_UPSTREAM_AND_RELEASE	False
D044		CDQA	CDQA	dataset	https://github.com/Alibaba-NLP/CDQA	https://github.com/Alibaba-NLP/CDQA		Chinese_dynamic_QA	QA references	not_established_in_checked_sources	not_established_in_checked_sources	not_established	"[""https://github.com/Alibaba-NLP/CDQA""]"	public_landing_and_file_or_download_listing; assets_not_tested	https://github.com/Alibaba-NLP/CDQA	2026-09-12	primary_landing_and_license_statement_only; no_data_asset_download	False	P3	Đối chứng QA thay đổi theo thời gian nếu cần tiếng Trung.	Chưa tìm được điều khoản dataset rõ trong trang đã đọc; không tự suy license.		Đối chiếu giấy phép đúng phiên bản; ghi revision/ngày truy cập; chỉ sau đó tải mẫu nhỏ để kiểm tra schema và nhãn.	Alibaba-NLP	HOLD_FOR_CLARIFICATION	False
D045		KILT	KILT	dataset_collection	https://github.com/facebookresearch/KILT	https://github.com/facebookresearch/KILT		knowledge-intensive_tasks; Wikipedia	task-specific answers/provenance	per-task and Wikipedia upstream terms	MIT	repo_only_upstream_terms	"[""https://github.com/facebookresearch/KILT""]"	public_landing_and_file_or_download_listing; assets_not_tested	https://github.com/facebookresearch/KILT	2026-09-12	primary_landing_and_license_statement_only; no_data_asset_download	False	P2	Thiết kế liên kết câu trả lời với provenance.	Một benchmark tổng hợp, không phải nguồn incident cloud.		Đối chiếu giấy phép đúng phiên bản; ghi revision/ngày truy cập; chỉ sau đó tải mẫu nhỏ để kiểm tra schema và nhãn.	facebookresearch	REVIEW_UPSTREAM_AND_RELEASE	False
D046		SWE-bench	SWE-bench	dataset_collection	https://github.com/swe-bench/SWE-bench	https://github.com/swe-bench/SWE-bench		GitHub_issues; patches; repositories	test-based issue resolution	repository MIT; upstream issues/code licenses retained	MIT	repo_assets_with_upstream_caveat	"[""https://github.com/swe-bench/SWE-bench""]"	public_landing_and_file_or_download_listing; assets_not_tested	https://github.com/swe-bench/SWE-bench	2026-09-12	primary_landing_and_license_statement_only; no_data_asset_download	False	P3	Nguồn tham khảo cấu trúc bug ticket và liên kết code.	Issue sửa phần mềm không đồng nghĩa sự cố production; không đánh tráo đơn vị đánh giá.		Đối chiếu giấy phép đúng phiên bản; ghi revision/ngày truy cập; chỉ sau đó tải mẫu nhỏ để kiểm tra schema và nhãn.	swe-bench	REVIEW_UPSTREAM_AND_RELEASE	False
D047		Google cluster traces	Google cluster traces	dataset_collection	https://github.com/google/cluster-data	https://github.com/google/cluster-data		Borg_workload_and_usage_traces	not RCA/QA ground truth	CC-BY for data/documentation; follow exact license version at release	see accompanying tooling	explicit_data_terms	"[""https://github.com/google/cluster-data""]"	public_landing_and_file_or_download_listing; assets_not_tested	https://github.com/google/cluster-data	2026-09-12	primary_landing_and_license_statement_only; no_data_asset_download	False	P3	Telemetry bổ trợ hoặc mô phỏng tải.	Không mặc định trace workload có nhãn service gây incident.		Đối chiếu giấy phép đúng phiên bản; ghi revision/ngày truy cập; chỉ sau đó tải mẫu nhỏ để kiểm tra schema và nhãn.	google	REVIEW_STATED_TERMS_BEFORE_COLLECTION	False
D048		Alibaba cluster traces	Alibaba cluster traces	dataset_collection	https://github.com/alibaba/clusterdata	https://github.com/alibaba/clusterdata		cluster_workload_traces	release-specific; no blanket RCA labels	not_established_in_checked_sources	not_established_in_checked_sources	not_established	"[""https://github.com/alibaba/clusterdata""]"	public_landing_and_file_or_download_listing; assets_not_tested	https://github.com/alibaba/clusterdata	2026-09-12	primary_landing_and_license_statement_only; no_data_asset_download	False	P3	Nguồn workload bổ trợ, không phải benchmark NLP chính.	Kiểm tra mỗi phiên bản và điều khoản riêng; các release khác nhau không tự thành gold RCA.		Đối chiếu giấy phép đúng phiên bản; ghi revision/ngày truy cập; chỉ sau đó tải mẫu nhỏ để kiểm tra schema và nhãn.	alibaba	HOLD_FOR_CLARIFICATION	False
D049		Azure public traces	Azure public traces	dataset_collection	https://github.com/Azure/AzurePublicDataset	https://github.com/Azure/AzurePublicDataset		cloud_workload_traces; release-specific_tables	release-specific; no general incident QA	CC-BY-4.0 data	MIT code	explicit_separate_data_code	"[""https://github.com/Azure/AzurePublicDataset""]"	public_landing_and_file_or_download_listing; assets_not_tested	https://github.com/Azure/AzurePublicDataset	2026-09-12	primary_landing_and_license_statement_only; no_data_asset_download	False	P3	Khảo sát workload cloud và quy trình ghi provenance.	LICENSE và LICENSE-CODE tách biệt; chọn đúng release, không tổng hợp mọi bản thành một tập nhãn.		Đối chiếu giấy phép đúng phiên bản; ghi revision/ngày truy cập; chỉ sau đó tải mẫu nhỏ để kiểm tra schema và nhãn.	Azure	REVIEW_STATED_TERMS_BEFORE_COLLECTION	False
D050		Yahoo Webscope S5	Yahoo Webscope S5	dataset_release_access_unconfirmed	https://webscope.sandbox.yahoo.com/catalog.php?datatype=s&did=70	https://webscope.sandbox.yahoo.com/catalog.php?datatype=s&did=70		time_series (candidate)	not checked in current accessible source	not_established_in_checked_sources	not_established_in_checked_sources	not_established	"[""https://webscope.sandbox.yahoo.com/catalog.php?datatype=s&did=70""]"	landing_blocked_in_audit; access_requirements_unconfirmed	https://webscope.sandbox.yahoo.com/catalog.php?datatype=s&did=70	2026-09-12	primary_landing_and_license_statement_only; no_data_asset_download	False	P3	Ứng viên AD dự phòng, không đặt vào đường triển khai chính.	Không xác nhận được điều kiện truy cập/đăng ký hiện tại qua trang bị chặn; cần người dùng kiểm tra lại.		Đối chiếu giấy phép đúng phiên bản; ghi revision/ngày truy cập; chỉ sau đó tải mẫu nhỏ để kiểm tra schema và nhãn.	webscope.sandbox.yahoo.com	HOLD_FOR_CLARIFICATION	False
D051		ITBench	ITBench-Lite	dataset_collection	https://huggingface.co/datasets/ibm-research/ITBench-Lite	https://huggingface.co/datasets/ibm-research/ITBench-Lite	https://arxiv.org/abs/2502.05352	offline_IT_scenario_snapshots	scenario diagnosis/automation reference artifacts	Apache-2.0	see ITBench code	explicit_dataset_card	"[""https://huggingface.co/datasets/ibm-research/ITBench-Lite""]"	public_landing_and_file_or_download_listing; assets_not_tested	https://huggingface.co/datasets/ibm-research/ITBench-Lite	2026-09-12	primary_landing_and_license_statement_only; no_data_asset_download	False	P0	Ưu tiên nhánh SRE để thử triage offline ít phụ thuộc hạ tầng.	65 scenario: 35 SRE, 15 FinOps, 15 CISO theo card. Không dùng các miền ngoài SRE để thổi số ca RCA.	Bản offline từ hệ sinh thái ITBench; không cộng lại cùng scenario interactive.	Đối chiếu giấy phép đúng phiên bản; ghi revision/ngày truy cập; chỉ sau đó tải mẫu nhỏ để kiểm tra schema và nhãn.	ibm-research	REVIEW_STATED_TERMS_BEFORE_COLLECTION	False
D052		ITBench	ITBench framework	generation_platform	https://github.com/itbench-hub/ITBench	https://github.com/itbench-hub/ITBench	https://arxiv.org/abs/2502.05352	interactive_IT_automation_scenarios	scenario-ground-truth generated/executed by framework	NOT_APPLICABLE: platform; scenario data separately scoped	Apache-2.0	code_only	"[""https://github.com/itbench-hub/ITBench""]"	public_platform_repository	https://github.com/itbench-hub/ITBench	2026-09-12	primary_landing_and_license_statement_only; no_data_asset_download	False	P2	Mở rộng sau MVP offline, không coi code là dataset mới.	Repository chính itbench-hub/ITBench. Giữ môi trường sandbox; không chạy tác động hệ thống thật.	Cùng hệ sinh thái ITBench-Lite D051; code/platform không là tập ca mới.	Đối chiếu giấy phép đúng phiên bản; ghi revision/ngày truy cập; chỉ sau đó tải mẫu nhỏ để kiểm tra schema và nhãn.	itbench-hub	REVIEW_STATED_TERMS_BEFORE_COLLECTION	False
D053		AIOpsLab	AIOpsLab	generation_platform	https://github.com/microsoft/AIOpsLab	https://github.com/microsoft/AIOpsLab	https://arxiv.org/abs/2501.06706	fault_injection; telemetry_collection; agent_tasks	generated scenario ground truth	NOT_APPLICABLE: platform	MIT	code_only	"[""https://github.com/microsoft/AIOpsLab""]"	public_platform_repository	https://github.com/microsoft/AIOpsLab	2026-09-12	primary_landing_and_license_statement_only; no_data_asset_download	False	P2	Tự sinh incident kiểm soát cho phần mở rộng.	Cần hạ tầng và cấu hình tái lập; không phải sẵn một kho runbook-ticket hoàn chỉnh.		Đối chiếu giấy phép đúng phiên bản; ghi revision/ngày truy cập; chỉ sau đó tải mẫu nhỏ để kiểm tra schema và nhãn.	microsoft	REVIEW_STATED_TERMS_BEFORE_COLLECTION	False
D054		OpenTelemetry Demo	OpenTelemetry Demo	generation_platform	https://github.com/open-telemetry/opentelemetry-demo	https://github.com/open-telemetry/opentelemetry-demo		microservice_demo; logs; metrics; traces	none until scenario/annotation is defined	NOT_APPLICABLE: demo application	Apache-2.0	code_only	"[""https://github.com/open-telemetry/opentelemetry-demo""]"	public_demo_repository	https://github.com/open-telemetry/opentelemetry-demo	2026-09-12	primary_landing_and_license_statement_only; no_data_asset_download	False	P2	Tự dựng thí nghiệm observability trong sandbox.	Ứng dụng mẫu Astronomy Shop, không tự có gold RCA chỉ vì có telemetry.		Đối chiếu giấy phép đúng phiên bản; ghi revision/ngày truy cập; chỉ sau đó tải mẫu nhỏ để kiểm tra schema và nhãn.	open-telemetry	REVIEW_STATED_TERMS_BEFORE_COLLECTION	False
D055		DeathStarBench	DeathStarBench	generation_platform	https://github.com/delimitrou/DeathStarBench	https://github.com/delimitrou/DeathStarBench		microservice_benchmark_applications	none until fault experiments are specified	NOT_APPLICABLE: applications, not a static dataset	CONFLICT: README GPL-v2 versus LICENSE Apache-2.0	conflict	"[""https://github.com/delimitrou/DeathStarBench"", ""https://github.com/delimitrou/DeathStarBench/blob/master/LICENSE""]"	public_repository; code_license_conflict	https://github.com/delimitrou/DeathStarBench	2026-09-12	primary_landing_and_license_statement_only; no_data_asset_download	False	P3	Nền tảng sinh dữ liệu mở rộng sau khi làm rõ code license.	README và LICENSE không nhất quán. Không gộp dữ liệu sinh trên cùng app với benchmark khác thành nguồn độc lập.		Đối chiếu giấy phép đúng phiên bản; ghi revision/ngày truy cập; chỉ sau đó tải mẫu nhỏ để kiểm tra schema và nhãn.	delimitrou	HOLD_FOR_CLARIFICATION	False
D056		Train Ticket application	Train Ticket application	generation_platform	https://github.com/FudanSELab/train-ticket	https://github.com/FudanSELab/train-ticket		microservices_demo_application	no standalone incident gold	NOT_APPLICABLE: application code	Apache-2.0	code_only	"[""https://github.com/FudanSELab/train-ticket""]"	public_application_repository	https://github.com/FudanSELab/train-ticket	2026-09-12	primary_landing_and_license_statement_only; no_data_asset_download	False	P2	Sinh thêm ca lỗi có nhãn sau khi có baseline.	App không phải chính các ca lỗi RCAEval/Nezha/LEMMA; phải ghi run_id và lineage.		Đối chiếu giấy phép đúng phiên bản; ghi revision/ngày truy cập; chỉ sau đó tải mẫu nhỏ để kiểm tra schema và nhãn.	FudanSELab	REVIEW_STATED_TERMS_BEFORE_COLLECTION	False
D057		Online Boutique application	Online Boutique application	generation_platform	https://github.com/GoogleCloudPlatform/microservices-demo	https://github.com/GoogleCloudPlatform/microservices-demo		microservices_demo_application	no standalone incident gold	NOT_APPLICABLE: application code	Apache-2.0	code_only	"[""https://github.com/GoogleCloudPlatform/microservices-demo""]"	public_application_repository	https://github.com/GoogleCloudPlatform/microservices-demo	2026-09-12	primary_landing_and_license_statement_only; no_data_asset_download	False	P2	Nền tảng demo tương ứng miền RCAEval-OB.	Không cộng ứng dụng này như một bộ dữ liệu RCA hoàn chỉnh.		Đối chiếu giấy phép đúng phiên bản; ghi revision/ngày truy cập; chỉ sau đó tải mẫu nhỏ để kiểm tra schema và nhãn.	GoogleCloudPlatform	REVIEW_STATED_TERMS_BEFORE_COLLECTION	False
D058		Kubernetes troubleshooting documentation	Kubernetes troubleshooting documentation	corpus_to_collect	https://kubernetes.io/docs/tasks/debug/	https://kubernetes.io/docs/tasks/debug/		technical_documentation	none; qrels must be annotated	CC-BY-4.0 for website documentation	see website repository components	explicit_documentation_license	"[""https://kubernetes.io/docs/tasks/debug/"", ""https://github.com/kubernetes/website/blob/main/LICENSE""]"	public_documentation_pages	https://kubernetes.io/docs/tasks/debug/	2026-09-12	primary_landing_and_license_statement_only; no_data_asset_download	False	P0	Knowledge base giải thích lỗi và bước kiểm tra.	Ghim phiên bản Kubernetes/ngày sửa; không thực thi hướng dẫn chứa trong tài liệu lấy về.		Đối chiếu giấy phép đúng phiên bản; ghi revision/ngày truy cập; chỉ sau đó tải mẫu nhỏ để kiểm tra schema và nhãn.	kubernetes.io	REVIEW_STATED_TERMS_BEFORE_COLLECTION	False
D059		Prometheus Operator runbooks	Prometheus Operator runbooks	corpus_to_collect	https://github.com/prometheus-operator/runbooks	https://runbooks.prometheus-operator.dev/		alert_runbooks	alert-name links; incident qrels not pre-validated	Apache-2.0 repository text distribution	Apache-2.0	repo_assets_license	"[""https://github.com/prometheus-operator/runbooks""]"	public_repository_and_runbook_site	https://github.com/prometheus-operator/runbooks	2026-09-12	primary_landing_and_license_statement_only; no_data_asset_download	False	P0	Knowledge base alert→runbook và evidence retrieval.	Tên alert khớp không tự chứng minh runbook giải đúng nguyên nhân; cần annotation theo ngữ cảnh.		Đối chiếu giấy phép đúng phiên bản; ghi revision/ngày truy cập; chỉ sau đó tải mẫu nhỏ để kiểm tra schema và nhãn.	prometheus-operator	REVIEW_STATED_TERMS_BEFORE_COLLECTION	False
D060		Google SRE workbook	Google SRE workbook	corpus_access_unconfirmed	https://sre.google/workbook/	https://sre.google/workbook/		SRE_reference_text	none	not_established_in_checked_sources	NOT_APPLICABLE	not_established	"[""https://sre.google/workbook/""]"	landing_blocked_in_audit	https://sre.google/workbook/	2026-09-12	primary_landing_and_license_statement_only; no_data_asset_download	False	P3	Nguồn tham khảo quy trình, chưa đưa vào crawl batch.	Chưa xác nhận được quyền sao chép corpus từ trang trong đợt kiểm tra này.		Đối chiếu giấy phép đúng phiên bản; ghi revision/ngày truy cập; chỉ sau đó tải mẫu nhỏ để kiểm tra schema và nhãn.	sre.google	HOLD_FOR_CLARIFICATION	False
D061		Google Cloud incident history	Google Cloud incident history	corpus_to_collect	https://status.cloud.google.com/summary	https://status.cloud.google.com/summary		incident_summaries; postmortems	none unless independently annotated	no dataset-specific reuse grant established	NOT_APPLICABLE	publisher_terms_review_required	"[""https://status.cloud.google.com/summary""]"	public_history_landing	https://status.cloud.google.com/summary	2026-09-12	primary_landing_and_license_statement_only; no_data_asset_download	False	P1	Lịch sử sự cố để xây retrieval corpus có timestamp.	Public page không phải public-domain. Loại toàn bộ tài liệu của test incident khỏi knowledge snapshot.		Đối chiếu giấy phép đúng phiên bản; ghi revision/ngày truy cập; chỉ sau đó tải mẫu nhỏ để kiểm tra schema và nhãn.	status.cloud.google.com	HOLD_FOR_CLARIFICATION	False
D062		AWS post-event summaries	AWS post-event summaries	corpus_to_collect	https://aws.amazon.com/premiumsupport/technology/pes/	https://aws.amazon.com/premiumsupport/technology/pes/		post_event_reports	none unless independently annotated	no dataset-specific reuse grant established	NOT_APPLICABLE	publisher_terms_review_required	"[""https://aws.amazon.com/premiumsupport/technology/pes/""]"	public_postevent_landing	https://aws.amazon.com/premiumsupport/technology/pes/	2026-09-12	primary_landing_and_license_statement_only; no_data_asset_download	False	P1	Nguồn lịch sử xử lý sự cố và ngôn ngữ kỹ thuật.	Chỉ lập kế hoạch; trước bulk crawl kiểm tra robots/terms và quyền lưu/tái phân phối.		Đối chiếu giấy phép đúng phiên bản; ghi revision/ngày truy cập; chỉ sau đó tải mẫu nhỏ để kiểm tra schema và nhãn.	aws.amazon.com	HOLD_FOR_CLARIFICATION	False
D063		Cloudflare postmortems	Cloudflare postmortems	corpus_to_collect	https://blog.cloudflare.com/tag/post-mortem/	https://blog.cloudflare.com/tag/post-mortem/		postmortem_articles	none unless independently annotated	no dataset-specific reuse grant established	NOT_APPLICABLE	publisher_terms_review_required	"[""https://blog.cloudflare.com/tag/post-mortem/""]"	public_tag_landing	https://blog.cloudflare.com/tag/post-mortem/	2026-09-12	primary_landing_and_license_statement_only; no_data_asset_download	False	P1	Corpus sự cố đã xảy ra cho retrieval lịch sử.	Bài sửa sau ngày sự cố có thể chứa đáp án tương lai; cần record published_at và updated_at.		Đối chiếu giấy phép đúng phiên bản; ghi revision/ngày truy cập; chỉ sau đó tải mẫu nhỏ để kiểm tra schema và nhãn.	blog.cloudflare.com	HOLD_FOR_CLARIFICATION	False
D064		GitHub status history	GitHub status history	corpus_to_collect	https://www.githubstatus.com/history	https://www.githubstatus.com/history		incident_updates	none unless independently annotated	no dataset-specific reuse grant established	NOT_APPLICABLE	publisher_terms_review_required	"[""https://www.githubstatus.com/history""]"	public_history_landing	https://www.githubstatus.com/history	2026-09-12	primary_landing_and_license_statement_only; no_data_asset_download	False	P2	Corpus trạng thái/timeline, không mặc định có nguyên nhân gốc.	Status incident ngắn có thể không chứa RCA; cần lọc chất lượng và giữ nguồn.		Đối chiếu giấy phép đúng phiên bản; ghi revision/ngày truy cập; chỉ sau đó tải mẫu nhỏ để kiểm tra schema và nhãn.	www.githubstatus.com	HOLD_FOR_CLARIFICATION	False
D065	D001	RCAEval	RCAEval RE1-OB — Online Boutique	subset	https://github.com/phamquiluan/RCAEval	https://huggingface.co/datasets/phamquiluan/RCAEval	https://arxiv.org/abs/2412.17015	metrics	root_cause_service; root_cause_indicator; fault_type; injection_time	MIT	MIT for authors’ code; other baselines have separate licenses	explicit_data_and_code	"[""https://github.com/phamquiluan/RCAEval#licensing"", ""https://zenodo.org/records/14590730""]"	public_landing_and_file_or_download_listing; assets_not_tested	https://github.com/phamquiluan/RCAEval	2026-09-12	primary_landing_and_license_statement_only; no_data_asset_download	False	P1	Benchmark RCA chính; ưu tiên RE2-OB rồi RE2-TT.	125 ca theo bảng tác giả; metrics. Không có qrels/runbook gold sẵn được xác nhận. Split phải nhóm theo incident và cấu hình fault, không theo dòng log.	Tập con/phiên bản của D001; không cộng với nguồn cha như dữ liệu độc lập.	Đối chiếu giấy phép đúng phiên bản; ghi revision/ngày truy cập; chỉ sau đó tải mẫu nhỏ để kiểm tra schema và nhãn.	phamquiluan	REVIEW_STATED_TERMS_BEFORE_COLLECTION	False
D066	D001	RCAEval	RCAEval RE1-SS — Sock Shop	subset	https://github.com/phamquiluan/RCAEval	https://huggingface.co/datasets/phamquiluan/RCAEval	https://arxiv.org/abs/2412.17015	metrics	root_cause_service; root_cause_indicator; fault_type; injection_time	MIT	MIT for authors’ code; other baselines have separate licenses	explicit_data_and_code	"[""https://github.com/phamquiluan/RCAEval#licensing"", ""https://zenodo.org/records/14590730""]"	public_landing_and_file_or_download_listing; assets_not_tested	https://github.com/phamquiluan/RCAEval	2026-09-12	primary_landing_and_license_statement_only; no_data_asset_download	False	P1	Benchmark RCA chính; ưu tiên RE2-OB rồi RE2-TT.	125 ca theo bảng tác giả; metrics. Không có qrels/runbook gold sẵn được xác nhận. Split phải nhóm theo incident và cấu hình fault, không theo dòng log.	Tập con/phiên bản của D001; không cộng với nguồn cha như dữ liệu độc lập.	Đối chiếu giấy phép đúng phiên bản; ghi revision/ngày truy cập; chỉ sau đó tải mẫu nhỏ để kiểm tra schema và nhãn.	phamquiluan	REVIEW_STATED_TERMS_BEFORE_COLLECTION	False
D067	D001	RCAEval	RCAEval RE1-TT — Train Ticket	subset	https://github.com/phamquiluan/RCAEval	https://huggingface.co/datasets/phamquiluan/RCAEval	https://arxiv.org/abs/2412.17015	metrics	root_cause_service; root_cause_indicator; fault_type; injection_time	MIT	MIT for authors’ code; other baselines have separate licenses	explicit_data_and_code	"[""https://github.com/phamquiluan/RCAEval#licensing"", ""https://zenodo.org/records/14590730""]"	public_landing_and_file_or_download_listing; assets_not_tested	https://github.com/phamquiluan/RCAEval	2026-09-12	primary_landing_and_license_statement_only; no_data_asset_download	False	P1	Benchmark RCA chính; ưu tiên RE2-OB rồi RE2-TT.	125 ca theo bảng tác giả; metrics. Không có qrels/runbook gold sẵn được xác nhận. Split phải nhóm theo incident và cấu hình fault, không theo dòng log.	Tập con/phiên bản của D001; không cộng với nguồn cha như dữ liệu độc lập.	Đối chiếu giấy phép đúng phiên bản; ghi revision/ngày truy cập; chỉ sau đó tải mẫu nhỏ để kiểm tra schema và nhãn.	phamquiluan	REVIEW_STATED_TERMS_BEFORE_COLLECTION	False
D068	D001	RCAEval	RCAEval RE2-OB — Online Boutique	subset	https://github.com/phamquiluan/RCAEval	https://huggingface.co/datasets/phamquiluan/RCAEval	https://arxiv.org/abs/2412.17015	metrics; logs; traces	root_cause_service; root_cause_indicator; fault_type; injection_time	MIT	MIT for authors’ code; other baselines have separate licenses	explicit_data_and_code	"[""https://github.com/phamquiluan/RCAEval#licensing"", ""https://zenodo.org/records/14590730""]"	public_landing_and_file_or_download_listing; assets_not_tested	https://github.com/phamquiluan/RCAEval	2026-09-12	primary_landing_and_license_statement_only; no_data_asset_download	False	P0	Benchmark RCA chính; ưu tiên RE2-OB rồi RE2-TT.	90 ca theo bảng tác giả; metrics; logs; traces. Không có qrels/runbook gold sẵn được xác nhận. Split phải nhóm theo incident và cấu hình fault, không theo dòng log.	Tập con/phiên bản của D001; không cộng với nguồn cha như dữ liệu độc lập.	Đối chiếu giấy phép đúng phiên bản; ghi revision/ngày truy cập; chỉ sau đó tải mẫu nhỏ để kiểm tra schema và nhãn.	phamquiluan	REVIEW_STATED_TERMS_BEFORE_COLLECTION	False
D069	D001	RCAEval	RCAEval RE2-SS — Sock Shop	subset	https://github.com/phamquiluan/RCAEval	https://huggingface.co/datasets/phamquiluan/RCAEval	https://arxiv.org/abs/2412.17015	metrics; logs	root_cause_service; root_cause_indicator; fault_type; injection_time	MIT	MIT for authors’ code; other baselines have separate licenses	explicit_data_and_code	"[""https://github.com/phamquiluan/RCAEval#licensing"", ""https://zenodo.org/records/14590730""]"	public_landing_and_file_or_download_listing; assets_not_tested	https://github.com/phamquiluan/RCAEval	2026-09-12	primary_landing_and_license_statement_only; no_data_asset_download	False	P1	Benchmark RCA chính; ưu tiên RE2-OB rồi RE2-TT.	90 ca theo bảng tác giả; metrics; logs. Không có qrels/runbook gold sẵn được xác nhận. Split phải nhóm theo incident và cấu hình fault, không theo dòng log.	Tập con/phiên bản của D001; không cộng với nguồn cha như dữ liệu độc lập.	Đối chiếu giấy phép đúng phiên bản; ghi revision/ngày truy cập; chỉ sau đó tải mẫu nhỏ để kiểm tra schema và nhãn.	phamquiluan	REVIEW_STATED_TERMS_BEFORE_COLLECTION	False
D070	D001	RCAEval	RCAEval RE2-TT — Train Ticket	subset	https://github.com/phamquiluan/RCAEval	https://huggingface.co/datasets/phamquiluan/RCAEval	https://arxiv.org/abs/2412.17015	metrics; logs; traces	root_cause_service; root_cause_indicator; fault_type; injection_time	MIT	MIT for authors’ code; other baselines have separate licenses	explicit_data_and_code	"[""https://github.com/phamquiluan/RCAEval#licensing"", ""https://zenodo.org/records/14590730""]"	public_landing_and_file_or_download_listing; assets_not_tested	https://github.com/phamquiluan/RCAEval	2026-09-12	primary_landing_and_license_statement_only; no_data_asset_download	False	P1	Benchmark RCA chính; ưu tiên RE2-OB rồi RE2-TT.	90 ca theo bảng tác giả; metrics; logs; traces. Không có qrels/runbook gold sẵn được xác nhận. Split phải nhóm theo incident và cấu hình fault, không theo dòng log.	Tập con/phiên bản của D001; không cộng với nguồn cha như dữ liệu độc lập.	Đối chiếu giấy phép đúng phiên bản; ghi revision/ngày truy cập; chỉ sau đó tải mẫu nhỏ để kiểm tra schema và nhãn.	phamquiluan	REVIEW_STATED_TERMS_BEFORE_COLLECTION	False
D071	D001	RCAEval	RCAEval RE3-OB — Online Boutique	subset	https://github.com/phamquiluan/RCAEval	https://huggingface.co/datasets/phamquiluan/RCAEval	https://arxiv.org/abs/2412.17015	metrics; logs; traces	root_cause_service; root_cause_indicator; fault_type; injection_time	MIT	MIT for authors’ code; other baselines have separate licenses	explicit_data_and_code	"[""https://github.com/phamquiluan/RCAEval#licensing"", ""https://zenodo.org/records/14590730""]"	public_landing_and_file_or_download_listing; assets_not_tested	https://github.com/phamquiluan/RCAEval	2026-09-12	primary_landing_and_license_statement_only; no_data_asset_download	False	P1	Benchmark RCA chính; ưu tiên RE2-OB rồi RE2-TT.	30 ca theo bảng tác giả; metrics; logs; traces. Không có qrels/runbook gold sẵn được xác nhận. Split phải nhóm theo incident và cấu hình fault, không theo dòng log.	Tập con/phiên bản của D001; không cộng với nguồn cha như dữ liệu độc lập.	Đối chiếu giấy phép đúng phiên bản; ghi revision/ngày truy cập; chỉ sau đó tải mẫu nhỏ để kiểm tra schema và nhãn.	phamquiluan	REVIEW_STATED_TERMS_BEFORE_COLLECTION	False
D072	D001	RCAEval	RCAEval RE3-SS — Sock Shop	subset	https://github.com/phamquiluan/RCAEval	https://huggingface.co/datasets/phamquiluan/RCAEval	https://arxiv.org/abs/2412.17015	metrics; logs	root_cause_service; root_cause_indicator; fault_type; injection_time	MIT	MIT for authors’ code; other baselines have separate licenses	explicit_data_and_code	"[""https://github.com/phamquiluan/RCAEval#licensing"", ""https://zenodo.org/records/14590730""]"	public_landing_and_file_or_download_listing; assets_not_tested	https://github.com/phamquiluan/RCAEval	2026-09-12	primary_landing_and_license_statement_only; no_data_asset_download	False	P1	Benchmark RCA chính; ưu tiên RE2-OB rồi RE2-TT.	30 ca theo bảng tác giả; metrics; logs. Không có qrels/runbook gold sẵn được xác nhận. Split phải nhóm theo incident và cấu hình fault, không theo dòng log.	Tập con/phiên bản của D001; không cộng với nguồn cha như dữ liệu độc lập.	Đối chiếu giấy phép đúng phiên bản; ghi revision/ngày truy cập; chỉ sau đó tải mẫu nhỏ để kiểm tra schema và nhãn.	phamquiluan	REVIEW_STATED_TERMS_BEFORE_COLLECTION	False
D073	D001	RCAEval	RCAEval RE3-TT — Train Ticket	subset	https://github.com/phamquiluan/RCAEval	https://huggingface.co/datasets/phamquiluan/RCAEval	https://arxiv.org/abs/2412.17015	metrics; logs; traces	root_cause_service; root_cause_indicator; fault_type; injection_time	MIT	MIT for authors’ code; other baselines have separate licenses	explicit_data_and_code	"[""https://github.com/phamquiluan/RCAEval#licensing"", ""https://zenodo.org/records/14590730""]"	public_landing_and_file_or_download_listing; assets_not_tested	https://github.com/phamquiluan/RCAEval	2026-09-12	primary_landing_and_license_statement_only; no_data_asset_download	False	P1	Benchmark RCA chính; ưu tiên RE2-OB rồi RE2-TT.	30 ca theo bảng tác giả; metrics; logs; traces. Không có qrels/runbook gold sẵn được xác nhận. Split phải nhóm theo incident và cấu hình fault, không theo dòng log.	Tập con/phiên bản của D001; không cộng với nguồn cha như dữ liệu độc lập.	Đối chiếu giấy phép đúng phiên bản; ghi revision/ngày truy cập; chỉ sau đó tải mẫu nhỏ để kiểm tra schema và nhãn.	phamquiluan	REVIEW_STATED_TERMS_BEFORE_COLLECTION	False
D074	D005	Loghub	Loghub / HDFS_v1	subset	https://github.com/logpai/loghub	https://zenodo.org/records/8196385	https://arxiv.org/abs/2008.06448	system_logs	anomaly/task labels indicated; verify label semantics	Custom research/academic-use terms	not a code-license grant for all logs	custom_research_terms	"[""https://github.com/logpai/loghub""]"	public_landing_and_file_or_download_listing; assets_not_tested	https://github.com/logpai/loghub	2026-09-12	primary_landing_and_license_statement_only; no_data_asset_download	False	P1	Log parsing, biểu diễn log và truy hồi sự cố tương tự.	Giấy phép kế thừa điều khoản Loghub; xem bảng nguồn và README tập con. Nhãn có/không chỉ theo công bố, chưa tải kiểm tra. Hadoop có ghi chú riêng về nhãn.	Tập con/phiên bản của D005; không cộng với nguồn cha như dữ liệu độc lập.	Đối chiếu giấy phép đúng phiên bản; ghi revision/ngày truy cập; chỉ sau đó tải mẫu nhỏ để kiểm tra schema và nhãn.	logpai	REVIEW_STATED_TERMS_BEFORE_COLLECTION	False
D075	D005	Loghub	Loghub / HDFS_v2	subset	https://github.com/logpai/loghub	https://zenodo.org/records/8196385	https://arxiv.org/abs/2008.06448	system_logs	no labels indicated in collection table	Custom research/academic-use terms	not a code-license grant for all logs	custom_research_terms	"[""https://github.com/logpai/loghub""]"	public_landing_and_file_or_download_listing; assets_not_tested	https://github.com/logpai/loghub	2026-09-12	primary_landing_and_license_statement_only; no_data_asset_download	False	P2	Log parsing, biểu diễn log và truy hồi sự cố tương tự.	Giấy phép kế thừa điều khoản Loghub; xem bảng nguồn và README tập con. Nhãn có/không chỉ theo công bố, chưa tải kiểm tra. Hadoop có ghi chú riêng về nhãn.	Tập con/phiên bản của D005; không cộng với nguồn cha như dữ liệu độc lập.	Đối chiếu giấy phép đúng phiên bản; ghi revision/ngày truy cập; chỉ sau đó tải mẫu nhỏ để kiểm tra schema và nhãn.	logpai	REVIEW_STATED_TERMS_BEFORE_COLLECTION	False
D076	D005	Loghub	Loghub / HDFS_v3_TraceBench	subset	https://github.com/logpai/loghub	https://zenodo.org/records/8196385	https://arxiv.org/abs/2008.06448	system_logs	anomaly/task labels indicated; verify label semantics	Custom research/academic-use terms	not a code-license grant for all logs	custom_research_terms	"[""https://github.com/logpai/loghub""]"	public_landing_and_file_or_download_listing; assets_not_tested	https://github.com/logpai/loghub	2026-09-12	primary_landing_and_license_statement_only; no_data_asset_download	False	P2	Log parsing, biểu diễn log và truy hồi sự cố tương tự.	Giấy phép kế thừa điều khoản Loghub; xem bảng nguồn và README tập con. Nhãn có/không chỉ theo công bố, chưa tải kiểm tra. Hadoop có ghi chú riêng về nhãn.	Tập con/phiên bản của D005; không cộng với nguồn cha như dữ liệu độc lập.	Đối chiếu giấy phép đúng phiên bản; ghi revision/ngày truy cập; chỉ sau đó tải mẫu nhỏ để kiểm tra schema và nhãn.	logpai	REVIEW_STATED_TERMS_BEFORE_COLLECTION	False
D077	D005	Loghub	Loghub / Hadoop	subset	https://github.com/logpai/loghub	https://zenodo.org/records/8196385	https://arxiv.org/abs/2008.06448	system_logs	anomaly/task labels indicated; verify label semantics	Custom research/academic-use terms	not a code-license grant for all logs	custom_research_terms	"[""https://github.com/logpai/loghub""]"	public_landing_and_file_or_download_listing; assets_not_tested	https://github.com/logpai/loghub	2026-09-12	primary_landing_and_license_statement_only; no_data_asset_download	False	P2	Log parsing, biểu diễn log và truy hồi sự cố tương tự.	Giấy phép kế thừa điều khoản Loghub; xem bảng nguồn và README tập con. Nhãn có/không chỉ theo công bố, chưa tải kiểm tra. Hadoop có ghi chú riêng về nhãn.	Tập con/phiên bản của D005; không cộng với nguồn cha như dữ liệu độc lập.	Đối chiếu giấy phép đúng phiên bản; ghi revision/ngày truy cập; chỉ sau đó tải mẫu nhỏ để kiểm tra schema và nhãn.	logpai	REVIEW_STATED_TERMS_BEFORE_COLLECTION	False
D078	D005	Loghub	Loghub / Spark	subset	https://github.com/logpai/loghub	https://zenodo.org/records/8196385	https://arxiv.org/abs/2008.06448	system_logs	no labels indicated in collection table	Custom research/academic-use terms	not a code-license grant for all logs	custom_research_terms	"[""https://github.com/logpai/loghub""]"	public_landing_and_file_or_download_listing; assets_not_tested	https://github.com/logpai/loghub	2026-09-12	primary_landing_and_license_statement_only; no_data_asset_download	False	P2	Log parsing, biểu diễn log và truy hồi sự cố tương tự.	Giấy phép kế thừa điều khoản Loghub; xem bảng nguồn và README tập con. Nhãn có/không chỉ theo công bố, chưa tải kiểm tra. Hadoop có ghi chú riêng về nhãn.	Tập con/phiên bản của D005; không cộng với nguồn cha như dữ liệu độc lập.	Đối chiếu giấy phép đúng phiên bản; ghi revision/ngày truy cập; chỉ sau đó tải mẫu nhỏ để kiểm tra schema và nhãn.	logpai	REVIEW_STATED_TERMS_BEFORE_COLLECTION	False
D079	D005	Loghub	Loghub / Zookeeper	subset	https://github.com/logpai/loghub	https://zenodo.org/records/8196385	https://arxiv.org/abs/2008.06448	system_logs	no labels indicated in collection table	Custom research/academic-use terms	not a code-license grant for all logs	custom_research_terms	"[""https://github.com/logpai/loghub""]"	public_landing_and_file_or_download_listing; assets_not_tested	https://github.com/logpai/loghub	2026-09-12	primary_landing_and_license_statement_only; no_data_asset_download	False	P2	Log parsing, biểu diễn log và truy hồi sự cố tương tự.	Giấy phép kế thừa điều khoản Loghub; xem bảng nguồn và README tập con. Nhãn có/không chỉ theo công bố, chưa tải kiểm tra. Hadoop có ghi chú riêng về nhãn.	Tập con/phiên bản của D005; không cộng với nguồn cha như dữ liệu độc lập.	Đối chiếu giấy phép đúng phiên bản; ghi revision/ngày truy cập; chỉ sau đó tải mẫu nhỏ để kiểm tra schema và nhãn.	logpai	REVIEW_STATED_TERMS_BEFORE_COLLECTION	False
D080	D005	Loghub	Loghub / OpenStack	subset	https://github.com/logpai/loghub	https://zenodo.org/records/8196385	https://arxiv.org/abs/2008.06448	system_logs	anomaly/task labels indicated; verify label semantics	Custom research/academic-use terms	not a code-license grant for all logs	custom_research_terms	"[""https://github.com/logpai/loghub""]"	public_landing_and_file_or_download_listing; assets_not_tested	https://github.com/logpai/loghub	2026-09-12	primary_landing_and_license_statement_only; no_data_asset_download	False	P1	Log parsing, biểu diễn log và truy hồi sự cố tương tự.	Giấy phép kế thừa điều khoản Loghub; xem bảng nguồn và README tập con. Nhãn có/không chỉ theo công bố, chưa tải kiểm tra. Hadoop có ghi chú riêng về nhãn.	Tập con/phiên bản của D005; không cộng với nguồn cha như dữ liệu độc lập.	Đối chiếu giấy phép đúng phiên bản; ghi revision/ngày truy cập; chỉ sau đó tải mẫu nhỏ để kiểm tra schema và nhãn.	logpai	REVIEW_STATED_TERMS_BEFORE_COLLECTION	False
D081	D005	Loghub	Loghub / BGL	subset	https://github.com/logpai/loghub	https://zenodo.org/records/8196385	https://arxiv.org/abs/2008.06448	system_logs	anomaly/task labels indicated; verify label semantics	Custom research/academic-use terms	not a code-license grant for all logs	custom_research_terms	"[""https://github.com/logpai/loghub""]"	public_landing_and_file_or_download_listing; assets_not_tested	https://github.com/logpai/loghub	2026-09-12	primary_landing_and_license_statement_only; no_data_asset_download	False	P1	Log parsing, biểu diễn log và truy hồi sự cố tương tự.	Giấy phép kế thừa điều khoản Loghub; xem bảng nguồn và README tập con. Nhãn có/không chỉ theo công bố, chưa tải kiểm tra. Hadoop có ghi chú riêng về nhãn.	Tập con/phiên bản của D005; không cộng với nguồn cha như dữ liệu độc lập.	Đối chiếu giấy phép đúng phiên bản; ghi revision/ngày truy cập; chỉ sau đó tải mẫu nhỏ để kiểm tra schema và nhãn.	logpai	REVIEW_STATED_TERMS_BEFORE_COLLECTION	False
D082	D005	Loghub	Loghub / HPC	subset	https://github.com/logpai/loghub	https://zenodo.org/records/8196385	https://arxiv.org/abs/2008.06448	system_logs	no labels indicated in collection table	Custom research/academic-use terms	not a code-license grant for all logs	custom_research_terms	"[""https://github.com/logpai/loghub""]"	public_landing_and_file_or_download_listing; assets_not_tested	https://github.com/logpai/loghub	2026-09-12	primary_landing_and_license_statement_only; no_data_asset_download	False	P2	Log parsing, biểu diễn log và truy hồi sự cố tương tự.	Giấy phép kế thừa điều khoản Loghub; xem bảng nguồn và README tập con. Nhãn có/không chỉ theo công bố, chưa tải kiểm tra. Hadoop có ghi chú riêng về nhãn.	Tập con/phiên bản của D005; không cộng với nguồn cha như dữ liệu độc lập.	Đối chiếu giấy phép đúng phiên bản; ghi revision/ngày truy cập; chỉ sau đó tải mẫu nhỏ để kiểm tra schema và nhãn.	logpai	REVIEW_STATED_TERMS_BEFORE_COLLECTION	False
D083	D005	Loghub	Loghub / Thunderbird	subset	https://github.com/logpai/loghub	https://zenodo.org/records/8196385	https://arxiv.org/abs/2008.06448	system_logs	anomaly/task labels indicated; verify label semantics	Custom research/academic-use terms	not a code-license grant for all logs	custom_research_terms	"[""https://github.com/logpai/loghub""]"	public_landing_and_file_or_download_listing; assets_not_tested	https://github.com/logpai/loghub	2026-09-12	primary_landing_and_license_statement_only; no_data_asset_download	False	P2	Log parsing, biểu diễn log và truy hồi sự cố tương tự.	Giấy phép kế thừa điều khoản Loghub; xem bảng nguồn và README tập con. Nhãn có/không chỉ theo công bố, chưa tải kiểm tra. Hadoop có ghi chú riêng về nhãn.	Tập con/phiên bản của D005; không cộng với nguồn cha như dữ liệu độc lập.	Đối chiếu giấy phép đúng phiên bản; ghi revision/ngày truy cập; chỉ sau đó tải mẫu nhỏ để kiểm tra schema và nhãn.	logpai	REVIEW_STATED_TERMS_BEFORE_COLLECTION	False
D084	D005	Loghub	Loghub / Windows	subset	https://github.com/logpai/loghub	https://zenodo.org/records/8196385	https://arxiv.org/abs/2008.06448	system_logs	no labels indicated in collection table	Custom research/academic-use terms	not a code-license grant for all logs	custom_research_terms	"[""https://github.com/logpai/loghub""]"	public_landing_and_file_or_download_listing; assets_not_tested	https://github.com/logpai/loghub	2026-09-12	primary_landing_and_license_statement_only; no_data_asset_download	False	P2	Log parsing, biểu diễn log và truy hồi sự cố tương tự.	Giấy phép kế thừa điều khoản Loghub; xem bảng nguồn và README tập con. Nhãn có/không chỉ theo công bố, chưa tải kiểm tra. Hadoop có ghi chú riêng về nhãn.	Tập con/phiên bản của D005; không cộng với nguồn cha như dữ liệu độc lập.	Đối chiếu giấy phép đúng phiên bản; ghi revision/ngày truy cập; chỉ sau đó tải mẫu nhỏ để kiểm tra schema và nhãn.	logpai	REVIEW_STATED_TERMS_BEFORE_COLLECTION	False
D085	D005	Loghub	Loghub / Linux	subset	https://github.com/logpai/loghub	https://zenodo.org/records/8196385	https://arxiv.org/abs/2008.06448	system_logs	no labels indicated in collection table	Custom research/academic-use terms	not a code-license grant for all logs	custom_research_terms	"[""https://github.com/logpai/loghub""]"	public_landing_and_file_or_download_listing; assets_not_tested	https://github.com/logpai/loghub	2026-09-12	primary_landing_and_license_statement_only; no_data_asset_download	False	P2	Log parsing, biểu diễn log và truy hồi sự cố tương tự.	Giấy phép kế thừa điều khoản Loghub; xem bảng nguồn và README tập con. Nhãn có/không chỉ theo công bố, chưa tải kiểm tra. Hadoop có ghi chú riêng về nhãn.	Tập con/phiên bản của D005; không cộng với nguồn cha như dữ liệu độc lập.	Đối chiếu giấy phép đúng phiên bản; ghi revision/ngày truy cập; chỉ sau đó tải mẫu nhỏ để kiểm tra schema và nhãn.	logpai	REVIEW_STATED_TERMS_BEFORE_COLLECTION	False
D086	D005	Loghub	Loghub / Mac	subset	https://github.com/logpai/loghub	https://zenodo.org/records/8196385	https://arxiv.org/abs/2008.06448	system_logs	no labels indicated in collection table	Custom research/academic-use terms	not a code-license grant for all logs	custom_research_terms	"[""https://github.com/logpai/loghub""]"	public_landing_and_file_or_download_listing; assets_not_tested	https://github.com/logpai/loghub	2026-09-12	primary_landing_and_license_statement_only; no_data_asset_download	False	P2	Log parsing, biểu diễn log và truy hồi sự cố tương tự.	Giấy phép kế thừa điều khoản Loghub; xem bảng nguồn và README tập con. Nhãn có/không chỉ theo công bố, chưa tải kiểm tra. Hadoop có ghi chú riêng về nhãn.	Tập con/phiên bản của D005; không cộng với nguồn cha như dữ liệu độc lập.	Đối chiếu giấy phép đúng phiên bản; ghi revision/ngày truy cập; chỉ sau đó tải mẫu nhỏ để kiểm tra schema và nhãn.	logpai	REVIEW_STATED_TERMS_BEFORE_COLLECTION	False
D087	D005	Loghub	Loghub / Android_v1	subset	https://github.com/logpai/loghub	https://zenodo.org/records/8196385	https://arxiv.org/abs/2008.06448	system_logs	no labels indicated in collection table	Custom research/academic-use terms	not a code-license grant for all logs	custom_research_terms	"[""https://github.com/logpai/loghub""]"	public_landing_and_file_or_download_listing; assets_not_tested	https://github.com/logpai/loghub	2026-09-12	primary_landing_and_license_statement_only; no_data_asset_download	False	P2	Log parsing, biểu diễn log và truy hồi sự cố tương tự.	Giấy phép kế thừa điều khoản Loghub; xem bảng nguồn và README tập con. Nhãn có/không chỉ theo công bố, chưa tải kiểm tra. Hadoop có ghi chú riêng về nhãn.	Tập con/phiên bản của D005; không cộng với nguồn cha như dữ liệu độc lập.	Đối chiếu giấy phép đúng phiên bản; ghi revision/ngày truy cập; chỉ sau đó tải mẫu nhỏ để kiểm tra schema và nhãn.	logpai	REVIEW_STATED_TERMS_BEFORE_COLLECTION	False
D088	D005	Loghub	Loghub / Android_v2	subset	https://github.com/logpai/loghub	https://zenodo.org/records/8196385	https://arxiv.org/abs/2008.06448	system_logs	no labels indicated in collection table	Custom research/academic-use terms	not a code-license grant for all logs	custom_research_terms	"[""https://github.com/logpai/loghub""]"	public_landing_and_file_or_download_listing; assets_not_tested	https://github.com/logpai/loghub	2026-09-12	primary_landing_and_license_statement_only; no_data_asset_download	False	P2	Log parsing, biểu diễn log và truy hồi sự cố tương tự.	Giấy phép kế thừa điều khoản Loghub; xem bảng nguồn và README tập con. Nhãn có/không chỉ theo công bố, chưa tải kiểm tra. Hadoop có ghi chú riêng về nhãn.	Tập con/phiên bản của D005; không cộng với nguồn cha như dữ liệu độc lập.	Đối chiếu giấy phép đúng phiên bản; ghi revision/ngày truy cập; chỉ sau đó tải mẫu nhỏ để kiểm tra schema và nhãn.	logpai	REVIEW_STATED_TERMS_BEFORE_COLLECTION	False
D089	D005	Loghub	Loghub / HealthApp	subset	https://github.com/logpai/loghub	https://zenodo.org/records/8196385	https://arxiv.org/abs/2008.06448	system_logs	no labels indicated in collection table	Custom research/academic-use terms	not a code-license grant for all logs	custom_research_terms	"[""https://github.com/logpai/loghub""]"	public_landing_and_file_or_download_listing; assets_not_tested	https://github.com/logpai/loghub	2026-09-12	primary_landing_and_license_statement_only; no_data_asset_download	False	P2	Log parsing, biểu diễn log và truy hồi sự cố tương tự.	Giấy phép kế thừa điều khoản Loghub; xem bảng nguồn và README tập con. Nhãn có/không chỉ theo công bố, chưa tải kiểm tra. Hadoop có ghi chú riêng về nhãn.	Tập con/phiên bản của D005; không cộng với nguồn cha như dữ liệu độc lập.	Đối chiếu giấy phép đúng phiên bản; ghi revision/ngày truy cập; chỉ sau đó tải mẫu nhỏ để kiểm tra schema và nhãn.	logpai	REVIEW_STATED_TERMS_BEFORE_COLLECTION	False
D090	D005	Loghub	Loghub / Apache	subset	https://github.com/logpai/loghub	https://zenodo.org/records/8196385	https://arxiv.org/abs/2008.06448	system_logs	no labels indicated in collection table	Custom research/academic-use terms	not a code-license grant for all logs	custom_research_terms	"[""https://github.com/logpai/loghub""]"	public_landing_and_file_or_download_listing; assets_not_tested	https://github.com/logpai/loghub	2026-09-12	primary_landing_and_license_statement_only; no_data_asset_download	False	P1	Log parsing, biểu diễn log và truy hồi sự cố tương tự.	Giấy phép kế thừa điều khoản Loghub; xem bảng nguồn và README tập con. Nhãn có/không chỉ theo công bố, chưa tải kiểm tra. Hadoop có ghi chú riêng về nhãn.	Tập con/phiên bản của D005; không cộng với nguồn cha như dữ liệu độc lập.	Đối chiếu giấy phép đúng phiên bản; ghi revision/ngày truy cập; chỉ sau đó tải mẫu nhỏ để kiểm tra schema và nhãn.	logpai	REVIEW_STATED_TERMS_BEFORE_COLLECTION	False
D091	D005	Loghub	Loghub / OpenSSH	subset	https://github.com/logpai/loghub	https://zenodo.org/records/8196385	https://arxiv.org/abs/2008.06448	system_logs	no labels indicated in collection table	Custom research/academic-use terms	not a code-license grant for all logs	custom_research_terms	"[""https://github.com/logpai/loghub""]"	public_landing_and_file_or_download_listing; assets_not_tested	https://github.com/logpai/loghub	2026-09-12	primary_landing_and_license_statement_only; no_data_asset_download	False	P2	Log parsing, biểu diễn log và truy hồi sự cố tương tự.	Giấy phép kế thừa điều khoản Loghub; xem bảng nguồn và README tập con. Nhãn có/không chỉ theo công bố, chưa tải kiểm tra. Hadoop có ghi chú riêng về nhãn.	Tập con/phiên bản của D005; không cộng với nguồn cha như dữ liệu độc lập.	Đối chiếu giấy phép đúng phiên bản; ghi revision/ngày truy cập; chỉ sau đó tải mẫu nhỏ để kiểm tra schema và nhãn.	logpai	REVIEW_STATED_TERMS_BEFORE_COLLECTION	False
D092	D005	Loghub	Loghub / Proxifier	subset	https://github.com/logpai/loghub	https://zenodo.org/records/8196385	https://arxiv.org/abs/2008.06448	system_logs	no labels indicated in collection table	Custom research/academic-use terms	not a code-license grant for all logs	custom_research_terms	"[""https://github.com/logpai/loghub""]"	public_landing_and_file_or_download_listing; assets_not_tested	https://github.com/logpai/loghub	2026-09-12	primary_landing_and_license_statement_only; no_data_asset_download	False	P2	Log parsing, biểu diễn log và truy hồi sự cố tương tự.	Giấy phép kế thừa điều khoản Loghub; xem bảng nguồn và README tập con. Nhãn có/không chỉ theo công bố, chưa tải kiểm tra. Hadoop có ghi chú riêng về nhãn.	Tập con/phiên bản của D005; không cộng với nguồn cha như dữ liệu độc lập.	Đối chiếu giấy phép đúng phiên bản; ghi revision/ngày truy cập; chỉ sau đó tải mẫu nhỏ để kiểm tra schema và nhãn.	logpai	REVIEW_STATED_TERMS_BEFORE_COLLECTION	False
D093	D004	LEMMA-RCA	LEMMA-RCA / Product Review	subset	https://lemma-rca.github.io/	https://huggingface.co/datasets/Lemma-RCA-NEC/Product_Review_Original	https://arxiv.org/abs/2406.05375	multi-modal observations; metrics/logs depending on domain	fault/root cause annotations; inspect per domain	CONFLICT: CC-BY-ND-4.0 versus CC-BY-NC-4.0	not_established_in_checked_sources	conflict	"[""https://lemma-rca.github.io/"", ""https://github.com/KnowledgeDiscovery/rca_baselines"", ""https://huggingface.co/datasets/Lemma-RCA-NEC/Product_Review_Original""]"	public_dataset_cards; license_conflict_blocks_release_decision	https://lemma-rca.github.io/	2026-09-12	primary_landing_and_license_statement_only; no_data_asset_download	False	P1	Ưu tiên hai miền IT nếu được tác giả làm rõ license.	Giữ cờ xung đột NC/ND của nguồn cha. Raw và preprocessed là hai view liên quan; không chia chúng thành train/test độc lập.	Tập con/phiên bản của D004; không cộng với nguồn cha như dữ liệu độc lập.	Đối chiếu giấy phép đúng phiên bản; ghi revision/ngày truy cập; chỉ sau đó tải mẫu nhỏ để kiểm tra schema và nhãn.	lemma-rca.github.io	HOLD_FOR_CLARIFICATION	False
D094	D004	LEMMA-RCA	LEMMA-RCA / Cloud Computing	subset	https://lemma-rca.github.io/	https://huggingface.co/datasets/Lemma-RCA-NEC/Product_Review_Original	https://arxiv.org/abs/2406.05375	multi-modal observations; metrics/logs depending on domain	fault/root cause annotations; inspect per domain	CONFLICT: CC-BY-ND-4.0 versus CC-BY-NC-4.0	not_established_in_checked_sources	conflict	"[""https://lemma-rca.github.io/"", ""https://github.com/KnowledgeDiscovery/rca_baselines"", ""https://huggingface.co/datasets/Lemma-RCA-NEC/Product_Review_Original""]"	public_dataset_cards; license_conflict_blocks_release_decision	https://lemma-rca.github.io/	2026-09-12	primary_landing_and_license_statement_only; no_data_asset_download	False	P1	Ưu tiên hai miền IT nếu được tác giả làm rõ license.	Giữ cờ xung đột NC/ND của nguồn cha. Raw và preprocessed là hai view liên quan; không chia chúng thành train/test độc lập.	Tập con/phiên bản của D004; không cộng với nguồn cha như dữ liệu độc lập.	Đối chiếu giấy phép đúng phiên bản; ghi revision/ngày truy cập; chỉ sau đó tải mẫu nhỏ để kiểm tra schema và nhãn.	lemma-rca.github.io	HOLD_FOR_CLARIFICATION	False
D095	D004	LEMMA-RCA	LEMMA-RCA / Water Treatment	subset	https://lemma-rca.github.io/	https://huggingface.co/datasets/Lemma-RCA-NEC/Product_Review_Original	https://arxiv.org/abs/2406.05375	multi-modal observations; metrics/logs depending on domain	fault/root cause annotations; inspect per domain	CONFLICT: CC-BY-ND-4.0 versus CC-BY-NC-4.0	not_established_in_checked_sources	conflict	"[""https://lemma-rca.github.io/"", ""https://github.com/KnowledgeDiscovery/rca_baselines"", ""https://huggingface.co/datasets/Lemma-RCA-NEC/Product_Review_Original""]"	public_dataset_cards; license_conflict_blocks_release_decision	https://lemma-rca.github.io/	2026-09-12	primary_landing_and_license_statement_only; no_data_asset_download	False	P3	Ưu tiên hai miền IT nếu được tác giả làm rõ license.	Giữ cờ xung đột NC/ND của nguồn cha. Raw và preprocessed là hai view liên quan; không chia chúng thành train/test độc lập.	Tập con/phiên bản của D004; không cộng với nguồn cha như dữ liệu độc lập.	Đối chiếu giấy phép đúng phiên bản; ghi revision/ngày truy cập; chỉ sau đó tải mẫu nhỏ để kiểm tra schema và nhãn.	lemma-rca.github.io	HOLD_FOR_CLARIFICATION	False
D096	D004	LEMMA-RCA	LEMMA-RCA / Water Distribution	subset	https://lemma-rca.github.io/	https://huggingface.co/datasets/Lemma-RCA-NEC/Product_Review_Original	https://arxiv.org/abs/2406.05375	multi-modal observations; metrics/logs depending on domain	fault/root cause annotations; inspect per domain	CONFLICT: CC-BY-ND-4.0 versus CC-BY-NC-4.0	not_established_in_checked_sources	conflict	"[""https://lemma-rca.github.io/"", ""https://github.com/KnowledgeDiscovery/rca_baselines"", ""https://huggingface.co/datasets/Lemma-RCA-NEC/Product_Review_Original""]"	public_dataset_cards; license_conflict_blocks_release_decision	https://lemma-rca.github.io/	2026-09-12	primary_landing_and_license_statement_only; no_data_asset_download	False	P3	Ưu tiên hai miền IT nếu được tác giả làm rõ license.	Giữ cờ xung đột NC/ND của nguồn cha. Raw và preprocessed là hai view liên quan; không chia chúng thành train/test độc lập.	Tập con/phiên bản của D004; không cộng với nguồn cha như dữ liệu độc lập.	Đối chiếu giấy phép đúng phiên bản; ghi revision/ngày truy cập; chỉ sau đó tải mẫu nhỏ để kiểm tra schema và nhãn.	lemma-rca.github.io	HOLD_FOR_CLARIFICATION	False
D097	D002	OpenRCA	OpenRCA / Telecom	subset	https://github.com/microsoft/OpenRCA	https://drive.google.com/drive/folders/1wGiEnu4OkWrjPxfx5ZTROnU37-5UDoPM?usp=drive_link	https://openreview.net/forum?id=M4qNIzQYpd	natural_language_queries; logs; metrics; traces	query-specific root component/reason/time	not_established_in_checked_sources	MIT repository	repo_only_external_data_unclear	"[""https://github.com/microsoft/OpenRCA""]"	public_repository; external_download_not_tested	https://github.com/microsoft/OpenRCA	2026-09-12	primary_landing_and_license_statement_only; no_data_asset_download	False	P1	Chẩn đoán từ câu hỏi tự nhiên và telemetry.	Điểm vào là thư mục Drive của nguồn cha; chưa kiểm tra binary hay license raw. Query/record có thể chứa gold và phải tách khỏi truy hồi.	Tập con/phiên bản của D002; không cộng với nguồn cha như dữ liệu độc lập.	Đối chiếu giấy phép đúng phiên bản; ghi revision/ngày truy cập; chỉ sau đó tải mẫu nhỏ để kiểm tra schema và nhãn.	microsoft	HOLD_FOR_CLARIFICATION	False
D098	D002	OpenRCA	OpenRCA / Bank	subset	https://github.com/microsoft/OpenRCA	https://drive.google.com/drive/folders/1wGiEnu4OkWrjPxfx5ZTROnU37-5UDoPM?usp=drive_link	https://openreview.net/forum?id=M4qNIzQYpd	natural_language_queries; logs; metrics; traces	query-specific root component/reason/time	not_established_in_checked_sources	MIT repository	repo_only_external_data_unclear	"[""https://github.com/microsoft/OpenRCA""]"	public_repository; external_download_not_tested	https://github.com/microsoft/OpenRCA	2026-09-12	primary_landing_and_license_statement_only; no_data_asset_download	False	P1	Chẩn đoán từ câu hỏi tự nhiên và telemetry.	Điểm vào là thư mục Drive của nguồn cha; chưa kiểm tra binary hay license raw. Query/record có thể chứa gold và phải tách khỏi truy hồi.	Tập con/phiên bản của D002; không cộng với nguồn cha như dữ liệu độc lập.	Đối chiếu giấy phép đúng phiên bản; ghi revision/ngày truy cập; chỉ sau đó tải mẫu nhỏ để kiểm tra schema và nhãn.	microsoft	HOLD_FOR_CLARIFICATION	False
D099	D002	OpenRCA	OpenRCA / Market	subset	https://github.com/microsoft/OpenRCA	https://drive.google.com/drive/folders/1wGiEnu4OkWrjPxfx5ZTROnU37-5UDoPM?usp=drive_link	https://openreview.net/forum?id=M4qNIzQYpd	natural_language_queries; logs; metrics; traces	query-specific root component/reason/time	not_established_in_checked_sources	MIT repository	repo_only_external_data_unclear	"[""https://github.com/microsoft/OpenRCA""]"	public_repository; external_download_not_tested	https://github.com/microsoft/OpenRCA	2026-09-12	primary_landing_and_license_statement_only; no_data_asset_download	False	P1	Chẩn đoán từ câu hỏi tự nhiên và telemetry.	Điểm vào là thư mục Drive của nguồn cha; chưa kiểm tra binary hay license raw. Query/record có thể chứa gold và phải tách khỏi truy hồi.	Tập con/phiên bản của D002; không cộng với nguồn cha như dữ liệu độc lập.	Đối chiếu giấy phép đúng phiên bản; ghi revision/ngày truy cập; chỉ sau đó tải mẫu nhỏ để kiểm tra schema và nhãn.	microsoft	HOLD_FOR_CLARIFICATION	False
D100	D027	MTRAG	MTRAG-UN	benchmark_version	https://github.com/IBM/mt-rag-benchmark	https://github.com/IBM/mt-rag-benchmark	https://arxiv.org/abs/2602.23184	multi-turn_questions; domain_corpora; answers	human/synthetic QA and evaluation annotations	repository Apache-2.0; source corpora may have separate terms	Apache-2.0	repo_assets_with_upstream_caveat	"[""https://github.com/IBM/mt-rag-benchmark""]"	public_landing_and_file_or_download_listing; assets_not_tested	https://github.com/IBM/mt-rag-benchmark	2026-09-12	primary_landing_and_license_statement_only; no_data_asset_download	False	P1	Ưu tiên Cloud corpus làm đối chứng NLP hỏi đáp tài liệu kỹ thuật.	Repo mtragun-human và bài 2602.23184 mô tả đánh giá unanswerability nhiều lượt. Lưu version_id và kiểm tra overlap với MTRAG.	Tập con/phiên bản của D027; không cộng với nguồn cha như dữ liệu độc lập.	Đối chiếu giấy phép đúng phiên bản; ghi revision/ngày truy cập; chỉ sau đó tải mẫu nhỏ để kiểm tra schema và nhãn.	IBM	REVIEW_UPSTREAM_AND_RELEASE	False
D101	D051	ITBench-Lite	ITBench-Lite / SRE	subset	https://huggingface.co/datasets/ibm-research/ITBench-Lite	https://huggingface.co/datasets/ibm-research/ITBench-Lite	https://arxiv.org/abs/2502.05352	offline_IT_scenario_snapshots	scenario diagnosis/automation reference artifacts	Apache-2.0	see ITBench code	explicit_dataset_card	"[""https://huggingface.co/datasets/ibm-research/ITBench-Lite""]"	public_landing_and_file_or_download_listing; assets_not_tested	https://huggingface.co/datasets/ibm-research/ITBench-Lite	2026-09-12	primary_landing_and_license_statement_only; no_data_asset_download	False	P0	Ưu tiên nhánh SRE để thử triage offline ít phụ thuộc hạ tầng.	35 SRE scenario theo card; hai nhóm FinOps/CISO không thuộc tập con này. Chưa tải để xác nhận mọi trường nhãn.	Tập con/phiên bản của D051; không cộng với nguồn cha như dữ liệu độc lập.	Đối chiếu giấy phép đúng phiên bản; ghi revision/ngày truy cập; chỉ sau đó tải mẫu nhỏ để kiểm tra schema và nhãn.	ibm-research	REVIEW_STATED_TERMS_BEFORE_COLLECTION	False
D102	D027	MTRAG	MTRAG / Cloud corpus	subset	https://github.com/IBM/mt-rag-benchmark	https://github.com/IBM/mt-rag-benchmark	https://arxiv.org/abs/2501.03468	multi-turn_questions; domain_corpora; answers	human/synthetic QA and evaluation annotations	repository Apache-2.0; source corpora may have separate terms	Apache-2.0	repo_assets_with_upstream_caveat	"[""https://github.com/IBM/mt-rag-benchmark""]"	public_landing_and_file_or_download_listing; assets_not_tested	https://github.com/IBM/mt-rag-benchmark	2026-09-12	primary_landing_and_license_statement_only; no_data_asset_download	False	P0	Ưu tiên Cloud corpus làm đối chứng NLP hỏi đáp tài liệu kỹ thuật.	Corpus tài liệu kỹ thuật Cloud là đối chứng sát NLP; kiểm tra nguồn từng tài liệu và quyền tái sử dụng. Không có nghĩa là telemetry/root-cause gold.	Tập con/phiên bản của D027; không cộng với nguồn cha như dữ liệu độc lập.	Đối chiếu giấy phép đúng phiên bản; ghi revision/ngày truy cập; chỉ sau đó tải mẫu nhỏ để kiểm tra schema và nhãn.	IBM	REVIEW_UPSTREAM_AND_RELEASE	False
