dataset_id	name	priority	resource_type	parent_id	family	official_url	original_license_status	original_license_gate	original_access_status	current_collection_decision	local_card_exists	parent_id_resolves	live_verification_scope	asset_download_scope	review_evidence_path	next_action
D001	RCAEval	P0	dataset_collection		RCAEval	https://github.com/phamquiluan/RCAEval	explicit_data_and_code	REVIEW_STATED_TERMS_BEFORE_COLLECTION	public_landing_and_file_or_download_listing; assets_not_tested	parent_registry_selected_via_D068	True	True	author-pinned-HF-index-release-and-license-verified	none_by_dataset_agent	02_datasets/acquired/meta/source-registry.json	Đối chiếu giấy phép đúng phiên bản; ghi revision/ngày truy cập; chỉ sau đó tải mẫu nhỏ để kiểm tra schema và nhãn.
D002	OpenRCA	P1	dataset_collection		OpenRCA	https://github.com/microsoft/OpenRCA	repo_only_external_data_unclear	HOLD_FOR_CLARIFICATION	public_repository; external_download_not_tested	hold_existing_license_or_release_uncertainty	True	True	primary repository documentation; per-file access state recorded; no raw data downloaded	none_by_dataset_agent	02_datasets/acquired/meta/catalog-review/primary-review.json	Repository MIT does not establish scope of Drive raw data; hold until explicit raw data terms are established.
D003	OpenRCA 2.0	P2	benchmark_release_unconfirmed		OpenRCA	https://arxiv.org/abs/2606.27154	release_and_license_unconfirmed	HOLD_FOR_CLARIFICATION	paper_readable; data_release_not_confirmed	hold_existing_license_or_release_uncertainty	True	True	not_reverified_this_execution; original card retained	none_by_dataset_agent		Đối chiếu giấy phép đúng phiên bản; ghi revision/ngày truy cập; chỉ sau đó tải mẫu nhỏ để kiểm tra schema và nhãn.
D004	LEMMA-RCA	P1	dataset_collection		LEMMA-RCA	https://lemma-rca.github.io/	conflict	HOLD_FOR_CLARIFICATION	public_dataset_cards; license_conflict_blocks_release_decision	hold_existing_license_or_release_uncertainty	True	True	website only; conflict across release rights retained, not resolved	none_by_dataset_agent	02_datasets/acquired/meta/catalog-review/primary-review.json	Đối chiếu giấy phép đúng phiên bản; ghi revision/ngày truy cập; chỉ sau đó tải mẫu nhỏ để kiểm tra schema và nhãn.
D005	Loghub	P1	dataset_collection		Loghub	https://github.com/logpai/loghub	custom_research_terms	REVIEW_STATED_TERMS_BEFORE_COLLECTION	public_landing_and_file_or_download_listing; assets_not_tested	defer_not_required_by_selected_MVP	True	True	primary repository documentation; per-file access state recorded; no raw data downloaded	none_by_dataset_agent	02_datasets/acquired/meta/catalog-review/primary-review.json	Research-use terms inspected; reserve for parsing ablation; no RCA/qrels inferred.
D006	Loghub-2.0	P1	dataset_collection		Loghub	https://github.com/logpai/loghub-2.0	custom_research_terms	REVIEW_STATED_TERMS_BEFORE_COLLECTION	public_landing_and_file_or_download_listing; assets_not_tested	defer_not_required_by_selected_MVP	True	True	primary repository documentation; per-file access state recorded; no raw data downloaded	none_by_dataset_agent	02_datasets/acquired/meta/catalog-review/primary-review.json	Research-use terms inspected; reserve for parsing ablation; no RCA/qrels inferred.
D007	GAIA — Generic AIOps Atlas	P1	dataset_collection		GAIA — Generic AIOps Atlas	https://github.com/CloudWise-OpenSource/GAIA-DataSet	conflict	HOLD_FOR_CLARIFICATION	public_repository; license_conflict_blocks_release_decision	hold_existing_license_or_release_uncertainty	True	True	not_reverified_this_execution; original card retained	none_by_dataset_agent		Đối chiếu giấy phép đúng phiên bản; ghi revision/ngày truy cập; chỉ sau đó tải mẫu nhỏ để kiểm tra schema và nhãn.
D008	Multi-source Distributed System Observability	P2	dataset		Multi-source Distributed System Observability	https://zenodo.org/records/3549604	not_established	HOLD_FOR_CLARIFICATION	public_landing_and_file_or_download_listing; assets_not_tested	hold_existing_license_or_release_uncertainty	True	True	not_reverified_this_execution; original card retained	none_by_dataset_agent		Đối chiếu giấy phép đúng phiên bản; ghi revision/ngày truy cập; chỉ sau đó tải mẫu nhỏ để kiểm tra schema và nhãn.
D009	Nezha research artifacts	P1	dataset_artifact		Nezha research artifacts	https://github.com/IntelligentDDS/Nezha	repo_only_external_data_unclear	HOLD_FOR_CLARIFICATION	public_landing_and_file_or_download_listing; assets_not_tested	hold_existing_license_or_release_uncertainty	True	True	not_reverified_this_execution; original card retained	none_by_dataset_agent		Đối chiếu giấy phép đúng phiên bản; ghi revision/ngày truy cập; chỉ sau đó tải mẫu nhỏ để kiểm tra schema và nhãn.
D010	Eadro research artifacts	P1	dataset_artifact		Eadro research artifacts	https://github.com/BEbillionaireUSD/Eadro	not_established	HOLD_FOR_CLARIFICATION	public_repository; external_download_not_tested	hold_existing_license_or_release_uncertainty	True	True	not_reverified_this_execution; original card retained	none_by_dataset_agent		Đối chiếu giấy phép đúng phiên bản; ghi revision/ngày truy cập; chỉ sau đó tải mẫu nhỏ để kiểm tra schema và nhãn.
D011	DejaVu datasets A/B/C/D	P1	dataset_collection		DejaVu datasets A/B/C/D	https://github.com/NetManAIOps/DejaVu	repo_only_external_data_unclear	HOLD_FOR_CLARIFICATION	public_repository; external_download_not_tested	hold_existing_license_or_release_uncertainty	True	True	not_reverified_this_execution; original card retained	none_by_dataset_agent		Đối chiếu giấy phép đúng phiên bản; ghi revision/ngày truy cập; chỉ sau đó tải mẫu nhỏ để kiểm tra schema và nhãn.
D012	TraceRCA artifacts	P2	dataset_artifact		TraceRCA artifacts	https://github.com/NetManAIOps/TraceRCA	not_established	HOLD_FOR_CLARIFICATION	public_repository; external_download_not_tested	hold_existing_license_or_release_uncertainty	True	True	not_reverified_this_execution; original card retained	none_by_dataset_agent		Đối chiếu giấy phép đúng phiên bản; ghi revision/ngày truy cập; chỉ sau đó tải mẫu nhỏ để kiểm tra schema và nhãn.
D013	MicroRank	P2	method_only		MicroRank	https://github.com/IntelligentDDS/MicroRank	code_only	REVIEW_STATED_TERMS_BEFORE_COLLECTION	public_method_repository; no_dataset_release_confirmed	method_or_platform_reference_no_dataset_download	True	True	not_reverified_this_execution; original card retained	none_by_dataset_agent		Đối chiếu giấy phép đúng phiên bản; ghi revision/ngày truy cập; chỉ sau đó tải mẫu nhỏ để kiểm tra schema và nhãn.
D014	CIRCA	P2	generation_platform		CIRCA	https://github.com/NetManAIOps/CIRCA	code_only	REVIEW_STATED_TERMS_BEFORE_COLLECTION	public_code_and_simulation_resources	method_or_platform_reference_no_dataset_download	True	True	not_reverified_this_execution; original card retained	none_by_dataset_agent		Đối chiếu giấy phép đúng phiên bản; ghi revision/ngày truy cập; chỉ sau đó tải mẫu nhỏ để kiểm tra schema và nhãn.
D015	Post-mortems Analysis	P1	dataset_artifact		Post-mortems Analysis	https://github.com/IntelligentDDS/Post-mortems-Analysis	not_established	HOLD_FOR_CLARIFICATION	public_repository_with_documents_and_annotations	hold_existing_license_or_release_uncertainty	True	True	not_reverified_this_execution; original card retained	none_by_dataset_agent		Đối chiếu giấy phép đúng phiên bản; ghi revision/ngày truy cập; chỉ sau đó tải mẫu nhỏ để kiểm tra schema và nhãn.
D016	Server Machine Dataset — OmniAnomaly	P3	dataset		Server Machine Dataset — OmniAnomaly	https://github.com/NetManAIOps/OmniAnomaly	repo_only_external_data_unclear	HOLD_FOR_CLARIFICATION	public_landing_and_file_or_download_listing; assets_not_tested	hold_existing_license_or_release_uncertainty	True	True	not_reverified_this_execution; original card retained	none_by_dataset_agent		Đối chiếu giấy phép đúng phiên bản; ghi revision/ngày truy cập; chỉ sau đó tải mẫu nhỏ để kiểm tra schema và nhãn.
D017	Telemanom — SMAP/MSL	P3	dataset_collection		Telemanom — SMAP/MSL	https://github.com/khundman/telemanom	repo_only_external_data_unclear	HOLD_FOR_CLARIFICATION	public_landing_and_file_or_download_listing; assets_not_tested	hold_existing_license_or_release_uncertainty	True	True	not_reverified_this_execution; original card retained	none_by_dataset_agent		Đối chiếu giấy phép đúng phiên bản; ghi revision/ngày truy cập; chỉ sau đó tải mẫu nhỏ để kiểm tra schema và nhãn.
D018	Numenta Anomaly Benchmark — NAB	P3	dataset_collection		Numenta Anomaly Benchmark — NAB	https://github.com/numenta/NAB	data_scope_unconfirmed	HOLD_FOR_CLARIFICATION	public_landing_and_file_or_download_listing; assets_not_tested	hold_existing_license_or_release_uncertainty	True	True	not_reverified_this_execution; original card retained	none_by_dataset_agent		Đối chiếu giấy phép đúng phiên bản; ghi revision/ngày truy cập; chỉ sau đó tải mẫu nhỏ để kiểm tra schema và nhãn.
D019	MSQA	P1	sample_dataset		MSQA	https://github.com/ModelInteraction/MSQA	not_established	HOLD_FOR_CLARIFICATION	public_sample_only; full_release_not_confirmed	hold_existing_license_or_release_uncertainty	True	True	not_reverified_this_execution; original card retained	none_by_dataset_agent		Đối chiếu giấy phép đúng phiên bản; ghi revision/ngày truy cập; chỉ sau đó tải mẫu nhỏ để kiểm tra schema và nhãn.
D020	OWL / Owl instruction resources	P2	sample_dataset		OWL / Owl instruction resources	https://github.com/HC-Guo/Owl	repo_only_external_data_unclear	HOLD_FOR_CLARIFICATION	public_repository_and_examples; full_dataset_not_confirmed	hold_existing_license_or_release_uncertainty	True	True	not_reverified_this_execution; original card retained	none_by_dataset_agent		Đối chiếu giấy phép đúng phiên bản; ghi revision/ngày truy cập; chỉ sau đó tải mẫu nhỏ để kiểm tra schema và nhãn.
D021	NetEval exam	P2	dataset		NetEval exam	https://huggingface.co/datasets/NASP/neteval-exam	explicit_dataset_card	REVIEW_STATED_TERMS_BEFORE_COLLECTION	public_landing_and_file_or_download_listing; assets_not_tested	defer_not_required_by_selected_MVP	True	True	not_reverified_this_execution; original card retained	none_by_dataset_agent		Đối chiếu giấy phép đúng phiên bản; ghi revision/ngày truy cập; chỉ sau đó tải mẫu nhỏ để kiểm tra schema và nhãn.
D022	RAGBench	P1	dataset_collection		RAGBench	https://huggingface.co/datasets/galileo-ai/ragbench	explicit_dataset_card	REVIEW_STATED_TERMS_BEFORE_COLLECTION	public_landing_and_file_or_download_listing; assets_not_tested	defer_not_required_by_selected_MVP	True	True	not_reverified_this_execution; original card retained	none_by_dataset_agent		Đối chiếu giấy phép đúng phiên bản; ghi revision/ngày truy cập; chỉ sau đó tải mẫu nhỏ để kiểm tra schema và nhãn.
D023	RGB	P1	dataset		RGB	https://github.com/chen700564/RGB	explicit_data_and_code	REVIEW_STATED_TERMS_BEFORE_COLLECTION	public_landing_and_file_or_download_listing; assets_not_tested	defer_not_required_by_selected_MVP	True	True	not_reverified_this_execution; original card retained	none_by_dataset_agent		Đối chiếu giấy phép đúng phiên bản; ghi revision/ngày truy cập; chỉ sau đó tải mẫu nhỏ để kiểm tra schema và nhãn.
D024	MultiHop-RAG	P1	dataset		MultiHop-RAG	https://github.com/yixuantt/MultiHop-RAG	explicit_dataset_license	REVIEW_STATED_TERMS_BEFORE_COLLECTION	public_landing_and_file_or_download_listing; assets_not_tested	defer_not_required_by_selected_MVP	True	True	primary repository documentation; per-file access state recorded; no raw data downloaded	none_by_dataset_agent	02_datasets/acquired/meta/catalog-review/primary-review.json	Đối chiếu giấy phép đúng phiên bản; ghi revision/ngày truy cập; chỉ sau đó tải mẫu nhỏ để kiểm tra schema và nhãn.
D025	CRUD-RAG	P2	dataset		CRUD-RAG	https://github.com/IAAR-Shanghai/CRUD_RAG	not_established	HOLD_FOR_CLARIFICATION	public_landing_and_file_or_download_listing; assets_not_tested	hold_existing_license_or_release_uncertainty	True	True	not_reverified_this_execution; original card retained	none_by_dataset_agent		Đối chiếu giấy phép đúng phiên bản; ghi revision/ngày truy cập; chỉ sau đó tải mẫu nhỏ để kiểm tra schema và nhãn.
D026	FeB4RAG	P2	dataset_artifact		FeB4RAG	https://github.com/ielab/FeB4RAG	repo_only_upstream_terms	REVIEW_UPSTREAM_AND_RELEASE	public_landing_and_file_or_download_listing; assets_not_tested	defer_not_required_by_selected_MVP	True	True	not_reverified_this_execution; original card retained	none_by_dataset_agent		Đối chiếu giấy phép đúng phiên bản; ghi revision/ngày truy cập; chỉ sau đó tải mẫu nhỏ để kiểm tra schema và nhãn.
D027	MTRAG	P0	dataset_collection		MTRAG	https://github.com/IBM/mt-rag-benchmark	repo_assets_with_upstream_caveat	REVIEW_UPSTREAM_AND_RELEASE	public_landing_and_file_or_download_listing; assets_not_tested	alternative_track_primary_metadata_see_research_artifacts	True	True	not_reverified_this_execution; original card retained	none_by_dataset_agent		Đối chiếu giấy phép đúng phiên bản; ghi revision/ngày truy cập; chỉ sau đó tải mẫu nhỏ để kiểm tra schema và nhãn.
D028	CRAG — Comprehensive RAG Benchmark	P2	dataset		CRAG — Comprehensive RAG Benchmark	https://github.com/facebookresearch/CRAG	explicit_dataset_license	REVIEW_STATED_TERMS_BEFORE_COLLECTION	public_landing_and_file_or_download_listing; assets_not_tested	defer_not_required_by_selected_MVP	True	True	not_reverified_this_execution; original card retained	none_by_dataset_agent		Đối chiếu giấy phép đúng phiên bản; ghi revision/ngày truy cập; chỉ sau đó tải mẫu nhỏ để kiểm tra schema và nhãn.
D029	FreshQA / FreshLLMs	P2	dataset		FreshQA / FreshLLMs	https://github.com/freshllms/freshqa	repo_assets_with_upstream_caveat	REVIEW_UPSTREAM_AND_RELEASE	public_repository; external_download_not_tested	defer_not_required_by_selected_MVP	True	True	not_reverified_this_execution; original card retained	none_by_dataset_agent		Đối chiếu giấy phép đúng phiên bản; ghi revision/ngày truy cập; chỉ sau đó tải mẫu nhỏ để kiểm tra schema và nhãn.
D030	NoMIRACL	P1	dataset		NoMIRACL	https://huggingface.co/datasets/miracl/nomiracl	explicit_card_with_upstream_caveat	REVIEW_UPSTREAM_AND_RELEASE	public_files; viewer_disabled_custom_loader	defer_not_required_by_selected_MVP	True	True	not_reverified_this_execution; original card retained	none_by_dataset_agent		Đối chiếu giấy phép đúng phiên bản; ghi revision/ngày truy cập; chỉ sau đó tải mẫu nhỏ để kiểm tra schema và nhãn.
D031	RAGEval / DragonBall resources	P2	generation_platform		RAGEval / DragonBall resources	https://github.com/OpenBMB/RAGEval	not_established	HOLD_FOR_CLARIFICATION	public_code_and_example_assets	method_or_platform_reference_no_dataset_download	True	True	not_reverified_this_execution; original card retained	none_by_dataset_agent		Đối chiếu giấy phép đúng phiên bản; ghi revision/ngày truy cập; chỉ sau đó tải mẫu nhỏ để kiểm tra schema và nhãn.
D032	TechQA	P0	dataset		TechQA	https://huggingface.co/datasets/PrimeQA/TechQA	explicit_dataset_card	REVIEW_STATED_TERMS_BEFORE_COLLECTION	public_file_listing; viewer_error; binary_not_downloaded	alternative_track_primary_metadata_see_research_artifacts	True	True	not_reverified_this_execution; original card retained	none_by_dataset_agent		Đối chiếu giấy phép đúng phiên bản; ghi revision/ngày truy cập; chỉ sau đó tải mẫu nhỏ để kiểm tra schema và nhãn.
D033	BRIGHT	P1	dataset_collection		BRIGHT	https://huggingface.co/datasets/xlangai/BRIGHT	explicit_dataset_card	REVIEW_STATED_TERMS_BEFORE_COLLECTION	public_landing_and_file_or_download_listing; assets_not_tested	defer_not_required_by_selected_MVP	True	True	not_reverified_this_execution; original card retained	none_by_dataset_agent		Đối chiếu giấy phép đúng phiên bản; ghi revision/ngày truy cập; chỉ sau đó tải mẫu nhỏ để kiểm tra schema và nhãn.
D034	BEIR	P2	dataset_collection		BEIR	https://github.com/beir-cellar/beir	heterogeneous_explicit_disclaimer	REVIEW_UPSTREAM_AND_RELEASE	public_landing_and_file_or_download_listing; assets_not_tested	defer_not_required_by_selected_MVP	True	True	not_reverified_this_execution; original card retained	none_by_dataset_agent		Đối chiếu giấy phép đúng phiên bản; ghi revision/ngày truy cập; chỉ sau đó tải mẫu nhỏ để kiểm tra schema và nhãn.
D035	MS MARCO	P2	dataset_collection		MS MARCO	https://microsoft.github.io/msmarco/	custom_research_terms	REVIEW_STATED_TERMS_BEFORE_COLLECTION	public_landing_and_file_or_download_listing; assets_not_tested	defer_not_required_by_selected_MVP	True	True	not_reverified_this_execution; original card retained	none_by_dataset_agent		Đối chiếu giấy phép đúng phiên bản; ghi revision/ngày truy cập; chỉ sau đó tải mẫu nhỏ để kiểm tra schema và nhãn.
D036	MIRACL	P2	dataset_collection		MIRACL	https://huggingface.co/datasets/miracl/miracl	explicit_card_with_upstream_caveat	REVIEW_UPSTREAM_AND_RELEASE	public_files; viewer_disabled_custom_loader	defer_not_required_by_selected_MVP	True	True	not_reverified_this_execution; original card retained	none_by_dataset_agent		Đối chiếu giấy phép đúng phiên bản; ghi revision/ngày truy cập; chỉ sau đó tải mẫu nhỏ để kiểm tra schema và nhãn.
D037	mMARCO	P2	derived_dataset		MS MARCO	https://github.com/unicamp-dl/mMARCO	upstream_restrictions_apply	REVIEW_UPSTREAM_AND_RELEASE	public_landing_and_file_or_download_listing; assets_not_tested	defer_not_required_by_selected_MVP	True	True	not_reverified_this_execution; original card retained	none_by_dataset_agent		Đối chiếu giấy phép đúng phiên bản; ghi revision/ngày truy cập; chỉ sau đó tải mẫu nhỏ để kiểm tra schema và nhãn.
D038	FRAMES	P2	dataset		FRAMES	https://huggingface.co/datasets/google/frames-benchmark	explicit_dataset_card	REVIEW_STATED_TERMS_BEFORE_COLLECTION	public_landing_and_file_or_download_listing; assets_not_tested	defer_not_required_by_selected_MVP	True	True	not_reverified_this_execution; original card retained	none_by_dataset_agent		Đối chiếu giấy phép đúng phiên bản; ghi revision/ngày truy cập; chỉ sau đó tải mẫu nhỏ để kiểm tra schema và nhãn.
D039	EnterpriseRAG-Bench	P2	dataset_artifact		EnterpriseRAG-Bench	https://github.com/onyx-dot-app/EnterpriseRAG-Bench	repo_assets_with_upstream_caveat	REVIEW_UPSTREAM_AND_RELEASE	public_landing_and_file_or_download_listing; assets_not_tested	defer_not_required_by_selected_MVP	True	True	not_reverified_this_execution; original card retained	none_by_dataset_agent		Đối chiếu giấy phép đúng phiên bản; ghi revision/ngày truy cập; chỉ sau đó tải mẫu nhỏ để kiểm tra schema và nhãn.
D040	MuSiQue	P2	dataset		MuSiQue	https://github.com/stonybrooknlp/musique	explicit_dataset_license	REVIEW_STATED_TERMS_BEFORE_COLLECTION	public_repository; external_download_not_tested	defer_not_required_by_selected_MVP	True	True	not_reverified_this_execution; original card retained	none_by_dataset_agent		Đối chiếu giấy phép đúng phiên bản; ghi revision/ngày truy cập; chỉ sau đó tải mẫu nhỏ để kiểm tra schema và nhãn.
D041	HotpotQA	P2	dataset		HotpotQA	https://hotpotqa.github.io/	explicit_dataset_license	REVIEW_STATED_TERMS_BEFORE_COLLECTION	public_landing_and_file_or_download_listing; assets_not_tested	defer_not_required_by_selected_MVP	True	True	not_reverified_this_execution; original card retained	none_by_dataset_agent		Đối chiếu giấy phép đúng phiên bản; ghi revision/ngày truy cập; chỉ sau đó tải mẫu nhỏ để kiểm tra schema và nhãn.
D042	ALCE evaluation artifacts	P1	dataset_artifact		ALCE evaluation artifacts	https://github.com/princeton-nlp/ALCE	repo_only_upstream_terms	REVIEW_UPSTREAM_AND_RELEASE	public_landing_and_file_or_download_listing; assets_not_tested	defer_not_required_by_selected_MVP	True	True	not_reverified_this_execution; original card retained	none_by_dataset_agent		Đối chiếu giấy phép đúng phiên bản; ghi revision/ngày truy cập; chỉ sau đó tải mẫu nhỏ để kiểm tra schema và nhãn.
D043	RAGTruth	P1	dataset		RAGTruth	https://github.com/ParticleMedia/RAGTruth	repo_assets_with_upstream_caveat	REVIEW_UPSTREAM_AND_RELEASE	public_landing_and_file_or_download_listing; assets_not_tested	defer_not_required_by_selected_MVP	True	True	primary repository documentation; per-file access state recorded; no raw data downloaded	none_by_dataset_agent	02_datasets/acquired/meta/catalog-review/primary-review.json	Đối chiếu giấy phép đúng phiên bản; ghi revision/ngày truy cập; chỉ sau đó tải mẫu nhỏ để kiểm tra schema và nhãn.
D044	CDQA	P3	dataset		CDQA	https://github.com/Alibaba-NLP/CDQA	not_established	HOLD_FOR_CLARIFICATION	public_landing_and_file_or_download_listing; assets_not_tested	hold_existing_license_or_release_uncertainty	True	True	not_reverified_this_execution; original card retained	none_by_dataset_agent		Đối chiếu giấy phép đúng phiên bản; ghi revision/ngày truy cập; chỉ sau đó tải mẫu nhỏ để kiểm tra schema và nhãn.
D045	KILT	P2	dataset_collection		KILT	https://github.com/facebookresearch/KILT	repo_only_upstream_terms	REVIEW_UPSTREAM_AND_RELEASE	public_landing_and_file_or_download_listing; assets_not_tested	defer_not_required_by_selected_MVP	True	True	not_reverified_this_execution; original card retained	none_by_dataset_agent		Đối chiếu giấy phép đúng phiên bản; ghi revision/ngày truy cập; chỉ sau đó tải mẫu nhỏ để kiểm tra schema và nhãn.
D046	SWE-bench	P3	dataset_collection		SWE-bench	https://github.com/swe-bench/SWE-bench	repo_assets_with_upstream_caveat	REVIEW_UPSTREAM_AND_RELEASE	public_landing_and_file_or_download_listing; assets_not_tested	defer_not_required_by_selected_MVP	True	True	not_reverified_this_execution; original card retained	none_by_dataset_agent		Đối chiếu giấy phép đúng phiên bản; ghi revision/ngày truy cập; chỉ sau đó tải mẫu nhỏ để kiểm tra schema và nhãn.
D047	Google cluster traces	P3	dataset_collection		Google cluster traces	https://github.com/google/cluster-data	explicit_data_terms	REVIEW_STATED_TERMS_BEFORE_COLLECTION	public_landing_and_file_or_download_listing; assets_not_tested	defer_not_required_by_selected_MVP	True	True	not_reverified_this_execution; original card retained	none_by_dataset_agent		Đối chiếu giấy phép đúng phiên bản; ghi revision/ngày truy cập; chỉ sau đó tải mẫu nhỏ để kiểm tra schema và nhãn.
D048	Alibaba cluster traces	P3	dataset_collection		Alibaba cluster traces	https://github.com/alibaba/clusterdata	not_established	HOLD_FOR_CLARIFICATION	public_landing_and_file_or_download_listing; assets_not_tested	hold_existing_license_or_release_uncertainty	True	True	not_reverified_this_execution; original card retained	none_by_dataset_agent		Đối chiếu giấy phép đúng phiên bản; ghi revision/ngày truy cập; chỉ sau đó tải mẫu nhỏ để kiểm tra schema và nhãn.
D049	Azure public traces	P3	dataset_collection		Azure public traces	https://github.com/Azure/AzurePublicDataset	explicit_separate_data_code	REVIEW_STATED_TERMS_BEFORE_COLLECTION	public_landing_and_file_or_download_listing; assets_not_tested	defer_not_required_by_selected_MVP	True	True	not_reverified_this_execution; original card retained	none_by_dataset_agent		Đối chiếu giấy phép đúng phiên bản; ghi revision/ngày truy cập; chỉ sau đó tải mẫu nhỏ để kiểm tra schema và nhãn.
D050	Yahoo Webscope S5	P3	dataset_release_access_unconfirmed		Yahoo Webscope S5	https://webscope.sandbox.yahoo.com/catalog.php?datatype=s&did=70	not_established	HOLD_FOR_CLARIFICATION	landing_blocked_in_audit; access_requirements_unconfirmed	hold_existing_license_or_release_uncertainty	True	True	not_reverified_this_execution; original card retained	none_by_dataset_agent		Đối chiếu giấy phép đúng phiên bản; ghi revision/ngày truy cập; chỉ sau đó tải mẫu nhỏ để kiểm tra schema và nhãn.
D051	ITBench-Lite	P0	dataset_collection		ITBench	https://huggingface.co/datasets/ibm-research/ITBench-Lite	explicit_dataset_card	REVIEW_STATED_TERMS_BEFORE_COLLECTION	public_landing_and_file_or_download_listing; assets_not_tested	alternative_track_primary_metadata_see_research_artifacts	True	True	not_reverified_this_execution; original card retained	none_by_dataset_agent		Đối chiếu giấy phép đúng phiên bản; ghi revision/ngày truy cập; chỉ sau đó tải mẫu nhỏ để kiểm tra schema và nhãn.
D052	ITBench framework	P2	generation_platform		ITBench	https://github.com/itbench-hub/ITBench	code_only	REVIEW_STATED_TERMS_BEFORE_COLLECTION	public_platform_repository	method_or_platform_reference_no_dataset_download	True	True	not_reverified_this_execution; original card retained	none_by_dataset_agent		Đối chiếu giấy phép đúng phiên bản; ghi revision/ngày truy cập; chỉ sau đó tải mẫu nhỏ để kiểm tra schema và nhãn.
D053	AIOpsLab	P2	generation_platform		AIOpsLab	https://github.com/microsoft/AIOpsLab	code_only	REVIEW_STATED_TERMS_BEFORE_COLLECTION	public_platform_repository	method_or_platform_reference_no_dataset_download	True	True	not_reverified_this_execution; original card retained	none_by_dataset_agent		Đối chiếu giấy phép đúng phiên bản; ghi revision/ngày truy cập; chỉ sau đó tải mẫu nhỏ để kiểm tra schema và nhãn.
D054	OpenTelemetry Demo	P2	generation_platform		OpenTelemetry Demo	https://github.com/open-telemetry/opentelemetry-demo	code_only	REVIEW_STATED_TERMS_BEFORE_COLLECTION	public_demo_repository	method_or_platform_reference_no_dataset_download	True	True	not_reverified_this_execution; original card retained	none_by_dataset_agent		Đối chiếu giấy phép đúng phiên bản; ghi revision/ngày truy cập; chỉ sau đó tải mẫu nhỏ để kiểm tra schema và nhãn.
D055	DeathStarBench	P3	generation_platform		DeathStarBench	https://github.com/delimitrou/DeathStarBench	conflict	HOLD_FOR_CLARIFICATION	public_repository; code_license_conflict	method_or_platform_reference_no_dataset_download	True	True	not_reverified_this_execution; original card retained	none_by_dataset_agent		Đối chiếu giấy phép đúng phiên bản; ghi revision/ngày truy cập; chỉ sau đó tải mẫu nhỏ để kiểm tra schema và nhãn.
D056	Train Ticket application	P2	generation_platform		Train Ticket application	https://github.com/FudanSELab/train-ticket	code_only	REVIEW_STATED_TERMS_BEFORE_COLLECTION	public_application_repository	method_or_platform_reference_no_dataset_download	True	True	not_reverified_this_execution; original card retained	none_by_dataset_agent		Đối chiếu giấy phép đúng phiên bản; ghi revision/ngày truy cập; chỉ sau đó tải mẫu nhỏ để kiểm tra schema và nhãn.
D057	Online Boutique application	P2	generation_platform		Online Boutique application	https://github.com/GoogleCloudPlatform/microservices-demo	code_only	REVIEW_STATED_TERMS_BEFORE_COLLECTION	public_application_repository	method_or_platform_reference_no_dataset_download	True	True	not_reverified_this_execution; original card retained	none_by_dataset_agent		Đối chiếu giấy phép đúng phiên bản; ghi revision/ngày truy cập; chỉ sau đó tải mẫu nhỏ để kiểm tra schema và nhãn.
D058	Kubernetes troubleshooting documentation	P0	corpus_to_collect		Kubernetes troubleshooting documentation	https://kubernetes.io/docs/tasks/debug/	explicit_documentation_license	REVIEW_STATED_TERMS_BEFORE_COLLECTION	public_documentation_pages	selected_KB_see_knowledge_corpus_artifacts	True	True	not_reverified_this_execution; original card retained	none_by_dataset_agent		Đối chiếu giấy phép đúng phiên bản; ghi revision/ngày truy cập; chỉ sau đó tải mẫu nhỏ để kiểm tra schema và nhãn.
D059	Prometheus Operator runbooks	P0	corpus_to_collect		Prometheus Operator runbooks	https://github.com/prometheus-operator/runbooks	repo_assets_license	REVIEW_STATED_TERMS_BEFORE_COLLECTION	public_repository_and_runbook_site	selected_KB_see_knowledge_corpus_artifacts	True	True	not_reverified_this_execution; original card retained	none_by_dataset_agent		Đối chiếu giấy phép đúng phiên bản; ghi revision/ngày truy cập; chỉ sau đó tải mẫu nhỏ để kiểm tra schema và nhãn.
D060	Google SRE workbook	P3	corpus_access_unconfirmed		Google SRE workbook	https://sre.google/workbook/	not_established	HOLD_FOR_CLARIFICATION	landing_blocked_in_audit	hold_existing_license_or_release_uncertainty	True	True	not_reverified_this_execution; original card retained	none_by_dataset_agent		Đối chiếu giấy phép đúng phiên bản; ghi revision/ngày truy cập; chỉ sau đó tải mẫu nhỏ để kiểm tra schema và nhãn.
D061	Google Cloud incident history	P1	corpus_to_collect		Google Cloud incident history	https://status.cloud.google.com/summary	publisher_terms_review_required	HOLD_FOR_CLARIFICATION	public_history_landing	hold_existing_license_or_release_uncertainty	True	True	not_reverified_this_execution; original card retained	none_by_dataset_agent		Đối chiếu giấy phép đúng phiên bản; ghi revision/ngày truy cập; chỉ sau đó tải mẫu nhỏ để kiểm tra schema và nhãn.
D062	AWS post-event summaries	P1	corpus_to_collect		AWS post-event summaries	https://aws.amazon.com/premiumsupport/technology/pes/	publisher_terms_review_required	HOLD_FOR_CLARIFICATION	public_postevent_landing	hold_existing_license_or_release_uncertainty	True	True	not_reverified_this_execution; original card retained	none_by_dataset_agent		Đối chiếu giấy phép đúng phiên bản; ghi revision/ngày truy cập; chỉ sau đó tải mẫu nhỏ để kiểm tra schema và nhãn.
D063	Cloudflare postmortems	P1	corpus_to_collect		Cloudflare postmortems	https://blog.cloudflare.com/tag/post-mortem/	publisher_terms_review_required	HOLD_FOR_CLARIFICATION	public_tag_landing	hold_existing_license_or_release_uncertainty	True	True	not_reverified_this_execution; original card retained	none_by_dataset_agent		Đối chiếu giấy phép đúng phiên bản; ghi revision/ngày truy cập; chỉ sau đó tải mẫu nhỏ để kiểm tra schema và nhãn.
D064	GitHub status history	P2	corpus_to_collect		GitHub status history	https://www.githubstatus.com/history	publisher_terms_review_required	HOLD_FOR_CLARIFICATION	public_history_landing	hold_existing_license_or_release_uncertainty	True	True	not_reverified_this_execution; original card retained	none_by_dataset_agent		Đối chiếu giấy phép đúng phiên bản; ghi revision/ngày truy cập; chỉ sau đó tải mẫu nhỏ để kiểm tra schema và nhãn.
D065	RCAEval RE1-OB — Online Boutique	P1	subset	D001	RCAEval	https://github.com/phamquiluan/RCAEval	explicit_data_and_code	REVIEW_STATED_TERMS_BEFORE_COLLECTION	public_landing_and_file_or_download_listing; assets_not_tested	defer_subset_not_selected_do_not_count_independently	True	True	author-pinned-HF-index-release-and-license-verified	none_by_dataset_agent	02_datasets/acquired/meta/source-registry.json	Đối chiếu giấy phép đúng phiên bản; ghi revision/ngày truy cập; chỉ sau đó tải mẫu nhỏ để kiểm tra schema và nhãn.
D066	RCAEval RE1-SS — Sock Shop	P1	subset	D001	RCAEval	https://github.com/phamquiluan/RCAEval	explicit_data_and_code	REVIEW_STATED_TERMS_BEFORE_COLLECTION	public_landing_and_file_or_download_listing; assets_not_tested	defer_subset_not_selected_do_not_count_independently	True	True	author-pinned-HF-index-release-and-license-verified	none_by_dataset_agent	02_datasets/acquired/meta/source-registry.json	Đối chiếu giấy phép đúng phiên bản; ghi revision/ngày truy cập; chỉ sau đó tải mẫu nhỏ để kiểm tra schema và nhãn.
D067	RCAEval RE1-TT — Train Ticket	P1	subset	D001	RCAEval	https://github.com/phamquiluan/RCAEval	explicit_data_and_code	REVIEW_STATED_TERMS_BEFORE_COLLECTION	public_landing_and_file_or_download_listing; assets_not_tested	defer_subset_not_selected_do_not_count_independently	True	True	author-pinned-HF-index-release-and-license-verified	none_by_dataset_agent	02_datasets/acquired/meta/source-registry.json	Đối chiếu giấy phép đúng phiên bản; ghi revision/ngày truy cập; chỉ sau đó tải mẫu nhỏ để kiểm tra schema và nhãn.
D068	RCAEval RE2-OB — Online Boutique	P0	subset	D001	RCAEval	https://github.com/phamquiluan/RCAEval	explicit_data_and_code	REVIEW_STATED_TERMS_BEFORE_COLLECTION	public_landing_and_file_or_download_listing; assets_not_tested	selected_main_complete	True	True	author-pinned-HF-index-release-and-license-verified	90 complete cases	02_datasets/acquired/meta/source-registry.json	human relevance mapping and blinded qrel annotation; no invented labels
D069	RCAEval RE2-SS — Sock Shop	P1	subset	D001	RCAEval	https://github.com/phamquiluan/RCAEval	explicit_data_and_code	REVIEW_STATED_TERMS_BEFORE_COLLECTION	public_landing_and_file_or_download_listing; assets_not_tested	defer_subset_not_selected_do_not_count_independently	True	True	author-pinned-HF-index-release-and-license-verified	none_by_dataset_agent	02_datasets/acquired/meta/source-registry.json	Đối chiếu giấy phép đúng phiên bản; ghi revision/ngày truy cập; chỉ sau đó tải mẫu nhỏ để kiểm tra schema và nhãn.
D070	RCAEval RE2-TT — Train Ticket	P1	subset	D001	RCAEval	https://github.com/phamquiluan/RCAEval	explicit_data_and_code	REVIEW_STATED_TERMS_BEFORE_COLLECTION	public_landing_and_file_or_download_listing; assets_not_tested	metadata_only_cross_system_reserve	True	True	author-pinned-HF-index-release-and-license-verified	none_by_dataset_agent	02_datasets/acquired/meta/source-registry.json	Hold full telemetry (1965747924 bytes); before cross-system evaluation inspect one missing file/modality in 359-file index and freeze pipeline.
D071	RCAEval RE3-OB — Online Boutique	P1	subset	D001	RCAEval	https://github.com/phamquiluan/RCAEval	explicit_data_and_code	REVIEW_STATED_TERMS_BEFORE_COLLECTION	public_landing_and_file_or_download_listing; assets_not_tested	defer_subset_not_selected_do_not_count_independently	True	True	author-pinned-HF-index-release-and-license-verified	none_by_dataset_agent	02_datasets/acquired/meta/source-registry.json	Đối chiếu giấy phép đúng phiên bản; ghi revision/ngày truy cập; chỉ sau đó tải mẫu nhỏ để kiểm tra schema và nhãn.
D072	RCAEval RE3-SS — Sock Shop	P1	subset	D001	RCAEval	https://github.com/phamquiluan/RCAEval	explicit_data_and_code	REVIEW_STATED_TERMS_BEFORE_COLLECTION	public_landing_and_file_or_download_listing; assets_not_tested	defer_subset_not_selected_do_not_count_independently	True	True	author-pinned-HF-index-release-and-license-verified	none_by_dataset_agent	02_datasets/acquired/meta/source-registry.json	Đối chiếu giấy phép đúng phiên bản; ghi revision/ngày truy cập; chỉ sau đó tải mẫu nhỏ để kiểm tra schema và nhãn.
D073	RCAEval RE3-TT — Train Ticket	P1	subset	D001	RCAEval	https://github.com/phamquiluan/RCAEval	explicit_data_and_code	REVIEW_STATED_TERMS_BEFORE_COLLECTION	public_landing_and_file_or_download_listing; assets_not_tested	defer_subset_not_selected_do_not_count_independently	True	True	author-pinned-HF-index-release-and-license-verified	none_by_dataset_agent	02_datasets/acquired/meta/source-registry.json	Đối chiếu giấy phép đúng phiên bản; ghi revision/ngày truy cập; chỉ sau đó tải mẫu nhỏ để kiểm tra schema và nhãn.
D074	Loghub / HDFS_v1	P1	subset	D005	Loghub	https://github.com/logpai/loghub	custom_research_terms	REVIEW_STATED_TERMS_BEFORE_COLLECTION	public_landing_and_file_or_download_listing; assets_not_tested	defer_subset_not_selected_do_not_count_independently	True	True	not_reverified_this_execution; original card retained	none_by_dataset_agent		Đối chiếu giấy phép đúng phiên bản; ghi revision/ngày truy cập; chỉ sau đó tải mẫu nhỏ để kiểm tra schema và nhãn.
D075	Loghub / HDFS_v2	P2	subset	D005	Loghub	https://github.com/logpai/loghub	custom_research_terms	REVIEW_STATED_TERMS_BEFORE_COLLECTION	public_landing_and_file_or_download_listing; assets_not_tested	defer_subset_not_selected_do_not_count_independently	True	True	not_reverified_this_execution; original card retained	none_by_dataset_agent		Đối chiếu giấy phép đúng phiên bản; ghi revision/ngày truy cập; chỉ sau đó tải mẫu nhỏ để kiểm tra schema và nhãn.
D076	Loghub / HDFS_v3_TraceBench	P2	subset	D005	Loghub	https://github.com/logpai/loghub	custom_research_terms	REVIEW_STATED_TERMS_BEFORE_COLLECTION	public_landing_and_file_or_download_listing; assets_not_tested	defer_subset_not_selected_do_not_count_independently	True	True	not_reverified_this_execution; original card retained	none_by_dataset_agent		Đối chiếu giấy phép đúng phiên bản; ghi revision/ngày truy cập; chỉ sau đó tải mẫu nhỏ để kiểm tra schema và nhãn.
D077	Loghub / Hadoop	P2	subset	D005	Loghub	https://github.com/logpai/loghub	custom_research_terms	REVIEW_STATED_TERMS_BEFORE_COLLECTION	public_landing_and_file_or_download_listing; assets_not_tested	defer_subset_not_selected_do_not_count_independently	True	True	not_reverified_this_execution; original card retained	none_by_dataset_agent		Đối chiếu giấy phép đúng phiên bản; ghi revision/ngày truy cập; chỉ sau đó tải mẫu nhỏ để kiểm tra schema và nhãn.
D078	Loghub / Spark	P2	subset	D005	Loghub	https://github.com/logpai/loghub	custom_research_terms	REVIEW_STATED_TERMS_BEFORE_COLLECTION	public_landing_and_file_or_download_listing; assets_not_tested	defer_subset_not_selected_do_not_count_independently	True	True	not_reverified_this_execution; original card retained	none_by_dataset_agent		Đối chiếu giấy phép đúng phiên bản; ghi revision/ngày truy cập; chỉ sau đó tải mẫu nhỏ để kiểm tra schema và nhãn.
D079	Loghub / Zookeeper	P2	subset	D005	Loghub	https://github.com/logpai/loghub	custom_research_terms	REVIEW_STATED_TERMS_BEFORE_COLLECTION	public_landing_and_file_or_download_listing; assets_not_tested	defer_subset_not_selected_do_not_count_independently	True	True	not_reverified_this_execution; original card retained	none_by_dataset_agent		Đối chiếu giấy phép đúng phiên bản; ghi revision/ngày truy cập; chỉ sau đó tải mẫu nhỏ để kiểm tra schema và nhãn.
D080	Loghub / OpenStack	P1	subset	D005	Loghub	https://github.com/logpai/loghub	custom_research_terms	REVIEW_STATED_TERMS_BEFORE_COLLECTION	public_landing_and_file_or_download_listing; assets_not_tested	defer_subset_not_selected_do_not_count_independently	True	True	not_reverified_this_execution; original card retained	none_by_dataset_agent		Đối chiếu giấy phép đúng phiên bản; ghi revision/ngày truy cập; chỉ sau đó tải mẫu nhỏ để kiểm tra schema và nhãn.
D081	Loghub / BGL	P1	subset	D005	Loghub	https://github.com/logpai/loghub	custom_research_terms	REVIEW_STATED_TERMS_BEFORE_COLLECTION	public_landing_and_file_or_download_listing; assets_not_tested	defer_subset_not_selected_do_not_count_independently	True	True	not_reverified_this_execution; original card retained	none_by_dataset_agent		Đối chiếu giấy phép đúng phiên bản; ghi revision/ngày truy cập; chỉ sau đó tải mẫu nhỏ để kiểm tra schema và nhãn.
D082	Loghub / HPC	P2	subset	D005	Loghub	https://github.com/logpai/loghub	custom_research_terms	REVIEW_STATED_TERMS_BEFORE_COLLECTION	public_landing_and_file_or_download_listing; assets_not_tested	defer_subset_not_selected_do_not_count_independently	True	True	not_reverified_this_execution; original card retained	none_by_dataset_agent		Đối chiếu giấy phép đúng phiên bản; ghi revision/ngày truy cập; chỉ sau đó tải mẫu nhỏ để kiểm tra schema và nhãn.
D083	Loghub / Thunderbird	P2	subset	D005	Loghub	https://github.com/logpai/loghub	custom_research_terms	REVIEW_STATED_TERMS_BEFORE_COLLECTION	public_landing_and_file_or_download_listing; assets_not_tested	defer_subset_not_selected_do_not_count_independently	True	True	not_reverified_this_execution; original card retained	none_by_dataset_agent		Đối chiếu giấy phép đúng phiên bản; ghi revision/ngày truy cập; chỉ sau đó tải mẫu nhỏ để kiểm tra schema và nhãn.
D084	Loghub / Windows	P2	subset	D005	Loghub	https://github.com/logpai/loghub	custom_research_terms	REVIEW_STATED_TERMS_BEFORE_COLLECTION	public_landing_and_file_or_download_listing; assets_not_tested	defer_subset_not_selected_do_not_count_independently	True	True	not_reverified_this_execution; original card retained	none_by_dataset_agent		Đối chiếu giấy phép đúng phiên bản; ghi revision/ngày truy cập; chỉ sau đó tải mẫu nhỏ để kiểm tra schema và nhãn.
D085	Loghub / Linux	P2	subset	D005	Loghub	https://github.com/logpai/loghub	custom_research_terms	REVIEW_STATED_TERMS_BEFORE_COLLECTION	public_landing_and_file_or_download_listing; assets_not_tested	defer_subset_not_selected_do_not_count_independently	True	True	not_reverified_this_execution; original card retained	none_by_dataset_agent		Đối chiếu giấy phép đúng phiên bản; ghi revision/ngày truy cập; chỉ sau đó tải mẫu nhỏ để kiểm tra schema và nhãn.
D086	Loghub / Mac	P2	subset	D005	Loghub	https://github.com/logpai/loghub	custom_research_terms	REVIEW_STATED_TERMS_BEFORE_COLLECTION	public_landing_and_file_or_download_listing; assets_not_tested	defer_subset_not_selected_do_not_count_independently	True	True	not_reverified_this_execution; original card retained	none_by_dataset_agent		Đối chiếu giấy phép đúng phiên bản; ghi revision/ngày truy cập; chỉ sau đó tải mẫu nhỏ để kiểm tra schema và nhãn.
D087	Loghub / Android_v1	P2	subset	D005	Loghub	https://github.com/logpai/loghub	custom_research_terms	REVIEW_STATED_TERMS_BEFORE_COLLECTION	public_landing_and_file_or_download_listing; assets_not_tested	defer_subset_not_selected_do_not_count_independently	True	True	not_reverified_this_execution; original card retained	none_by_dataset_agent		Đối chiếu giấy phép đúng phiên bản; ghi revision/ngày truy cập; chỉ sau đó tải mẫu nhỏ để kiểm tra schema và nhãn.
D088	Loghub / Android_v2	P2	subset	D005	Loghub	https://github.com/logpai/loghub	custom_research_terms	REVIEW_STATED_TERMS_BEFORE_COLLECTION	public_landing_and_file_or_download_listing; assets_not_tested	defer_subset_not_selected_do_not_count_independently	True	True	not_reverified_this_execution; original card retained	none_by_dataset_agent		Đối chiếu giấy phép đúng phiên bản; ghi revision/ngày truy cập; chỉ sau đó tải mẫu nhỏ để kiểm tra schema và nhãn.
D089	Loghub / HealthApp	P2	subset	D005	Loghub	https://github.com/logpai/loghub	custom_research_terms	REVIEW_STATED_TERMS_BEFORE_COLLECTION	public_landing_and_file_or_download_listing; assets_not_tested	defer_subset_not_selected_do_not_count_independently	True	True	not_reverified_this_execution; original card retained	none_by_dataset_agent		Đối chiếu giấy phép đúng phiên bản; ghi revision/ngày truy cập; chỉ sau đó tải mẫu nhỏ để kiểm tra schema và nhãn.
D090	Loghub / Apache	P1	subset	D005	Loghub	https://github.com/logpai/loghub	custom_research_terms	REVIEW_STATED_TERMS_BEFORE_COLLECTION	public_landing_and_file_or_download_listing; assets_not_tested	defer_subset_not_selected_do_not_count_independently	True	True	not_reverified_this_execution; original card retained	none_by_dataset_agent		Đối chiếu giấy phép đúng phiên bản; ghi revision/ngày truy cập; chỉ sau đó tải mẫu nhỏ để kiểm tra schema và nhãn.
D091	Loghub / OpenSSH	P2	subset	D005	Loghub	https://github.com/logpai/loghub	custom_research_terms	REVIEW_STATED_TERMS_BEFORE_COLLECTION	public_landing_and_file_or_download_listing; assets_not_tested	defer_subset_not_selected_do_not_count_independently	True	True	not_reverified_this_execution; original card retained	none_by_dataset_agent		Đối chiếu giấy phép đúng phiên bản; ghi revision/ngày truy cập; chỉ sau đó tải mẫu nhỏ để kiểm tra schema và nhãn.
D092	Loghub / Proxifier	P2	subset	D005	Loghub	https://github.com/logpai/loghub	custom_research_terms	REVIEW_STATED_TERMS_BEFORE_COLLECTION	public_landing_and_file_or_download_listing; assets_not_tested	defer_subset_not_selected_do_not_count_independently	True	True	not_reverified_this_execution; original card retained	none_by_dataset_agent		Đối chiếu giấy phép đúng phiên bản; ghi revision/ngày truy cập; chỉ sau đó tải mẫu nhỏ để kiểm tra schema và nhãn.
D093	LEMMA-RCA / Product Review	P1	subset	D004	LEMMA-RCA	https://lemma-rca.github.io/	conflict	HOLD_FOR_CLARIFICATION	public_dataset_cards; license_conflict_blocks_release_decision	hold_existing_license_or_release_uncertainty	True	True	not_reverified_this_execution; original card retained	none_by_dataset_agent		Đối chiếu giấy phép đúng phiên bản; ghi revision/ngày truy cập; chỉ sau đó tải mẫu nhỏ để kiểm tra schema và nhãn.
D094	LEMMA-RCA / Cloud Computing	P1	subset	D004	LEMMA-RCA	https://lemma-rca.github.io/	conflict	HOLD_FOR_CLARIFICATION	public_dataset_cards; license_conflict_blocks_release_decision	hold_existing_license_or_release_uncertainty	True	True	not_reverified_this_execution; original card retained	none_by_dataset_agent		Đối chiếu giấy phép đúng phiên bản; ghi revision/ngày truy cập; chỉ sau đó tải mẫu nhỏ để kiểm tra schema và nhãn.
D095	LEMMA-RCA / Water Treatment	P3	subset	D004	LEMMA-RCA	https://lemma-rca.github.io/	conflict	HOLD_FOR_CLARIFICATION	public_dataset_cards; license_conflict_blocks_release_decision	hold_existing_license_or_release_uncertainty	True	True	not_reverified_this_execution; original card retained	none_by_dataset_agent		Đối chiếu giấy phép đúng phiên bản; ghi revision/ngày truy cập; chỉ sau đó tải mẫu nhỏ để kiểm tra schema và nhãn.
D096	LEMMA-RCA / Water Distribution	P3	subset	D004	LEMMA-RCA	https://lemma-rca.github.io/	conflict	HOLD_FOR_CLARIFICATION	public_dataset_cards; license_conflict_blocks_release_decision	hold_existing_license_or_release_uncertainty	True	True	not_reverified_this_execution; original card retained	none_by_dataset_agent		Đối chiếu giấy phép đúng phiên bản; ghi revision/ngày truy cập; chỉ sau đó tải mẫu nhỏ để kiểm tra schema và nhãn.
D097	OpenRCA / Telecom	P1	subset	D002	OpenRCA	https://github.com/microsoft/OpenRCA	repo_only_external_data_unclear	HOLD_FOR_CLARIFICATION	public_repository; external_download_not_tested	hold_existing_license_or_release_uncertainty	True	True	not_reverified_this_execution; original card retained	none_by_dataset_agent		Đối chiếu giấy phép đúng phiên bản; ghi revision/ngày truy cập; chỉ sau đó tải mẫu nhỏ để kiểm tra schema và nhãn.
D098	OpenRCA / Bank	P1	subset	D002	OpenRCA	https://github.com/microsoft/OpenRCA	repo_only_external_data_unclear	HOLD_FOR_CLARIFICATION	public_repository; external_download_not_tested	hold_existing_license_or_release_uncertainty	True	True	not_reverified_this_execution; original card retained	none_by_dataset_agent		Đối chiếu giấy phép đúng phiên bản; ghi revision/ngày truy cập; chỉ sau đó tải mẫu nhỏ để kiểm tra schema và nhãn.
D099	OpenRCA / Market	P1	subset	D002	OpenRCA	https://github.com/microsoft/OpenRCA	repo_only_external_data_unclear	HOLD_FOR_CLARIFICATION	public_repository; external_download_not_tested	hold_existing_license_or_release_uncertainty	True	True	not_reverified_this_execution; original card retained	none_by_dataset_agent		Đối chiếu giấy phép đúng phiên bản; ghi revision/ngày truy cập; chỉ sau đó tải mẫu nhỏ để kiểm tra schema và nhãn.
D100	MTRAG-UN	P1	benchmark_version	D027	MTRAG	https://github.com/IBM/mt-rag-benchmark	repo_assets_with_upstream_caveat	REVIEW_UPSTREAM_AND_RELEASE	public_landing_and_file_or_download_listing; assets_not_tested	defer_not_required_by_selected_MVP	True	True	not_reverified_this_execution; original card retained	none_by_dataset_agent		Đối chiếu giấy phép đúng phiên bản; ghi revision/ngày truy cập; chỉ sau đó tải mẫu nhỏ để kiểm tra schema và nhãn.
D101	ITBench-Lite / SRE	P0	subset	D051	ITBench-Lite	https://huggingface.co/datasets/ibm-research/ITBench-Lite	explicit_dataset_card	REVIEW_STATED_TERMS_BEFORE_COLLECTION	public_landing_and_file_or_download_listing; assets_not_tested	alternative_track_primary_metadata_see_research_artifacts	True	True	not_reverified_this_execution; original card retained	none_by_dataset_agent		Đối chiếu giấy phép đúng phiên bản; ghi revision/ngày truy cập; chỉ sau đó tải mẫu nhỏ để kiểm tra schema và nhãn.
D102	MTRAG / Cloud corpus	P0	subset	D027	MTRAG	https://github.com/IBM/mt-rag-benchmark	repo_assets_with_upstream_caveat	REVIEW_UPSTREAM_AND_RELEASE	public_landing_and_file_or_download_listing; assets_not_tested	alternative_track_primary_metadata_see_research_artifacts	True	True	not_reverified_this_execution; original card retained	none_by_dataset_agent		Đối chiếu giấy phép đúng phiên bản; ghi revision/ngày truy cập; chỉ sau đó tải mẫu nhỏ để kiểm tra schema và nhãn.
